event_date,year,event_type,sub_event_type,actor1,actor2,country,admin1,notes,fatalities,PERIODO
2019-04-17,2019,Strategic developments,Change to group/activity,Military Forces of North Korea (2011-),,North Korea,North Pyongan,"On 17 April 2019, North Korea tested a new tactical weapon with President Kim Jong-Un's supervision. According to a U.S. think tank, activity had been detected around Nyongbyon. It marked the first weapon test after a summit between Kim and US President Trump.",0,2019-Q2
2019-12-07,2019,Strategic developments,Change to group/activity,Military Forces of North Korea (2011-),,North Korea,North Pyongan,"On 7 December 2019, according to South Korean officials North Korean military forces conducted a burn test of a rocket engine at the Sohae Satellite Launching Station in in Tongch'ang-ri, Pyeongbuk-do. North Korea had last conducted such a test in March 2017.",0,2019-Q4
2019-12-13,2019,Strategic developments,Change to group/activity,Military Forces of North Korea (2011-),,North Korea,North Pyongan,"On 13 December 2019, North Korean military forces conducted an ICBM engine test at the Sohae Satellite Launching Station in Tongch'ang-ri, Pyeongbuk-do.",0,2019-Q4
2020-08-20,2020,Strategic developments,Change to group/activity,Government of North Korea (2011-),,North Korea,Ryanggang,"On 20 August 2020, two North Korean women living in China were caught crossing into North Korea near Samjiyon in Ryanggang Province. As a result, the border cities of Samjiyon and Hyesan were locked down due to fears that the women may test positive for coronavirus.",0,2020-Q3
2019-03-29,2019,Strategic developments,Change to group/activity,Military Forces of North Korea (2011-),,North Korea,North Pyongan,"Around 29 March 2019 (as reported), according to South Korean intelligence agencies, North Korea almost completed restoring a part of the Dongchang-ri nuclear missile launch site (Tongchang-ri missile engine test site in Cholsan County, North Pyongan Province, also known as the Sohae Satellite Launching Station) although it partially dismantled last year as part of disarmament steps.",0,2019-Q1
2020-10-15,2020,Strategic developments,Disrupted weapons use,Military Forces of North Korea (2011-),,North Korea,Ryanggang,"Detonation: Around 15 October 2020 (month of), an anonymous source reported that soldiers of the 25th border guard brigade and Special Forces were injured in an explosion while laying landmines along the northern border in Ryanggang Province (coded as Hyesan City) in an attempt to stop border crossings during the coronavirus pandemic. In mid-October 2020, one Special Forces soldier died and three more were injured in a similar project along Ryanggang Province border due to insufficient field training.",1,2020-Q4
2020-11-08,2020,Strategic developments,Disrupted weapons use,Military Forces of North Korea (2011-),,North Korea,Ryanggang,"Detonation: On 8 November 2020, an anonymous source reported that one North Korean officer was killed and another soldier maimed in an explosion while inspecting landmines along the northern border in Ryanggang Province (coded as Hyesan City) in an attempt to stop border crossings during the coronavirus pandemic.",1,2020-Q4
2020-08-02,2020,Strategic developments,Change to group/activity,Military Forces of North Korea (2011-),,North Korea,Ryanggang,"Change to armed group: On 2 August 2020, North Korea deployed 1,500 troopers from its 11th Corps - a special anti-terrorism unit - to the Chinese border in Ryanggang Province near Hyesan City to strengthen enforcement along the border due to coronavirus concerns. Sources within North Korea increased the estimate to 3,000 troopers in both Ryanggang and North Hamgyong Provinces by 13 August 2020.",0,2020-Q3
2020-08-15,2020,Strategic developments,Looting/property destruction,Military Forces of North Korea (2011-),Civilians (North Korea),North Korea,North Hwanghae,"Around 15 August 2020 (month of), North Korea ordered all military units to focus on rebuilding areas damaged by flooding from typhoons instead of participating in summer training exercises. Anonymous sources within North Korea report that soldiers deployed to Unpha County in North Hwanghae Province for recovery efforts are stealing from locals, pawning off construction materials and more in exchange for bread, alcohol, and other basics.",0,2020-Q3
2020-08-20,2020,Strategic developments,Change to group/activity,Government of North Korea (2011-),,North Korea,Ryanggang,"On 20 August 2020, two North Korean women living in China were caught crossing into North Korea near Samjiyon in Ryanggang Province. As a result, the border cities of Samjiyon and Hyesan were locked down due to fears that the women may test positive for coronavirus.",0,2020-Q3
2018-07-24,2018,Strategic developments,Other,Government of North Korea (2011-),,North Korea,North Pyongan,"Other: Around 24 July 2018 (as reported), the North Korean government started dismantling Sohae Satellite Launching Station in Tongchang-ri, Cholsan County, North Pyongan Province. The station used as a missile engine test site which Kim Jong Un promised to shut down during the last summit with the U.S. on 12 June 2018.",0,2018-Q3
2020-09-07,2020,Strategic developments,Other,Unidentified Armed Group (International),Civilians (North Korea),North Korea,Kangwon,"Explosive remnants of war: On 7 September 2020, a massive explosive device went off at a typhoon recovery site in Kumgang county in Kangwon Province, according to an anonymous source. The device was a Korean War-era bomb that had been unearthed by heavy rains from Typhoons Maysak and Haishen, and resulted in the deaths of 2 government officials and 2 bomb squad technicians when they attempted to disarm it.",4,2020-Q3
2020-08-10,2020,Strategic developments,Change to group/activity,Military Forces of North Korea (2011-),,North Korea,Ryanggang,"On 10 August 2020, military authorities in North Korea quarantined a company of soldiers from the 25th border guard brigade stationed along the Sino-Korean border in Ryanggang Province after one soldier came into contact with a Chinese national. The quarantine is planned to last two months, after which the soldiers will be inspected for any symptoms of coronavirus.",0,2020-Q3
2020-11-15,2020,Strategic developments,Change to group/activity,Military Forces of North Korea (2011-),,North Korea,Ryanggang,"Security measures: Around 15 November 2020 (month of), anonymous sources reported that anti-aircraft artillery battalions under the 9th Corps were forward deployed to the norther border in Ryanggang Province (coded as Hyesan City) to deter citizens from attempting to flee to China during the coronavirus pandemic.",0,2020-Q4
2020-11-15,2020,Strategic developments,Change to group/activity,Military Forces of North Korea (2011-),,North Korea,North Hamgyong,"Security measures: Around 15 November 2020 (month of), anonymous sources reported that anti-aircraft artillery battalions under the 9th Corps were forward deployed to the border city of Hoeryong (Hoeryong City) in North Hamgyong Province to deter citizens from attempting to flee to China during the coronavirus pandemic.",0,2020-Q4
2020-11-15,2020,Strategic developments,Change to group/activity,Military Forces of North Korea (2011-),,North Korea,North Hamgyong,"Security measures: Around 15 November 2020 (month of), anonymous sources reported that anti-aircraft artillery battalions under the 9th Corps were forward deployed to the border county of Onsong in North Hamgyong Province to deter citizens from attempting to flee to China during the coronavirus pandemic.",0,2020-Q4
2020-11-15,2020,Strategic developments,Change to group/activity,Military Forces of North Korea (2011-),,North Korea,North Hamgyong,"Security measures: Around 15 November 2020 (month of), anonymous sources reported that anti-aircraft artillery battalions under the 9th Corps were forward deployed to the border county of Musan in North Hamgyong Province to deter citizens from attempting to flee to China during the coronavirus pandemic.",0,2020-Q4
2020-12-15,2020,Strategic developments,Other,Government of North Korea (2011-),,North Korea,Chagang,"Other: Around 15 December 2020 (month of), an anonymous source reported that about 600 people working as administrative staff at Correctional Labor Camp Number 6 (Songgan County), including the head of the camp, were replaced due to constant controversies on human rights abuses at the camp. The move is seen as a way to soothe public indignation over this matter.",0,2020-Q4
2018-04-15,2018,Strategic developments,Change to group/activity,Government of North Korea (2011-),,North Korea,Chagang,"Change to armed group: Around 15 April 2018 (month of), the North Korean government designated Chagang Province (capital Kanggye City) as a strategic military region, likely in an effort to conceal nuclear weapons and associated material associated with the completion of expanded underground military factories in the province.",0,2018-Q2
2021-01-18,2021,Strategic developments,Other,Military Forces of North Korea (2011-),Civilians (North Korea),North Korea,Ryanggang,"Other: On 18 January 2021, 3 family members were arrested near Hyesan City by North Korean military and border patrol units stationed on the Sino-North Korean border as they attempted to defect through Kimhyongjik County. As reported by Asia Press from a source inside North Korea, the man took opium as they were caught and was rendered unconscious.",0,2021-Q1
2021-02-22,2021,Protests,Peaceful protest,Protesters (North Korea),,North Korea,North Hwanghae,"On 22 February 2021, workers at the Hwanghae Iron and Steel Complex held a rally at Songnim City in North Hwanghae. They initiated the rally to solidify their commitment to meet their production target and called for all the working people to achieve the first-year goal of the country's five-year economic development scheme. Some high-ranking officials, such as one of the seven secretaries of the Central Committee of the Workers' Party of Korea, attended the rally.",0,2021-Q1
2021-03-03,2021,Protests,Protest with intervention,Protesters (North Korea),Police Forces of North Korea (2011-),North Korea,Ryanggang,"On 3 March 2021, after the North Korean authorities ordered a 30-day lockdown of Hyesan city, the residents (mostly elderly) staged a protest in the city (Hyesan City, Ryanggang province) to oppose the lockdown order. A scuffle with riot police who had been mobilized to keep the situation under control was reported.",0,2021-Q1
2018-05-24,2018,Strategic developments,Other,Government of North Korea (2011-),,North Korea,North Hamgyong,"Other: Around 24 May 2018 (between 23 - 25 May), the North Korean government demolished tunnels at its nuclear test site in Punggye-ri, Kilju, North Hamgyong. The move was seen as part of a diplomatic rapprochement with South Korea. The event occurred ahead of a planned summit between US and DPRK leaders in Singapore on 12 June, which has now been cancelled by President Trump. The North Korea government invited journalists from the United States, South Korea, China, Russia and Britain to witness the dismantling process.",0,2018-Q2
2018-07-13,2018,Violence against civilians,Attack,Military Forces of North Korea (2011-),Civilians (North Korea),North Korea,Ryanggang,"On 13 July 2018, three robbers, assumably soldiers, broke into a house in Wiyeon-dong, a suburb of Hyesan City, threatening a 60-year-old man with a knife. Two residents who witnessed the incident shouted and were stabbed by the robbers. The burglars stole household items. It is believed that the incident occurred due to food shortages in military units which led the soldiers to steal.",0,2018-Q3
2018-07-12,2018,Strategic developments,Looting/property destruction,Military Forces of North Korea (2011-),Government of North Korea (2011-),North Korea,Ryanggang,"On 12 July 2018, school computers and printers were stolen from Hyesan People's Committee's supply station in Hyesan City. The suspects are believed to be soldiers. It is believed that the incident occurred due to food shortages in military units.",0,2018-Q3
2018-06-01,2018,Violence against civilians,Attack,Military Forces of North Korea (2011-),Civilians (North Korea),North Korea,Ryanggang,"Around 1 June 2018 (beginning of month), 2 soldiers raided a house of an executive of a collective farm in Ryanggang Province (coded at Hyesan City). They beat the farmer with a club and stole some bags of rice. It is believed that the incident occurred due to food shortages in military units caused by the previous year severe drought.",0,2018-Q2
2018-05-04,2018,Strategic developments,Other,Government of North Korea (2011-),,North Korea,North Hamgyong,"Other: Around 4 May 2018 (between 28 April - 10 May), buildings of a nuclear test site were dismantled in Punggye-ri, Kilju, North Hamgyong. This happened after North Korean leader Kim Jong Un showed his commitment to halt nuclear tests in the inter-Korea summit on 27 April.",0,2018-Q2
2019-12-07,2019,Strategic developments,Change to group/activity,Military Forces of North Korea (2011-),,North Korea,North Pyongan,"Change to armed group: On 7 December 2019, the North Korean government conducted a missile engine test at the Sohae Satellite Launching Station in Tongchang-ri, Cholsan. Observers estimated that the test was related to long-range ballistic missile technology. North Korea had boycotted nuclear talks for months and recently threatened to resume missile tests. Scholars believed that denuclearization was already off the negotiating table.",0,2019-Q4
2021-04-01,2021,Strategic developments,Change to group/activity,Military Forces of North Korea (2011-),,North Korea,North Pyongan,"Security measures: On 1 April 2021, North Korean authorities deployed soldiers from Construction Bureau 8 as a construction troop to Uiju in North Pyongan Province, on the border between North Korea and China. The authorities plan to install barriers and high-voltage wires along the entire border to increase border security and deter people from smuggling goods over the border. About a total of 1000 soldiers were deployed in the North Pyongan Province border area.",0,2021-Q2
2021-04-01,2021,Strategic developments,Change to group/activity,Military Forces of North Korea (2011-),,North Korea,North Pyongan,"Security measures: On 1 April 2021, North Korean authorities deployed soldiers from Construction Bureau 8 as a construction troop to Yongchon in North Pyongan Province, near the border between North Korea and China. The authorities plan to install barriers and high-voltage wires along the entire border to increase border security and deter people from smuggling goods over the border. About a total of 1000 soldiers were deployed in the North Pyongan Province border area.",0,2021-Q2
2021-04-01,2021,Strategic developments,Change to group/activity,Military Forces of North Korea (2011-),,North Korea,Ryanggang,"Security measures: On 1 April 2021, anti-aircraft machinegun troops stationed near the borderline at Ryanggang Province (coded at Hyesan City) have begun to withdraw from their military bases. The troops were forward deployed in early November of 2020 to block people's illegal activities, such as defection and robbery, during the coronavirus pandemic. The withdrawal of forces is likely due to other troops' forward deployment for installing high-voltage wires and barriers at the border.",0,2021-Q2
2020-12-15,2020,Strategic developments,Other,Military Forces of North Korea (2011-),,North Korea,Ryanggang,"Other: Around 15 December 2020 (month of), a North Korean soldier stationed on the Sino-North Korean border to discourage border-crossings defected from Kimjongsuk County, Ryanggang Province after a superior officer harassed the soldier and pressed him for bribes.",0,2020-Q4
2020-10-15,2020,Strategic developments,Disrupted weapons use,Military Forces of North Korea (2011-),,North Korea,North Hamgyong,"Detonation: Around 15 October 2020 (month of), an anonymous source reported that several soldiers of the 27th border guard brigade were injured in an explosion while laying landmines along the northern border in North Hamgyong Province in an attempt to stop border crossings during the coronavirus pandemic. The soldiers were reportedly untrained. The event is coded at Hoeryong City, the largest city on the Sino-North Korean border in North Hamgyong Province.",0,2020-Q4
2021-04-18,2021,Violence against civilians,Abduction/forced disappearance,Police Forces of North Korea (2011-) State Security Department,Civilians (North Korea),North Korea,Ryanggang,"Around 18 April 2021 (from 17 - 19 April), 23 street vendors were taken to the labor camps by the State Security Police in Hyesan City as a street clean-up operation by the authorities. According to the source, it is interpreted as the authorities' intention to highlight the willingness to control residents and strengthen internal crackdowns. The arrests seem to be triggered by orders received in early April to eliminate 'anti-socialist' behavior. It is unknown if these actions were legal or not.",0,2021-Q2
2021-04-11,2021,Strategic developments,Change to group/activity,Military Forces of North Korea (2011-),,North Korea,North Pyongan,"Change to armed group: Around 11 April 2021 (from 10 - 13 April), the North Korean military authorities conducted miniaturized unmanned drone tests for reconnaissance and offensive use at a test facility (Banghyun District, Kusong, North Pyongan). They highlighted these unmanned drones can be used in suicide attacks and reconnaissance of enemy forces.",0,2021-Q2
2021-04-27,2021,Violence against civilians,Attack,Military Forces of North Korea (2011-),Civilians (North Korea),North Korea,Ryanggang,"On 27 April 2021, a female inmate died in a provincial detention cell (Hyetan, Hyesan City, Ryanggang) after a prison officer hit her head with his rifle because she allegedly not followed the detention cells rule. She was imprisoned in March 2020 for trying to defect from North Korea. As reported by Daily NK from a source inside North Korea, she was malnourished and prisoners in Yanggang Province detention facilities are often sexually and physically assaulted by the prison officers.",1,2021-Q2
2021-03-15,2021,Violence against civilians,Attack,Military Forces of North Korea (2011-),Civilians (China),North Korea,South Hwanghae,"Around 15 March 2021 (month of), the North Korean Coastal Patrol fired warning shots with rubber bullets at a Chinese fishing boat that was fishing illegally in North Korean waters near Haeju off the coast of South Hwanghae Province (coded at Coast of Haeju). The boat tried to flee but it hit a submerged rock and sunk. 7 Chinese fishers died and the North Korean authorities did not try to rescue them.",7,2021-Q1
2021-01-31,2021,Strategic developments,Other,Military Forces of North Korea (2011-),Civilians (North Korea),North Korea,North Hamgyong,"Other: On 31 January 2021, a man was shot and killed by the North Korean military and border patrol units stationed on the Sino-North Korean border near Musan County in North Hamgyong Province as he attempted to defect. Sources reported that on August 2020 North Korea has ordered military units and police to shoot on sight anyone in the country who goes within one kilometre of the Sino-Korean border.",1,2021-Q1
2021-02-02,2021,Strategic developments,Other,Military Forces of North Korea (2011-),Civilians (North Korea),North Korea,Chagang,"Other: On 2 February 2021, 2 defectors were shot by the North Korean military and border patrol units stationed on the Sino-North Korean border in Chagang Province (coded as Kanggye City) as they attempted to cross the border and pass across the river into China. As reported by Daily NK from a source inside North Korea, they were killed on the spot. One of the defectors was a border patrol soldier. Sources reported that on August 2020 North Korea has ordered military units and police to shoot on sight anyone in the country who goes within one kilometre of the Sino-Korean border.",2,2021-Q1
2021-02-01,2021,Strategic developments,Other,Military Forces of North Korea (2011-),Civilians (North Korea),North Korea,North Pyongan,"Other: Around 1 February 2021 (beginning of month), a man chasing a goat was shot and killed by a North Korean border guard in North Pyongan Province (coded as Sinuiju City). The guard shot the person as he entered a buffer zone near the border lockdown line. North Korea maintains 'shoot-on-sight' orders at the borders to prevent the spread of coronavirus.",1,2021-Q1
2021-01-08,2021,Strategic developments,Other,Military Forces of North Korea (2011-),Civilians (North Korea),North Korea,North Pyongan,"Other: Around 8 January 2021 (between 5 - 12 January), three people were killed and two were injured by North Korean military and border patrol units stationed on the Sino-North Korean border in North Pyongan Province (coded as Sinuiju City) as they tried to defect or smuggle goods. Sources reported that on August 2020 North Korea has ordered military units and police to shoot on sight anyone in the country who goes within one kilometre of the Sino-Korean border.",3,2021-Q1
2021-01-28,2021,Strategic developments,Other,Military Forces of North Korea (2011-),Civilians (North Korea),North Korea,Ryanggang,"Other: On 28 January 2021, 2 people were arrested by North Korean military and border patrol units stationed on the Sino-North Korean border in Ryanggang Province (coded as Hyesan City) as they tried to defect. As reported by Daily NK from a source inside North Korea, the arrested defectors were regarded as espionage agents and subjected to harsh torture. Sources reported that on August 2020 North Korea has ordered military units and police to shoot on sight anyone in the country who goes within one kilometre of the Sino-Korean border.",0,2021-Q1
2020-12-25,2020,Strategic developments,Other,Military Forces of North Korea (2011-),Civilians (North Korea),North Korea,Ryanggang,"Other: On 25 December 2020, an anonymous source reported that an unidentified person who tried to cross the border to North Korea was shot and killed by a North Korean soldier stationed on the Sino-North Korean border (Kimjongsuk county, Ryanggang Province) in an attempt to stop border crossings during the coronavirus pandemic. The identity of a person who was killed is not confirmed, but it is assumed that he is the former North Korean soldier who had recently defected to China after a superior officer constantly harassed and pressed him for bribes.",1,2020-Q4
2021-03-28,2021,Violence against civilians,Sexual violence,Unidentified Armed Group (North Korea),Civilians (North Korea),North Korea,North Hamgyong,"On 28 March 2021, a former soldier from Unit 974, which is a unit that guards DPRK leader Kim Jong Un, sexually assaulted a female student and killed her in Myongchon county. As he guarded Kim Jong Un at close range, he has received special treatments by the county party committee even though he was discharged from the unit. It is unknown what sentence was handed down to him.",1,2021-Q1
2021-04-03,2021,Strategic developments,Other,Police Forces of North Korea (2011-) State Security Department,Civilians (North Korea),North Korea,North Pyongan,"Other: On 3 April 2021, as three teenagers living in Kujang county (North Pyongan) were caught listening to Korean music, their family members were deported to Changsung county (Changsong, North Pyongan) by the State Security Police. The teenagers were sent to a youth labor correctional center for committing non-socialist acts.",0,2021-Q2
2021-05-03,2021,Strategic developments,Other,Police Forces of North Korea (2011-),Civilians (North Korea),North Korea,South Hwanghae,"Other: On 3 May 2021, families of two Organization and Guidance Department (OGD) officials were deported to South Hwanghae province (coded as Haeju City) by the North Korean authorities. It was due to the officials' alleged corruption and acceptance of bribes.",0,2021-Q2
2021-04-28,2021,Riots,Mob violence,Rioters (North Korea),Civilians (North Korea),North Korea,Ryanggang,"On 28 April 2021, inminban members attacked street vendors, including a young woman with her baby, in Ryanggang province (coded at Hyesan City) during a street clean-up operation by the authorities. The woman was taken to the hospital.",0,2021-Q2
2021-05-15,2021,Strategic developments,Change to group/activity,Military Forces of North Korea (2011-),,North Korea,North Pyongan,"Security measures: On 15 May 2021, the North Korean authorities strengthened their security forces, including the military and border patrol units, stationed on the Sino-North Korean border in Sindo country (North Pyongan) for unknown reasons.",0,2021-Q2
2021-05-15,2021,Strategic developments,Looting/property destruction,Military Forces of North Korea (2011-),Military Forces of North Korea (2011-),North Korea,Kangwon,"Looting: On 15 May 2021, four North Korean soldiers blocked a military vehicle and looted gasoline in exchange for bread, cigarettes, and other basics. They were deployed to Kangwon Province for military drills and plundered the car at the Kosung-Chorwon Road in Kangwon Province (coded as Wonsan). They were arrested after they arrived at their training spot.",0,2021-Q2
2021-05-13,2021,Strategic developments,Disrupted weapons use,Military Forces of North Korea (2011-),,North Korea,North Hamgyong,"Detonation: On 13 May 2021, two soldiers who secretly went to Tumen River to take water to wash their clothes, died after stepping on a minefield. The two soldiers were working on building electric wire fences and concrete walls on the Sino-North Korean border near Hoeryong City, North Hamgyong Province.",2,2021-Q2
2021-05-15,2021,Strategic developments,Other,Police Forces of North Korea (2011-),Civilians (North Korea),North Korea,Pyongyang,"Other: On 15 May 2021, a 52-year-old major general on the Seventh General Bureau's political committee was publicly executed near the riverbank of the market area of Pyongyang's Hyongjesan District (Pyongyang) for engaging in corrupt construction practices while handling national construction projects.",1,2021-Q2
2021-05-15,2021,Violence against civilians,Abduction/forced disappearance,Police Forces of North Korea (2011-) Ministry of Social Security,Civilians (North Korea),North Korea,Pyongyang,"Around 15 May 2021 (week of), the Ministry of People's Security took about 60 family members and relatives of a state security official scattered across the country to a political prison camp. According to the source, the state official was accused of keeping the land ownership documents inherited from the Japanese colonial era discovered during the state's land readjustment and conversion project (coded at Pyongyang).",0,2021-Q2
2021-01-15,2021,Strategic developments,Change to group/activity,Military Forces of North Korea (2011-),,North Korea,Pyongyang,"Change to armed group: Around 15 January 2021 (week of), North Korean authorities created a new guard unit, named the 41st Battalion, to put down demonstrations. The unit comprises about 900 top combat troops, commanders, and shooters from the Supreme Guard Command (coded at Pyongyang).",0,2021-Q1
2021-05-31,2021,Strategic developments,Arrests,Police Forces of North Korea (2011-) State Security Department,Civilians (North Korea),North Korea,Chagang,"Arrests: Around 31 May 2021 (between 21 May - 15 June), the Ministry of State Security arrested about 30 residents of Chagang Province for 'illegal' cell phone use near the Sino-North Korean border (coded at Kanggye City).",0,2021-Q2
2021-02-15,2021,Violence against civilians,Abduction/forced disappearance,Police Forces of North Korea (2011-),Civilians (North Korea),North Korea,Chagang,"Around 15 February 2021 (as reported), the family members of seven people, a smuggler and border guards who were sent to a political prison camp on a charge of smuggling in Manpho City, were taken somewhere. This incident led to the stringent lockdown measures imposed on Chasong and Manpho.",0,2021-Q1
2021-02-22,2021,Violence against civilians,Abduction/forced disappearance,Police Forces of North Korea (2011-),Civilians (North Korea),North Korea,Nampo,"Around 22 February 2021 (month of), the wife and two sons of a command post manager of North Korea's 3rd Corps who was executed by firing squad in Nampo, South Pyongan, were sent to a political prison camp, and the state confiscated both their house and property. The command post manager was executed for watching and storing Korean dramas and entertainment shows.",0,2021-Q1
2021-05-30,2021,Violence against civilians,Attack,Police Forces of North Korea (2011-) State Security Department,Civilians (North Korea),North Korea,North Hamgyong,"On 30 May 2021, a 37-year-old off-duty soldier was beaten to death by a group of state security police officers on the street market in Chongjin City. As reported by Daily NK from a source inside North Korea, the late soldier tried to protect the street vendors from a police raid.",1,2021-Q2
2021-05-31,2021,Strategic developments,Arrests,Police Forces of North Korea (2011-) State Security Department,Civilians (North Korea),North Korea,North Hamgyong,"Arrests: Around 31 May 2021 (between 21 May - 15 June), the Ministry of State Security arrested about 60 residents of North Hamgyong Province for 'illegal' cell phone use near the Sino-North Korean border (coded at Chongjin City).",0,2021-Q2
2021-03-15,2021,Strategic developments,Change to group/activity,Government of North Korea (2011-),,North Korea,North Hwanghae,"Change to armed group: Around 15 March 2021 (week of), North Korean authorities commanded the Ministry of Social Security to form a new helicopter unit. The unit's role is to protect lives and safety during disasters and accidents, but it would also be utilized to track down defectors and criminals. The unit is based in Chunghwa County, North Hwanghae (coded at Chunghwa).",0,2021-Q1
2021-05-31,2021,Strategic developments,Arrests,Police Forces of North Korea (2011-) State Security Department,Civilians (North Korea),North Korea,Ryanggang,"Arrests: Around 31 May 2021 (between 21 May - 15 June), the Ministry of State Security arrested about 50 residents of Ryanggang Province for 'illegal' cell phone use near the Sino-North Korean border (coded at Hyesan City, the county seat of Ryanggang Province).",0,2021-Q2
2021-06-03,2021,Strategic developments,Change to group/activity,Military Forces of North Korea (2011-),,North Korea,Ryanggang,"Security measures: On 3 June 2021, North Korean authorities deployed a stormtrooper contingent to Kimhyongjik County in Ryanggang Province to accelerate the installation of barriers and high-voltage wire fences on the border between North Korea and China to increase border security. About 1,800 to 2,000 personnel were sent to Kimhyongjik County, Kimjongsuk County and Samsu County.",0,2021-Q2
2021-05-31,2021,Strategic developments,Arrests,Police Forces of North Korea (2011-) State Security Department,Civilians (North Korea),North Korea,North Pyongan,"Arrests: Around 31 May 2021 (between 21 May - 15 June), the Ministry of State Security arrested about 40 residents of North Pyongan Province for 'illegal' cell phone use near the Sino-North Korean border (coded at Sinuiju City).",0,2021-Q2
2021-06-03,2021,Strategic developments,Change to group/activity,Military Forces of North Korea (2011-),,North Korea,Ryanggang,"Security measures: On 3 June 2021, North Korean authorities deployed a stormtrooper contingent to Samsu County in Ryanggang Province to accelerate the installation of barriers and high-voltage wire fences on the border between North Korea and China to increase border security. 'About 1,800 to 2,000 personnel were sent to Kimhyongjik County, Kimjongsuk County and Samsu County.",0,2021-Q2
2021-06-03,2021,Strategic developments,Change to group/activity,Military Forces of North Korea (2011-),,North Korea,Ryanggang,"Security measures: On 3 June 2021, North Korean authorities deployed a stormtrooper contingent to Kimjongsuk County in Ryanggang Province to accelerate the installation of barriers and high-voltage wire fences on the border between North Korea and China to increase border security. 'About 1,800 to 2,000 personnel were sent to Kimhyongjik County, Kimjongsuk County and Samsu County.",0,2021-Q2
2021-06-02,2021,Violence against civilians,Attack,Police Forces of North Korea (2011-) Border Guard,Civilians (North Korea),North Korea,North Hamgyong,"On 2 June 2021, a couple who attempted to defect was beaten by the border guards after being arrested near the Tumen River in Hoeryong City. While the woman was sent to a Ministry of State Security office in Hoeryeong for further investigation, her boyfriend was transported to the one in South Hamgyong province.",0,2021-Q2
2020-07-15,2020,Violence against civilians,Sexual violence,Police Forces of North Korea (2011-),Civilians (North Korea),North Korea,Chagang,"Around 15 July 2020 (month of), an anonymous source reported that the camp guard of Correctional Labor Camp Number 6 (Songgan County) raped a female prisoner and killed her. After the incident, the guard was publicly executed.",1,2020-Q3
2021-06-15,2021,Violence against civilians,Attack,Military Forces of North Korea (2011-),Civilians (North Korea),North Korea,North Hamgyong,"Around 15 June 2021 (month of), two soldiers (most likely stormtroopers) dispatched to install barriers and high-voltage wire fences on the border between North Korea and China killed two civilians in Hoeryong City. The soldiers killed them as the civilians caught them stealing food. It is believed that the incident occurred due to food shortages in military units, which led the soldiers to steal. The soldiers ran away and their whereabouts are unknown.",2,2021-Q2
2019-11-07,2019,Violence against civilians,Attack,Military Forces of North Korea (2011-),Civilians (North Korea),North Korea,North Hwanghae,"On 7 November 2019, 2 North Koreans who tried to defect from the country were handed to the North Korean authorities by the South Korean government. They were imprisoned at the detention center located in Sariwon. As reported by Daily NK from a source inside North Korea, the arrested defectors were subjected to harsh torture for about 50 days and then executed.",0,2019-Q4
2021-06-30,2021,Strategic developments,Change to group/activity,Military Forces of North Korea (2011-),,North Korea,Pyongyang,"Security measures: On 30 June 2021, a 'special security week' was enforced across the country by the North Korean authorities to raise the level of security for the next nine days. According to a military source, this order was given to tighten the military discipline and to prevent unexpected disturbances due to the demotion of some top military officials. Location coded at Pyongyang.",0,2021-Q2
2021-07-11,2021,Strategic developments,Change to group/activity,Government of North Korea (2011-),,North Korea,North Hamgyong,"Change to armed group: On 11 July 2021, the North Hamgyong Provincial branch of the Workers' Party of Korea (WPK) ordered the establishment of 'autonomous internal disciplinary units' composed mainly of provincial Socialist Women's Union of Korea organizations and their members (coded as Chongjin City of North Hamgyong Province). As reported by Daily NK from a source inside North Korea, the unit was recently established to eradicate 'anti-socialist and non -socialist behavior.'",0,2021-Q3
2021-07-17,2021,Violence against civilians,Abduction/forced disappearance,Police Forces of North Korea (2011-) State Security Department,Civilians (North Korea),North Korea,Ryanggang,"On 17 July 2021, the Police State Security Department took a woman in her 20s and her family living in Hyesan City to a political prison camp for allegedly criticizing North Korea's ruling 'Kim Family.' As reported by Daily NK from a source inside North Korea, the woman made anti-regime comments during a quarrel with three soldiers, and the soldiers reported her to the state security.",0,2021-Q3
2021-07-18,2021,Violence against civilians,Attack,Police Forces of North Korea (2011-) State Security Department,Civilians (North Korea),North Korea,Pyongyang,"On 18 July 2021, the North Korean authorities (Police State Security Department) executed the Commander (Rear Admiral) of the 8.15 Base for allegedly slandering the Special Order in which the state authority planned to supply military rationing to its people amid the country's shortage of food and necessities. It is believed that the commander criticized the special order as an order made 'without knowing the reality' (location unknown, but the event most likely occurred in Pyongyang).",0,2021-Q3
2021-07-18,2021,Strategic developments,Other,Military Forces of North Korea (2011-),Civilians (North Korea),North Korea,Ryanggang,"Other: On 18 July 2021, two people were shot by the North Korean military and border patrol units stationed on the Sino-North Korean border in Hyesan City as they attempted to defect to China. As reported by Daily NK from a source inside North Korea, they were killed on the spot. Sources reported that in August 2020 North Korea has ordered military units and police to shoot on sight anyone in the country who goes within 1~2 kilometer of the Sino-Korean border.",2,2021-Q3
2021-07-15,2021,Strategic developments,Looting/property destruction,Military Forces of North Korea (2011-),Civilians (North Korea),North Korea,North Hwanghae,"Looting: Around 15 July 2021 (week of), a group of soldiers threatened a resident on the road at Pyongsan county and stole his belongings. As reported by RFA from a source inside North Korea, the military is robbing and assaulting citizens on the streets to secure materials, such as cigarettes, cash, food, and other things. These robbing incidents are done to fulfill the items needed to celebrate the national holiday called the 'Day of Victory in the Great Fatherland Liberation War (27 July).'",0,2021-Q3
2021-07-15,2021,Strategic developments,Looting/property destruction,Military Forces of North Korea (2011-),Civilians (North Korea),North Korea,North Hamgyong,"Looting: Around 15 July 2021 (month of), soldiers of a military unit in Panjuk-dong were involved in five robbery incidents at the residential areas in Chongjin City, stealing food and money for the upcoming national holiday on 27 July. As reported by RFA from a source inside North Korea, the military is robbing and assaulting citizens on the streets to secure materials, such as cigarettes, cash, food, and other things, needed to celebrate the national holiday called the 'Day of Victory in the Great Fatherland Liberation War (27 July).'",0,2021-Q3
2021-05-15,2021,Strategic developments,Arrests,Police Forces of North Korea (2011-),Civilians (North Korea),North Korea,Pyongyang,"Around 15 May 2021 (month of), ten commanders of construction units, such as the Seventh General Bureau and Eighth General Bureau, were arrested by the Military Security Command for allegedly engaging in corrupt construction practices. Most likely the arrests took place in Pyongyang (Pyongyang).",0,2021-Q2
2021-08-01,2021,Strategic developments,Looting/property destruction,Military Forces of North Korea (2011-),Government of North Korea (2011-),North Korea,North Hamgyong,"Looting: Around 1 August 2021 (beginning of month), three soldiers from the Storm Corps (11th Corps) broke into the local warehouse of the Ministry of State Security (Hoeryong City) and robbed the food allegedly due to poor food supplies. They were caught at the scene by the patrol and discharged from the military. Also, their battalion commander, political guidance officer, and security guidance officer were deposed from their position.",0,2021-Q3
2021-07-01,2021,Strategic developments,Other,Police Forces of North Korea (2011-) State Security Department,Civilians (North Korea),North Korea,North Hamgyong,"Other: Around 1 July 2021 (beginning of month), as a woman living in Hoeryong (Hoeryong City, North Hamgyong) was caught for using a Chinese-made mobile phone, her family members were deported to a rural area by the State Security Police. She was sent to a political prison camp on charges of espionage.",0,2021-Q3
2021-07-31,2021,Strategic developments,Other,Military Forces of North Korea (2011-),Civilians (China),North Korea,North Pyongan,"Other: Around 31 July 2021 (end of month), North Korean soldiers killed three Chinese fishers who had drifted to an island in Cholsan County, North Pyongan Province, due to a typhoon. As reported by Daily NK from a source inside China, a Chinese fishing boat left the port of Zhanghe in Liaoning Province around 25 July to catch crabs near North Pyongan Province. The killing might have been triggered by a shoot on sight order enforced ever since August 2020 to contain the spread of the coronavirus pandemic.",3,2021-Q3
2021-06-29,2021,Strategic developments,Other,Police Forces of North Korea (2011-),Civilians (North Korea),North Korea,Pyongyang,"Other: On 29 June 2021, the family of the former head of the ruling Workers' Party's science and education department was forced out of their official residence and expelled from Pyongyang. Choe Sang Gon, has been arrested and sent to a political prison camp in North Hamgyong province for negligence in activities focused on child education (coded at Pyongyang). He was arrested during the enlarged meeting of the Second Politburo of the Eighth Central Committee.",0,2021-Q2
2021-08-15,2021,Strategic developments,Change to group/activity,Military Forces of North Korea (2011-),,North Korea,Ryanggang,"Security measures: Around 15 August 2021 (week of), North Korean authorities deployed military officers to counties in Ryanggang Province to build makeshift structures to prevent border crossings and defections in border regions between North Korea and China (coded at Hyesan City of Ryanggang Province).",0,2021-Q3
2021-08-11,2021,Strategic developments,Other,Police Forces of North Korea (2011-) Border Guard,Civilians (North Korea),North Korea,Ryanggang,"Other: On 11 August 2021, a man in his 20s was shot to death by the North Korean border guards near the Yalu River in Hyesan City as he was discovered entering the riverside. Sources reported that in August 2020, North Korea had ordered military units and police to 'unconditionally' shoot on sight anyone or animals that enter the established buffer zone 1 to 2 kilometers from the Sino-Korean border closure line.",1,2021-Q3
2021-09-04,2021,Strategic developments,Other,Police Forces of North Korea (2011-) State Security Department,Civilians (North Korea),North Korea,Ryanggang,"Other: On 4 September 2021, as a Ministry of Social Security officer working at Hyesan Station (Hyesan City) was sent to a political prison camp for helping defectors, his family members were deported to a rural area by the State Security Police due to the guilt by association.",0,2021-Q3
2021-05-10,2021,Strategic developments,Change to group/activity,Military Forces of North Korea (2011-),,North Korea,Pyongyang,"Security measures: On 10 May 2021, a 'special security week' was enforced by the North Korean authorities to raise the level of security for the next fifteen days. According to a military authorities source, this order was given due to the upcoming ROK-U.S. summit scheduled on 21 May. Additionally, on 15 May 2021, the North Korean military authorities started to conduct fifteen days of military drills that train soldiers to attack the enemy from behind. According to a military authorities source, this order was also given due to the upcoming ROK-U.S. summit scheduled on 21 May. Location coded at Pyongyang.",0,2021-Q2
2021-03-17,2021,Strategic developments,Change to group/activity,Government of North Korea (2011-),,North Korea,Pyongyang,"Change to armed group: On 17 March 2021, the Central Committee issued a directive to transfer the Oct. 3 Factory, a shipyard under control of the Navy's East Sea Fleet Command, to the Munitions Industry Department (MID). The authorities also promoted the status of the Oct. 3 Factory to a 'special status facility' and a special joint enterprise. According to a source, this change will presumably accelerate its production and development of submarines and submarine-launched ballistic missiles (SLBMs). Location coded at Pyongyang.",0,2021-Q1
2021-03-11,2021,Violence against civilians,Attack,Police Forces of North Korea (2011-) State Security Department,Civilians (North Korea),North Korea,Pyongyang,"Around 11 March 2021 (week of), the North Korean authorities (Ministry of State Security ) executed the chairman of the Distance Education Act commission for 'anti-party and anti-revolutionary sectarian activities within the education sector' after it was found during an investigation that the commission failed to achieve any progress or results. It is believed that the chairman criticized the activity of the commission (event coded at Pyongyang since the commission is active in the capital city and most likely the execution occurred here).",1,2021-Q1
2021-02-25,2021,Protests,Peaceful protest,Protesters (North Korea),,North Korea,Pyongyang,"Around 25 February 2021 (week of), workers and trade union members held a rally in Pyongyang City and other (unspecified) provinces. They called for all workers to achieve the first-year goal of the country's five-year economic development scheme. Agricultural workers and a women's union also staged a rally to commit to meet their production target.",0,2021-Q1
2021-02-15,2021,Protests,Peaceful protest,Protesters (North Korea),,North Korea,Pyongyang,"On 15 February 2021, a mass rally was held in Pyongyang to commemorate the 8th congress of the Workers' Party of Korea.",0,2021-Q1
2021-01-14,2021,Strategic developments,Change to group/activity,Military Forces of North Korea (2011-),,North Korea,Pyongyang,"Security measures: On 14 January 2021, North Korea held a military parade in Kim Il Sung Square, Pyongyang, to celebrate the end of the Workers' Party's Eighth Congress. Some previously unseen weapons, including submarine-launched ballistic missile (SLBM) and short-range ballistic missiles (SRBMs) were displayed during the parade. This is seen by many as a show of force to demonstrate their nuclear weapon capabilities, especially as it came just days before the inauguration of U.S. President-elect Joe Biden. It also worries the U.S and neighboring countries as the SLBMs are harder to detect in advance. However, the actual capabilities of these weapons have not yet been revealed or publicly tested.",0,2021-Q1
2021-01-05,2021,Strategic developments,Arrests,Police Forces of North Korea (2011-) State Security Department,Civilians (North Korea),North Korea,Pyongyang,"Arrests: On 5 January 2021, an anonymous source reported that about 20 key personnel who were part of North Korea's nuclear weapons and missiles development, including the head of the Second Research Center of the Central Committee's Bureau, were arrested by the State Security authorities for possessing videos of South Korean TV shows (location coded as Pyongyang).",0,2021-Q1
2020-10-10,2020,Strategic developments,Change to group/activity,Military Forces of North Korea (2011-),,North Korea,Pyongyang,"On 10 October 2020, North Korea held a military parade in Pyongyang to celebrate the 75th anniversary of the founding of the Workers' Party of Korea. The parade included a new ICBM, said by analysts to likely be the largest road-mobile ICBM to have ever been built and possibly capable of holding multiple warheads with multiple re-entry vehicle capability; North Korea has not yet publicly tested this ICBM. Also on display was North Korea's previous largest missile capable of carrying a nuclear warhead, the Hwasong-15, as well as a new SLBM dubbed the Pukguksong-4. Other signs of modernization in North Korea's conventional forces were evident. The country did not display any nuclear-capable missiles during its last military parade in September 2019 during peace negotiations with South Korea and the United States.",0,2020-Q4
2020-08-25,2020,Strategic developments,Other,Government of North Korea (2011-),,North Korea,Pyongyang,"On 25 August 2020, North Korean authorities ordered the suspension of all trade across the Sino-North Korean border in an effort to ensure that a military parade and mass rally celebrating the 75th anniversary of the founding of the communist party to be held on October 10 be unaffected by coronavirus fears. Although the border had already been officially shut down in January 2020, state-sponsored smuggling activities were still ongoing. In addition, on 27 August, local military and police units put into effect an order from the Ministry of State Security to shoot on sight anyone within one kilometre of the Sino-Korean border. This emergency declaration will reportedly be in effect until the pandemic ends.",0,2020-Q3
2020-08-25,2020,Strategic developments,Change to group/activity,Military Forces of North Korea (2011-),,North Korea,Pyongyang,"On 25 August 2020, according to anonymous sources in North Korea, the Reconnaissance General Bureau (RGB) deployed around 500 troops to Pyongyang in an effort to protect secret RGB military facilities from damage during Typhoon Bavi. Other critical facilities in Pyongyang were protected by the Pyongyang Defense Command, Artillery Guidance Bureau, and other military units. In addition, soldiers from the West Naval Fleet and the army's Thirds Corps were deployed to Nampo Port to protect critical infrastructure from the typhoon.",0,2020-Q3
2020-06-08,2020,Protests,Peaceful protest,Protesters (North Korea),,North Korea,Pyongyang,"On 8 June 2020, North Korean youth, students, and agricultural workers marched to Kim Il Sung Square in Pyongyang during a mandatory protest rally to denounce South Korea for allowing North Korean defectors to send anti-regime leaflets to the North. Similar rallies occurred nationwide between 6 June to 8 June 2020 to drum up anti-South Korean sentiment.",0,2020-Q2
2020-01-24,2020,Strategic developments,Change to group/activity,Government of North Korea (2011-),,North Korea,Pyongyang,"On 24 January 2020, North Korea cancelled multiple flights between Pyongyang and Chinese cities in a bid to curb the spread of coronavirus. On January 31, North Korea shut down its land, sea, and air borders and asked Chinese authorities to temporarily stop sending North Korean defectors back into the country. North Korea also suspended all events, ceremonial visits, and meetings' in the country at least until the end of February.",0,2020-Q1
2020-01-22,2020,Strategic developments,Change to group/activity,Government of North Korea (2011-),,North Korea,Pyongyang,"On 22 January 2020, the Government of North Korea introduced a series of measures to curb the spread of coronavirus, banning the entry of inbound visitors as well as foreign residents in the country to leave the country via China. On January 27, 2020, the Government of North Korea introduced a one-month quarantine program to be imposed on people arriving in the country from Chinese ports in a bid to curb the spread of coronavirus. The Sino-DPRK border city of Dandong lifted restrictions on April 9, signalling a resumption of the border city's economy. Quarantine measures in place around the Nampo-Dalian water route, North Korea's busiest trade route, appeared to have been lifted or scaled down around April 23-25 but were again implemented in late July.",0,2020-Q1
2019-09-30,2019,Strategic developments,Other,Civilians (North Korea),,North Korea,Pyongyang,"On 30 September 2019, 28 North Korean defectors in South Korea were reportedly returned to North Korea, after a report came out on the same day claiming that 12 North Koreans were brought to South Korea against their will.",0,2019-Q3
2019-09-15,2019,Strategic developments,Other,Civilians (North Korea),,North Korea,Pyongyang,"Other: Around 15 September 2019 (month of), it was reported that North Korea's former acting ambassador to Kuwait defected from North Korea (coded as Pyongyang) with his wife and child and entered South Korea. The South Korean government has not officially acknowledged his defection.",0,2019-Q3
2019-04-01,2019,Violence against civilians,Attack,Military Forces of North Korea (2011-),Civilians (North Korea),North Korea,Pyongyang,"Around 1 April 2019 (beginning of month), 4 high-level foreign ministry officials, including an official from the North Korean embassy in Hanoi, were executed by firing squad in Pyongyang in early April, as reported by Asia Press from multiple sources inside North Korea. It was reported that these officials were executed as a result of the failure of the US-DPRK summit in Hanoi.",4,2019-Q2
2019-03-14,2019,Strategic developments,Other,Police Forces of North Korea (2011-) State Security Department,,North Korea,Pyongyang,"Other: Around 14 March 2019 (month of), a high-level official from the Ministry of State Security (MSS) defected from Pyongyang into China via Dandong with his family, prompting North Korean authorities to dispatch an arrest team (coded as Pyongyang). The incident is allegedly connected to the earlier defection of three MSS officials from their office in Shenyang, Liaoning Province (separately coded), and is part of a series of around seven MSS defections following the failed U.S.-North Korea summit.",0,2019-Q1
2019-03-01,2019,Violence against civilians,Attack,Military Forces of North Korea (2011-),Civilians (North Korea),North Korea,Pyongyang,"Around 1 March 2019 (as reported), five senior foreign ministry officials, including the special envoy to the United States, were executed at Mirim Airport (Pyongyang) following the collapse of the second U.S.-North Korea summit.",5,2019-Q1
2018-10-25,2018,Violence against civilians,Abduction/forced disappearance,Military Forces of North Korea (2011-),Civilians (North Korea),North Korea,Pyongyang,"Around 25 October 2018 (between October 20 - 31), the head communications officer of the elite Supreme Guard Command, the personal bodyguard force for Kim Jong Un, was purged after he was reportedly caught listening to Radio Free Asia while on patrol in Pyongyang. Other officers in the division also went missing during the investigation, according to anonymous sources inside North Korea.",0,2018-Q4
2018-08-01,2018,Strategic developments,Other,Government of North Korea (2011-),Government of the United States (2017-2021),North Korea,Pyongyang,"Other: On 1 August 2018, the North Korean government handed over to the US 55 boxes containing what is believed to be the remains of American soldiers killed in the Korean War. A US military plane made a rare trip into North Korea to carry them. The US President Donald Trump expressed gratitude to North Korean leader Kim Jong Un for his reconciliatory action (event coded at Pyongyang).",0,2018-Q3
2018-07-06,2018,Strategic developments,Other,Government of North Korea (2011-),Government of the United States (2017-2021),North Korea,Pyongyang,"Other: On 6 July 2018, Kim Yong Chol, a senior ruling party official, met the U.S. Secretary of State Mike Pompeo at the state guest house Baek Hwa Won in Pyongyang. They discussed a specific timeline for North Korea's denuclearization and the implementation of the agreements signed during the Singapore summit. The North Korea's Foreign Ministry described the meeting as 'regrettable' claiming that the U.S. government's approach is to halt the North Korean nuclear weapons program without giving anything in return (i.e. easing sanctions on the country).",0,2018-Q3
2018-06-12,2018,Strategic developments,Agreement,Government of North Korea (2011-),Government of the United States (2017-2021),North Korea,Pyongyang,"Agreement: On 12 June 2018, North Korea leader Kim Jong Un and U.S. President Donald Trump signed a joint statement on cooperation to build peace in the Korean Peninsula during a Singapore summit at the Capella Hotel on Sentosa island in Singapore. The leaders agreed to new peaceful relations, security guarantees for North Korea, denuclearization of the Korean Peninsula, return of the remains of US soldiers killed during the Korean War (event coded at Pyongyang).",0,2018-Q2
2018-05-25,2018,Strategic developments,Other,Government of North Korea (2011-),Government of the United States (2017-2021),North Korea,Pyongyang,"Other: On 25 May 2018, North Korea Vice Foreign Minister Kim Kye Gwan announced that North Korea is willing to sit for talks with the United States. This change was made after President Donald Trump called off a summit with Kim Jong Un, blaming Pyongyang's recent statements. On 24 May, North Korea issued a new threat to walk away from the planned Trump-Kim summit, scheduled for June 12 in Singapore.",0,2018-Q2
2018-04-21,2018,Strategic developments,Other,Government of North Korea (2011-),,North Korea,Pyongyang,"Other: On 21 April 2018, North Korea announced that it will suspend missile and nuclear weapons testing, likely in an effort to encourage diplomatic talks with South Korea and the United States (event coded at Pyongyang).",0,2018-Q2
2018-02-14,2018,Strategic developments,Change to group/activity,Military Forces of North Korea (2011-),,North Korea,Pyongyang,"Change to armed group: Around 14 February 2018 (month of), it was reported that a Senior Colonel in the Ministry of State Security defected while in Heping, Shenyang. The colonel, who headed the North-Eastern China division of the Overseas Anti-Espionage Department, played a key role in North Korea's nuclear program and had significant access to state secrets. In response to his defection, Kim Jong Un sent out assassination orders, according to several anonymous sources within North Korea. The location of the colonel is unknown (event coded at Pyongyang).",0,2018-Q1
2021-04-05,2021,Strategic developments,Other,Government of North Korea (2011-),,North Korea,Nampo,"Other: Around 5 April 2021 (between 23 March - 19 April), over the four weeks, the North Korean authorities mounted a cylindrical object in the central position on its submersible missile test stand barge at the Nampo Navy Shipyard (coded at Nampo), indicating that the authorities could have been preparing to test a submarine-launched ballistic missile (SLBM).",0,2021-Q2
2021-05-15,2021,Strategic developments,Other,Police Forces of North Korea (2011-) State Security Department,Civilians (North Korea),North Korea,Pyongyang,"Other: Around 15 May 2021 (month of), as a person living in Pyongyang (Pyongyang) was caught watching and distributing South Korean videos, 15 family members were sent to a political prison camp by the State Security Police due to guilt by association. Some of his/her relatives were also deported to a rural area.",0,2021-Q2
2021-09-10,2021,Violence against civilians,Attack,Military Forces of North Korea (2011-),Civilians (North Korea),North Korea,Ryanggang,"On 10 September 2021, 3 soldiers robbed potatoes and attacked farmworkers in the potato field in Potae-ri, Samjiyon County. They broke a farmer's leg during two rounds of looting in three hours. As reported by Asia Press from a source inside North Korea, authorities demanded that the assailants be found and brought to justice.",0,2021-Q3
2021-09-30,2021,Strategic developments,Other,Police Forces of North Korea (2011-) Border Guard,Civilians (North Korea),North Korea,North Hamgyong,"Other: On 30 September 2021, a man in his 50s was shot to death by the North Korean border guards near the Sino-North Korean border in Hoeryong City as he was discovered returning from China. Under the state's coronavirus emergency quarantine system, it is strictly prohibited to go to China. As reported by Daily NK from a source inside North Korea, the Ministry of State Security had known he had gone missing since mid-September.",1,2021-Q3
2021-10-07,2021,Strategic developments,Arrests,Police Forces of North Korea (2011-),Civilians (North Korea),North Korea,North Hamgyong,"Around 7 October 2021 (from 1 - 15 October), the authorities, presumably police, arrested about 60 residents, mostly street vendors, in Hoeryong City and sent them to forced labor brigades for violating the nighttime curfew along the Sino-North Korean border. Beginning on 1 October, the authorities have strengthened the border security by extending the hours of its nighttime curfew from 6 PM to 7 AM. According to the report, the number of locals subjected to forced labor for breaking curfew has more than quadrupled from the same period last year in Hoeryong as of 15 October.",0,2021-Q4
2021-10-22,2021,Strategic developments,Change to group/activity,Military Forces of North Korea (2011-),,North Korea,Pyongyang,"Change to armed group: On 22 October 2021, the North Korean military ordered military training camps in all branches to shift to 'No. 1 Combat Readiness,' in which units can immediately shift to wartime footing whenever a war breaks out. The order called on training camps to hold underground command exercises for 15 days from 23 October to 6 November and conduct 'mock attack drills.' According to the source, the order seems to respond to the South Korean military's 'Hoguk Exercise 2021' from 25 October to 5 November. Location coded at Pyongyang.",0,2021-Q4
2021-10-25,2021,Strategic developments,Looting/property destruction,Military Forces of North Korea (2011-),Civilians (North Korea),North Korea,Ryanggang,"Looting: On 25 October 2021, as reported by Daily NK from a source inside North Korea, soldiers from the 12th Corps dispatched to Kapsan County (Ryanggang) robbed rice and livestock from the local civilians.",0,2021-Q4
2021-09-15,2021,Violence against civilians,Sexual violence,Military Forces of North Korea (2011-),Civilians (North Korea),North Korea,Ryanggang,"Around 15 September 2021 (month of), a soldier from the 12th Corps dispatched to Kapsan County (Ryanggang) sexually assaulted a woman.",0,2021-Q3
2021-11-18,2021,Violence against civilians,Attack,Police Forces of North Korea (2011-) Border Guard,Civilians (North Korea),North Korea,Ryanggang,"On 18 November 2021, a man in his 40s who was returning from China to North Korea was arrested by border security soldiers at Kimhyongjik County and beaten by them during his arrest and investigation. The man testified that he had gone to China to receive money, but soldiers took the money and charged him for smuggling in violation of state quarantine policies. Until the Ministry of State Security conducts his preliminary hearing, he would be isolated for coronavirus quarantine for 30 days.",0,2021-Q4
2021-12-02,2021,Strategic developments,Other,Military Forces of North Korea (2011-),Civilians (North Korea),North Korea,Ryanggang,"Other: On 2 December 2021, North Korea's border guard soldiers shot three residents trying to flee across the Yalu River into China in the northern region of Ryanggang Province, Kimjongsuk County. One person was hit in the head and died instantly, while two others were arrested at the scene. The information of the three people and their motives for crossing the border is unknown. Under the state's coronavirus emergency quarantine system, anyone approaching the border river without permission would be shot without warning.",1,2021-Q4
2021-02-15,2021,Violence against civilians,Abduction/forced disappearance,Police Forces of North Korea (2011-) State Security Department,Civilians (North Korea),North Korea,Chagang,"Around 15 February 2021 (month of), as a student living in Huichon City (Huichon) watching and distributing South Korean videos, his family members were confiscated all assets and sent to a political prison camp by the State Security Police due to guilt by association.",0,2021-Q1
2021-04-15,2021,Violence against civilians,Abduction/forced disappearance,Police Forces of North Korea (2011-) State Security Department,Civilians (North Korea),North Korea,North Pyongan,"Around 15 April 2021 (month of), as a woman living in Sinuiju City (Sinuiju City) was caught watching South Korean movies, her family members were sent to a political prison camp by the State Security Police due to guilt by association.",0,2021-Q2
2022-01-07,2022,Strategic developments,Change to group/activity,Military Forces of North Korea (2011-),,North Korea,Pyongyang,"Security measures: On 7 January 2022, a 'special security week' was enforced by the North Korean authorities for the next three days. As reported by Daily NK from a source inside North Korea, this order was given to raise the level of security in the country before Kim Jong Un's birthday on 8 January. Location coded at Pyongyang.",0,2022-Q1
2021-11-25,2021,Violence against civilians,Abduction/forced disappearance,Police Forces of North Korea (2011-) State Security Department,Civilians (North Korea),North Korea,South Pyongan,"Around 25 November 2021 (from 15 November - 5 December), state security took families of 3 university students executed for criticizing state policies to the Pukchang Concentration Camp (Camp 18) in Pukchang County, South Pyongan.",0,2021-Q4
2021-01-29,2021,Strategic developments,Change to group/activity,Military Forces of North Korea (2011-),,North Korea,Ryanggang,"Security measures: On 29 January 2021, North Korean authorities ordered a 30-day lockdown of Hyesan city in Ryanggang province to prevent the spread of the coronavirus pandemic. This 'confinement order' was placed to avoid the border residents smuggling Chinese products into North Korea after a smuggling incident. The lockdown mandates the residents to stay at home and not commute for work. All roads are blocked, and vehicle use is prohibited. The authorities put the first lockdown in Hyesan city in November 2020. The lockdown was lifted earlier than planned on 15 February due to unknown number of deaths owing to sickness and starvation.",0,2021-Q1
2021-03-03,2021,Strategic developments,Change to group/activity,Military Forces of North Korea (2011-),,North Korea,Ryanggang,"Security measures: On 3 March 2021, North Korean authorities ordered a 30-day lockdown of Hyesan city in Ryanggang province. The reason for this lockdown is not yet confirmed, but it is assumed that the authorities placed this lockdown order to strengthen the border control after an illegal border crossing incident in early February. The lockdown mandates the residents to stay at home and not commute for work. All roads are blocked, and vehicle use is prohibited. On 4 March 2021, North Korean authorities downgraded their previous 30-day lockdown order of Hyesan city in Ryanggang province, which was imposed on 3 March 2021. This was due to the strong opposition of the local residents. The new restrictions have eased the level of movement, including allowing people to leave their houses from 6 pm and commute to work.",0,2021-Q1
2021-02-03,2021,Strategic developments,Change to group/activity,Military Forces of North Korea (2011-),,North Korea,Chagang,"Security measures: On 3 February 2021, North Korean authorities imposed a month-long lockdown in Chasong County (coded at Chasong) in Chagang province to prevent the spread of the coronavirus pandemic. The authorities placed this lockdown order after the incidents of smuggling and defections earlier this year. The lockdown was lifted earlier than planned on 17 February due to about 100 deaths owing to starvation.",0,2021-Q1
2021-02-03,2021,Strategic developments,Change to group/activity,Military Forces of North Korea (2011-),,North Korea,Chagang,"Security measures: On 3 February 2021, North Korean authorities imposed a month-long lockdown in Manpho City in Chagang province to prevent the spread of the coronavirus pandemic. The authorities placed this lockdown order after the incidents of smuggling and defections earlier this year. The lockdown was lifted earlier than planned on 17 February due to about 100 deaths owing to starvation.",0,2021-Q1
2021-01-29,2021,Strategic developments,Change to group/activity,Military Forces of North Korea (2011-),,North Korea,North Hamgyong,"Security measures: On 29 January 2021, North Korean authorities imposed a lockdown in North Hamgyong province (coded as Chongjin City) to prevent the spread of coronavirus pandemic. The intensified social distancing measure restricted residents from leaving their homes. The government reinstated the action after the previous lockdown was lifted on 20 January.",0,2021-Q1
2021-02-01,2021,Strategic developments,Change to group/activity,Military Forces of North Korea (2011-),,North Korea,North Hamgyong,"Security measures: On 1 February 2021, the government enforced additional security measures in North Hamgyong (coded as Chongjin City) to close all bridges in the province, except the bridge in Saebyul Country which remains open for emergencies. The new measures were imposed to prevent the spread of the coronavirus pandemic.",0,2021-Q1
2020-10-27,2020,Strategic developments,Change to group/activity,Military Forces of North Korea (2011-),,North Korea,North Hamgyong,"Security measures: On 27 October 2020, an anonymous source reported that counties along the Chinese border in North Hamgyong Province, including Hoeryong City, were put under lockdown to prevent coronavirus and deter citizens and soldiers from attempting to flee to China during the coronavirus pandemic.",0,2020-Q4
2020-10-27,2020,Strategic developments,Change to group/activity,Military Forces of North Korea (2011-),,North Korea,North Hamgyong,"Security measures: On 27 October 2020, an anonymous source reported that counties along the Chinese border in North Hamgyong Province (coded at Kyongwon, seat of Kyongwon County), were put under lockdown to prevent coronavirus and deter citizens and soldiers from attempting to flee to China during the coronavirus pandemic.",0,2020-Q4
2020-10-27,2020,Strategic developments,Change to group/activity,Military Forces of North Korea (2011-),,North Korea,North Hamgyong,"Security measures: On 27 October 2020, an anonymous source reported that counties along the Chinese border in North Hamgyong Province (coded at Musan, seat of Musan County), were put under lockdown to prevent coronavirus and deter citizens and soldiers from attempting to flee to China during the coronavirus pandemic.",0,2020-Q4
2020-10-27,2020,Strategic developments,Change to group/activity,Military Forces of North Korea (2011-),,North Korea,North Hamgyong,"Security measures: On 27 October 2020, an anonymous source reported that counties along the Chinese border in North Hamgyong Province (coded at Onsong, seat of Onsong County), were put under lockdown to prevent coronavirus and deter citizens and soldiers from attempting to flee to China during the coronavirus pandemic.",0,2020-Q4
2020-10-27,2020,Strategic developments,Change to group/activity,Military Forces of North Korea (2011-),,North Korea,North Hamgyong,"Security measures: On 27 October 2020, an anonymous source reported that counties along the Chinese border in North Hamgyong Province (coded as Undok, seat of Kyonghung County), were put under lockdown to prevent coronavirus and deter citizens and soldiers from attempting to flee to China during the coronavirus pandemic.",0,2020-Q4
2021-04-26,2021,Strategic developments,Change to group/activity,Military Forces of North Korea (2011-),,North Korea,North Hwanghae,"Security measures: On 26 April 2021, North Korean authorities ordered a 10-day lockdown of Koksan county in North Hwanghae province. The reason for this lockdown is not yet confirmed, but it is assumed that the authorities placed this order to collect propaganda leaflets that were sent via balloon by a North Korean defectors' group in South Korea.",0,2021-Q2
2021-04-26,2021,Strategic developments,Change to group/activity,Military Forces of North Korea (2011-),,North Korea,North Hwanghae,"Security measures: On 26 April 2021, North Korean authorities ordered a 10-day lockdown of Pyongsan county in North Hwanghae province. The reason for this lockdown is not yet confirmed, but it is assumed that the authorities placed this order to collect propaganda leaflets that were sent via balloon by a North Korean defectors' group in South Korea.",0,2021-Q2
2021-04-26,2021,Strategic developments,Change to group/activity,Military Forces of North Korea (2011-),,North Korea,North Hwanghae,"Security measures: On 26 April 2021, North Korean authorities ordered a 10-day lockdown of Singye county in North Hwanghae province. The reason for this lockdown is not yet confirmed, but it is assumed that the authorities placed this order to collect propaganda leaflets that were sent via balloon by a North Korean defectors' group in South Korea.",0,2021-Q2
2021-03-02,2021,Strategic developments,Change to group/activity,Military Forces of North Korea (2011-),,North Korea,North Pyongan,"Security measures: On 2 March 2021, North Korean authorities ordered a 30-day lockdown of Sakju-gun in North Pyongan province. The reason for this lockdown is not yet confirmed, but it is assumed that the authorities placed this order to strengthen the border control after they found an individual who is on the missing person list smuggled himself into the country. The lockdown mandates the residents to stay at home and not commute for work. On 14 March 2021, North Korean authorities downgraded their previous 30-day lockdown order of Sakju County. This was to soothe public indignation over the death of a prematurely born baby, which mainly happened due to the lockdown. The new restrictions have eased the level of movement, including allowing people to leave their houses, but still prohibiting people moving in and out of the county. On 23 March 2021, the previous lockdown order of Sakju County was lifted. This was due to the worsened situations within the county, including the deaths of people from starvation.",0,2021-Q1
2021-04-12,2021,Strategic developments,Change to group/activity,Military Forces of North Korea (2011-),,North Korea,Pyongyang,"Security measures: On 12 April 2021, a 'special security week' was enforced by the North Korean authorities to raise the level of security in the country before the Day of the Sun (Kim Il Sung's birthday on 15 April). According to a military authorities source, the armed soldiers near the DMZ were provided with rounds of live ammunition to be fully equipped and prepared for any incidents near the border areas, such as the defection of a North Korean man to South Korea by swimming on 16 February. Location coded at Pyongyang.",0,2021-Q2
2021-03-03,2021,Strategic developments,Change to group/activity,Military Forces of North Korea (2011-),,North Korea,Ryanggang,"Security measures: On 3 March 2021, North Korean authorities ordered a lockdown of Samjiyon city in Ryanggang province to prevent the spread of coronavirus pandemic after catching an illegal border crossing. The authorities did not announce a specific period of the lockdown order and told the residents to stay at home and not commute for work.",0,2021-Q1
2021-04-26,2021,Strategic developments,Change to group/activity,Military Forces of North Korea (2011-),,North Korea,South Hwanghae,"Security measures: On 26 April 2021, North Korean authorities ordered a 10-day lockdown of Kwail county in South Hwanghae province. The reason for this lockdown is not yet confirmed, but it is assumed that the authorities placed this order to collect propaganda leaflets that were sent via balloon by a North Korean defectors' group in South Korea.",0,2021-Q2
2021-11-19,2021,Strategic developments,Change to group/activity,Military Forces of North Korea (2011-),,North Korea,Ryanggang,"Security measures: On 19 November 2021, North Korean authorities ordered a two-week lockdown of Kimhyongjik County, Ryanggang Province, until 4 December. The order suspended travel permits for the county, banned vehicles and persons from entering the town, and closed markets. The reason for this lockdown is assumed to strengthen Sino-Korean border security after a man was arrested for returning from China while violating coronavirus quarantine rules.",0,2021-Q4
2021-01-29,2021,Strategic developments,Change to group/activity,Military Forces of North Korea (2011-),,North Korea,Ryanggang,"Security measures: On 29 January 2021, North Korean authorities ordered a 30-day lockdown of Samjiyon city in Ryanggang province to prevent the spread of the coronavirus pandemic. This 'confinement order' was placed to avoid the border residents smuggling Chinese products into North Korea after a smuggling incident. The lockdown mandates the residents to stay at home and not commute for work. All roads are blocked, and vehicle use is prohibited. The lockdown was lifted earlier than planned on 15 February due to unknown number of deaths owing to sickness and starvation.",0,2021-Q1
2021-04-27,2021,Strategic developments,Change to group/activity,Military Forces of North Korea (2011-),,North Korea,South Pyongan,"Security measures: On 27 April 2021, North Korean authorities ordered a 10-day lockdown of some areas in South Pyongan (location coded as Pyongsong). The reason for this lockdown is not yet confirmed, but it is assumed that the authorities placed this order to collect propaganda leaflets that were sent via balloon by a North Korean defectors' group in South Korea.",0,2021-Q2
2021-04-26,2021,Strategic developments,Change to group/activity,Military Forces of North Korea (2011-),,North Korea,South Hwanghae,"Security measures: On 26 April 2021, North Korean authorities ordered a 10-day lockdown of Ongjin county in South Hwanghae province. The reason for this lockdown is not yet confirmed, but it is assumed that the authorities placed this order to collect propaganda leaflets that were sent via balloon by a North Korean defectors' group in South Korea.",0,2021-Q2
2021-04-26,2021,Strategic developments,Change to group/activity,Military Forces of North Korea (2011-),,North Korea,South Hwanghae,"Security measures: On 26 April 2021, North Korean authorities ordered a 10-day lockdown of Paekchon county in South Hwanghae province. The reason for this lockdown is not yet confirmed, but it is assumed that the authorities placed this order to collect propaganda leaflets that were sent via balloon by a North Korean defectors' group in South Korea.",0,2021-Q2
2021-04-28,2021,Strategic developments,Change to group/activity,Military Forces of North Korea (2011-),,North Korea,Pyongyang,"Security measures: On 28 April 2021, the North Korean government ordered citizens to stay indoors over a yellow dust storm coming from China. Especially, Pyongyang citizens were banned from outdoor activities from midnight until 10:00 am on April 28 (location coded as Pyongyang). This appears to be preventive measures against the coronavirus as the North Korean authorities previously claimed that yellow dust could carry coronavirus into the country.",0,2021-Q2
2020-11-01,2020,Strategic developments,Change to group/activity,Military Forces of North Korea (2011-),,North Korea,Ryanggang,"Security measures: Around 1 November 2020 (beginning of month), anonymous sources reported that Hyesan City on the northern border of Ryanggang Province was put under a 20-day blockade after a smuggling incident, followed by the quarantining of more than 40 residents who were suspected of having coronavirus.",0,2020-Q4
2022-01-29,2022,Violence against civilians,Abduction/forced disappearance,Police Forces of North Korea (2011-),Civilians (North Korea),North Korea,North Hamgyong,"On 29 January 2022, North Korean authorities have placed the entire family of a chief cadre with the Ministry of State Security in a political prison camp, Camp 25 in Susong-dong (Chongjin City), for violating the law on reactionary thought and culture. The official was sentenced to life in prison as his child in his 20s watched South Korean TV programs and distributed illegal storage devices to his acquaintances. The child was sentenced to 15 years of forced labor.",0,2022-Q1
2022-02-09,2022,Violence against civilians,Attack,Police Forces of North Korea (2011-) State Security Department,Civilians (North Korea),North Korea,Ryanggang,"Around 9 February 2022 (month of), a woman in her 30s from Hyesan, Yanggang Province, was beaten while under investigation by the Ministry of State Security in Hyesan City and died on 9 February. As reported by Daily NK from a source inside North Korea, the woman was arrested at the end of 2021 and interrogated for illegally using a Chinese-made mobile phone and was found to have records of conversations with South Koreans and lots of photos of North Korea on her phone.",1,2022-Q1
2020-12-02,2020,Strategic developments,Other,Government of North Korea (2011-),,North Korea,Pyongyang,"Other: On 2 December 2020, around 40 foreign diplomats and humanitarian workers left North Korea (coded as Pyongyang) after the government signaled that coronavirus prevention measures would stay in place, leaving only 3 foreign humanitarian workers in the country. The workers left as they were unable to perform their duties under continuing coronavirus prevention measures. As of 19 November 2020, North Korea has reported 8,594 'suspected' cases of coronavirus in the county since the beginning of the outbreak, although the government continues to claim zero cases.",0,2020-Q4
2020-11-21,2020,Strategic developments,Change to group/activity,Military Forces of North Korea (2011-),,North Korea,Chagang,"Security measures: On 21 November 2020, an anonymous source reported that all of Chagang Province (coded at Kanggye City) was put under a coronavirus lockdown after a breach in the quarantine of Wiwon County, which had been instituted on 16 November. In Wiwon County along the Chinese border, entire military and border patrol units were placed under quarantine after 5 members of the 'Storm Corps' special forces and the border patrol units died of coronavirus-like symptoms.",0,2020-Q4
2020-08-01,2020,Strategic developments,Other,Military Forces of North Korea (2011-),,North Korea,Pyongyang,"Other: Around 1 August 2020 (beginning of month), according to an anonymous source, an active-duty North Korean soldier working as an overseas laborer in Moscow defected (coded as Pyongyang, the origin from which he defected). The defection was presumably for economic reasons, as the coronavirus has left North Korean overseas labourers in Russia with little work. It is reported that several such North Korean laborers have escaped from Vladivostok, Khasan, and Ussuriysk in Russia for similar reasons.",0,2020-Q3
2019-12-14,2019,Strategic developments,Change to group/activity,Military Forces of North Korea (2011-),,North Korea,North Pyongan,"Change to armed group: On 14 December 2019, the North Korean government conducted a missile engine test at the Sohae Satellite Launching Station in Tongchang-ri, Cholsan. North Korea described it as 'crucial', and experts worried that it could be a prelude to the possible launch of an intercontinental ballistic missile in the coming days. North Korea threatened to deliver a 'Christmas gift' to the US in early December.",0,2019-Q4
2022-02-18,2022,Violence against civilians,Sexual violence,Military Forces of North Korea (2011-),Civilians (North Korea),North Korea,Ryanggang,"On 18 February 2022, 4 soldiers from the First Battalion of the 43rd Infantry Brigade who were drinking alcohol at a local restaurant sexually assaulted two women in Kimhyonggwon County (Ryanggang).",0,2022-Q1
2022-03-05,2022,Riots,Violent demonstration,Rioters (North Korea),Police Forces of North Korea (2011-),North Korea,Ryanggang,"On 5 March 2022, about 11 street vendors staged a demonstration at Hyesan City (Hyesan City, Ryanggang). They threw stones at a police officer, opposing the government's lockdown to prevent the spread of coronavirus. Police arrested 5 demonstrators.",0,2022-Q1
2022-03-15,2022,Riots,Mob violence,Rioters (North Korea),Police Forces of North Korea (2011-) Ministry of Social Security,North Korea,South Pyongan,"Around 15 March 2022 (month of), about 20 street vendors raided the Ministry of Social Security's market management office warehouse in Sunchon City (Sunchon City, South Pyongan Province) to retrieve their confiscated items during the state's crackdown on illegal goods. They smashed the warehouse door with a hammer and took the goods. The municipal Ministry of Social Security arrested the demonstrators. Two leading demonstrators were sentenced to three years at a forced labor correctional facility, while the rest were sentenced to one year of forced labor.",0,2022-Q1
2022-03-30,2022,Strategic developments,Change to group/activity,Military Forces of North Korea (2011-),,North Korea,Pyongyang,"Security measures: On 30 March 2022, the North Korean authorities (military) issued a 'special warning order' to raise the level of social security in the country before the Day of the Sun (Kim Il Sung's birthday on 15 April). Location coded at Pyongyang.",0,2022-Q1
2022-03-28,2022,Violence against civilians,Abduction/forced disappearance,Police Forces of North Korea (2011-) State Security Department,Civilians (North Korea),North Korea,Pyongyang,"Around 28 March 2022 (as reported), about 100 families of Christian believers were sent to a political prison camp by the State Security Police due to guilt by association with Christian family members who attended a secret worship meeting. The exact location is unknown (location coded at Pyongyang).",0,2022-Q1
2022-03-28,2022,Violence against civilians,Attack,Police Forces of North Korea (2011-) State Security Department,Civilians (North Korea),North Korea,Pyongyang,"Around 28 March 2022 (as reported), the North Korean authorities (Police State Security Department) executed scores of Christians gathered for a secret worship meeting (fatalities coded as 20). As reported by VOA and Open Doors from a source inside North Korea, their families, exceeding 100 people, were arrested and sent to a political prison. The exact locations are unknown (location coded at Pyongyang).",20,2022-Q1
2022-04-14,2022,Strategic developments,Change to group/activity,Military Forces of North Korea (2011-),,North Korea,Pyongyang,"Security measures: On 14 April 2022, the North Korean authorities began a five-day military-wide 'special security period' to be on high alert as the people prepare to celebrate the Day of the Sun (Kim Il Sung's birthday on 15 April). The General Staff Department has instructed that emergency mobilization units be fully-combat readiness and on standby. The special security period is from 5 pm on 14 April to 5 pm on 19 April. Location coded at Pyongyang.",0,2022-Q2
2022-04-17,2022,Strategic developments,Change to group/activity,Police Forces of North Korea (2011-) State Security Department,,North Korea,Pyongyang,"Security measures: On 17 April 2022, the North Korean Ministry of State Security issued to its regional branches 10-day emergency orders that corresponded to a quasi-state of war. According to a Daily NK source, the orders suggest a measure to respond to the ROK-US Combined Command Post Training for nine days that began on 18 April. Location coded at Pyongyang.",0,2022-Q2
2022-04-10,2022,Strategic developments,Other,Police Forces of North Korea (2011-) State Security Department,Civilians (North Korea),North Korea,North Hamgyong,"Other: On 10 April 2022, four families living in Hoeryong (Hoeryong City, North Hamgyong) were deported to a rural area by the State Security Police as two or more family members were missing. These forced relocations were in line with the government's policy to punish families of defectors and eradicate anti-socialism.",0,2022-Q2
2018-05-26,2018,Strategic developments,Other,Government of North Korea (2011-),Government of South Korea (2017-2022),North Korea,North Hwanghae,"Other: On 26 May 2018, North Korean leader Kim Jong Un and South Korean President Moon Jae-in met at the truce village of Panmunjom (Joint Security Area), North Korea. It was the second meeting between the two leaders. They exchanged views on how to put back on track a summit between North Korea and the US which was initially scheduled for 12 June. President Trump has previously declared that the summit might not happen.",0,2018-Q2
2018-01-09,2018,Strategic developments,Other,Government of North Korea (2011-),Government of South Korea (2017-2022),North Korea,North Hwanghae,"Other: On 9 January 2018, North and South Korea began official talks in Panmunjom (Joint Security Area, Kaesong City) for the first time in two years, leading to the reestablishment of a military hotline, a agreement for North Korea to participate in the PyeongChang Winter Olympics, and military talks.",0,2018-Q1
2018-03-06,2018,Strategic developments,Other,Government of North Korea (2011-),Government of South Korea (2017-2022),North Korea,Pyongyang,"Other: On 6 March 2018, North Korean leader Kim Jong Un met 10 South Korean officials including Chung Eui-Yong, the top national security advisor of Moon Jae-in in Pyongyang. They agreed to pursue denuclearization and permanent peace of the Korean Peninsular. Kim Jong Un especially expressed willingness to have the inter-Korea summit and to restart talks with the U.S.",0,2018-Q1
2018-03-29,2018,Strategic developments,Other,Government of North Korea (2011-),Government of South Korea (2017-2022),North Korea,North Hwanghae,"Other: On 29 March 2018, envoys from North Korea and South Korea had a meeting in the border truce village of Panmunjom (Joint Security Area, Kaesong City) in the Demilitarized Zone. They reached the agreement on having a bilateral summit on 27 April.",0,2018-Q1
2018-10-01,2018,Strategic developments,Other,Government of North Korea (2011-),Government of South Korea (2017-2022),North Korea,North Hwanghae,"Other: On 1 October 2018, the governments of North Korea and South Korea began joint demining activities in the Joint Security Area (JSA) as per the inter-Korean military agreement signed on September 19.",0,2018-Q4
2018-10-26,2018,Strategic developments,Other,Government of North Korea (2011-),Government of South Korea (2017-2022),North Korea,North Hwanghae,"Other: On 26 October 2018, the governments of North Korea and South Korea began demolishing of total 22 Guard posts (11 from each side) in the demilitarized zone (DMZ) as per the objective set by the inter-Korean military agreement signed on September 19. Coded at the Joint Security Area.",0,2018-Q4
2018-08-01,2018,Strategic developments,Other,Military Forces of North Korea (2011-),Military Forces of South Korea (2017-2022),North Korea,North Hwanghae,"Other: On 1 August 2018, military leaders from North and South Korea held talks at the truce village of Panmunjom (Joint Security Area, Kaesong City) in the demilitarized zone (DMZ). They discussed specific methods to ease border tensions, shared ideas on reducing the number of military forces and arms in the DMZ and conducting a joint excavation for the remains of soldiers that were killed in the Korean War.",0,2018-Q3
2018-09-14,2018,Strategic developments,Other,Government of North Korea (2011-),Government of South Korea (2017-2022),North Korea,North Hwanghae,"Other: On 14 September 2018, North and South Korea opened their first liaison office at the North Korean border town of Kaesong City. The office is the first of its kind since the two Koreas were divided at the end of World War II. South and North Korean officials would station at the office and have to face to face discussions over various inter-Korean issues, and exchange messages from their governments directly.",0,2018-Q3
2018-09-04,2018,Strategic developments,Other,Government of North Korea (2011-),Government of South Korea (2017-2022),North Korea,Pyongyang,"Other: On 4 September 2018, North Korean leader Kim Jong Un and other officials met a five-member delegation led by South Korean President Moon's national security advisor in Pyongyang. They discussed about the next inter-Korea summit and about an end-of-war declaration.",0,2018-Q3
2022-05-02,2022,Strategic developments,Other,Police Forces of North Korea (2011-) State Security Department,Civilians (North Korea),North Korea,North Pyongan,"Other: On 2 May 2022, the families of the five people who were punished were exiled to a remote area in the mountains by the State Security Police. Five individuals from North Pyongan Province's Sakju County (Sakju) were sentenced to 15 years for stealing construction supplies for a state house building project.",0,2022-Q2
2022-05-10,2022,Strategic developments,Other,Police Forces of North Korea (2011-) State Security Department,Civilians (North Korea),North Korea,North Hamgyong,"Other: Around 10 May 2022 (between 1 - 20 May), state police relocated a part of over 40 families from North Hamgyong Province's Hoeryong and the border region of Musan County to remote farms in Kilju County (coded at Kilju). Authorities relocated the families after their relatives were arrested for illegally using foreign mobile phones or sent to concentration camps on espionage charges.",0,2022-Q2
2022-05-10,2022,Strategic developments,Other,Police Forces of North Korea (2011-) State Security Department,Civilians (North Korea),North Korea,North Hamgyong,"Other: Around 10 May 2022 (between 1 - 20 May), state police relocated a part of over 40 families from North Hamgyong Province's Hoeryong and the border region of Musan County to remote farms in Orang County (coded at Orang). Authorities relocated the families after their relatives were arrested for illegally using foreign mobile phones or sent to concentration camps on espionage charges.",0,2022-Q2
2022-05-14,2022,Strategic developments,Change to group/activity,Military Forces of North Korea (2011-),,North Korea,Ryanggang,"Security measures: On 14 May 2022, North Korean authorities ordered a lockdown of Hyesan City (Hyesan City, Ryanggang) to prevent the spread of the coronavirus pandemic after their first confirmation of the coronavirus outbreak. On 12 June, the authorities lifted movement restrictions in Hyesan City (Hyesan City, Ryanggang). As reported by Asia Press from a source inside North Korea, this was inevitably taken out of concern about its food and economic situation.",0,2022-Q2
2022-06-03,2022,Strategic developments,Other,Military Forces of North Korea (2011-),Civilians (North Korea),North Korea,North Hamgyong,"Other: On 3 June 2022, two people were shot by the North Korean military and border patrol units stationed on the Sino-North Korean border in Hoeryong City (North Hamgyong) as they attempted to defect to China. As reported by Daily NK from a source inside North Korea, they were killed on the spot. Sources reported that North Korean government has recently strengthened their order to shoot on sight anyone in the country who goes near the Sino-Korean border.",2,2022-Q2
2022-06-20,2022,Strategic developments,Other,Police Forces of North Korea (2011-) State Security Department,Civilians (North Korea),North Korea,Ryanggang,"Other: On 20 June 2022, Hyesan high school students were punished in the city (Hyesan city) by the provincial Socialist Patriotic Youth League as they dyed their hair. The North Korean authorities claimed this action encouraged 'anti-socialist and non-socialist behavior.' The students' homeroom teacher was also punished and suspended from teaching class for a month.",0,2022-Q2
2022-07-02,2022,Strategic developments,Other,Government of North Korea (2011-),,North Korea,Pyongyang,"Other: On 2 July 2022, the North Korean government held a 5-day workshop to restore discipline among officials and low-ranking government employees in the 4.25 Cultural Center in Pyongyang. Despite the pandemic period and economic crisis, the meeting was held as a massive political event.",0,2022-Q3
2022-07-12,2022,Strategic developments,Other,Police Forces of North Korea (2011-) State Security Department,Civilians (North Korea),North Korea,Pyongyang,"Other: On 12 July 2022, as reported by Daily NK from a source inside North Korea, chiefs in charge of Hoeryong coal mine production were arrested by the North Korean authorities (Pyongyang). They received the public trial in front of other workers and were criticized by them as they made false reports to meet the production requirement by the North Korean government.",0,2022-Q3
2022-07-21,2022,Strategic developments,Change to group/activity,Military Forces of North Korea (2011-),,North Korea,North Hamgyong,"Security measures: On 21 July 2022, North Korean authorities ordered a lockdown of two districts and three neighborhood watch units in Musan County (Musan, North Hamgyong) to prevent the spread of the coronavirus while strengthening the regulations in Hyesan City. The authorities planned to lift the lockdown after watching the situation for 7-10 days. As reported by Asia Press from a source inside North Korea, this was inevitably taken out of concern about its food and economic situation.",0,2022-Q3
2022-07-21,2022,Strategic developments,Other,Government of North Korea (2011-),,North Korea,Pyongyang,"Other: On 21 July 2022, as reported by Daily NK from a source inside North Korea, the North Korean military authorities (Pyongyang) ordered to lengthen the storage term of 'party life records' for military cadres from 10 years to 30 years. This represents how deeply the party plans to inspect the ideological tendencies of military officials, strengthening the party control across the entire Korean People's Army.",0,2022-Q3
2022-08-01,2022,Violence against civilians,Attack,Police Forces of North Korea (2011-) State Security Department,Civilians (North Korea),North Korea,North Hamgyong,"On 1 August 2022, as reported by Daily NK from a source inside North Hamgyong Province, 4 residents in Hoeryong City were secretly arrested and executed by the Ministry of State Security (Heoryong City). The executed people were charged with alleged espionage or involvement in special crimes.",4,2022-Q3
2022-08-01,2022,Violence against civilians,Attack,Police Forces of North Korea (2011-) State Security Department,Civilians (North Korea),North Korea,Ryanggang,"Around 1 August 2022, as reported by Daily NK from a source inside North Korea, three soldiers (assumed off duty) in Ryanggang Province were recently attacked by 5 local disciplinary patrols affiliated with the county branch of the Ministry of Social Security. The soldiers allegedly burglarized a village in Samsu County to obtain pork for the July 27 holiday. The alleged burglars were then arrested for theft by local police. The source reported that this robbery could originate from the government's poor treatment of soldiers.",0,2022-Q3
2022-08-13,2022,Strategic developments,Other,Police Forces of North Korea (2011-) State Security Department,Civilians (North Korea),North Korea,North Hwanghae,"Other: On 13 August 2022, about 20 people, including 11 university students and 2 high school students, were put on a public trial in Sariwon City by the North Korean authorities as they illegally watched and distributed South Korean films, series, and music videos. The North Korean authorities had claimed this action encouraged anti-socialist and non-socialist behavior.",0,2022-Q3
2022-08-28,2022,Violence against civilians,Attack,Military Forces of North Korea (2011-),Civilians (North Korea),North Korea,Pyongyang,"On 28 August 2022, as reported by Daily NK from a source inside North Korea, a young man was beaten to death by a group of soldiers in Pyongyang. The event occurred at the North Korea Youth Day celebration party. He was trying to protect a woman from the sexual harassment of three soldiers; however, the quarrel became an attack against him.",1,2022-Q3
2022-08-20,2022,Strategic developments,Other,Police Forces of North Korea (2011-) State Security Department,Civilians (North Korea),North Korea,Ryanggang,"Other: Around 20 August 2022, as reported by Daily NK from a source inside North Korea, 10 street vendors were arrested and sent to forced labor in Ryanggang Province (coded as Hyesan City). The event occurred as the Ministry of Social Security ordered an intensive crackdown on street vendors, claiming that their activity disturbs the social order.",0,2022-Q3
2022-08-01,2022,Strategic developments,Arrests,Police Forces of North Korea (2011-),Civilians (North Korea),North Korea,Ryanggang,"Around 1 August 2022 (beginning of month), as reported by Daily NK from a source inside North Korea, Ryanggang Province patrol arrested gang that allegedly sold gold from Taebong Mine (Hyesan City). The source suggested that the authorities appeared to be thoroughly investigating the case and multiple prosecutors put on the case, since unlike ordinary cases, it was a relatively large-scale operation involving in illegal sales of the tons of gold extracted.",0,2022-Q3
2022-08-01,2022,Strategic developments,Other,Government of North Korea (2011-),,North Korea,Ryanggang,"Other: Around 1 August 2022 (beginning of month), as reported by Daily NK from a source inside North Korea, the North Korean authorities eased the mobility restriction on residents in Hyesan City. The residents can travel to other cities except other border area cities. The source suggested the change was for the upcoming national conference to announce 'victory' against coronavirus. However, the authorities still control the movement of non-border area residents to borderland to prevent their defection to China.",0,2022-Q3
2022-08-31,2022,Strategic developments,Change to group/activity,Military Forces of North Korea (2011-),,North Korea,North Hamgyong,"Security measures: On 31 August 2022, as reported by Radio Free Asia from a source inside North Korea, the North Korean authorities executed wartime mobilization training in each city and county health center in Hamgyong (coded as Chongjin City). It was the first mobilization training since 2019.",0,2022-Q3
2022-09-05,2022,Strategic developments,Other,Government of North Korea (2011-),,North Korea,Pyongyang,"Other: Around 5 September 2022 (as reported), the North Korean authorities (coded as Pyongyang) exported millions of rockets and artillery shells to Russia for its Ukraine war. Experts analyzed that North Korea would gain economic interest, such as sending construction workers to rebuild Russian-occupied territories in Ukraine, which would be a significant revenue source amid the pandemic and severe sanctions against the country.",0,2022-Q3
2022-09-02,2022,Strategic developments,Other,Police Forces of North Korea (2011-) State Security Department,Civilians (North Korea),North Korea,North Hamgyong,"Other: On 2 September 2022, a villager was arrested by the police in Hwadae, North Hamgyong Province. He set fire to the home of his village's party secretary because he was angry about being insulted after visiting the party secretary several times to beg for help with his family's difficult circumstances. His family had been suffering from hunger. Local villagers appealed to the county party committee, expressing anger about the leadership ignoring the family's starving situation. The source also said the party secretary would be heavily punished as he neglected the resident's hardships.",0,2022-Q3
2022-08-15,2022,Strategic developments,Other,Government of North Korea (2011-),Civilians (North Korea),North Korea,North Pyongan,"Other: Around 15 August 2022, as reported by Daily NK from a source inside North Korea, the North Korean authorities started the first COVID-19 vaccination for residents in Sinuiju City. The authorities did not inform people about the coronavirus vaccination but explained it as a vaccine to prevent flu and fever. The source also reported that the official vaccination started in Pyongyang at the beginning of September and in Nampo from early August as there were increasing cases.",0,2022-Q3
2022-09-20,2022,Strategic developments,Other,Government of North Korea (2011-),,North Korea,Pyongyang,"Other: Around 20 September 2022, as reported by Daily NK from a source inside North Korea, the North Korean government held a workshop among high-ranking officials (coded as Pyongyang). This activity emphasized Kim Jong Un's recent speech and legislation of the 'Nuclear Forces Policy Act,' which authorized the leader Kim Jong Un to order a preemptive nuclear strike to counter threats. The source said that some cadres mentioned that the nuclear test would not be conducted this year since Kim Jong Un's speech was regarded as significant as the nuclear test.",0,2022-Q3
2022-09-10,2022,Strategic developments,Other,Police Forces of North Korea (2011-) State Security Department,Civilians (North Korea),North Korea,Ryanggang,"Other: On 10 September 2022, as reported by Daily NK from a source inside North Korea, the Provincial and city-level state security departments began supervising people using mobile phones in Hyesan City. The officers in plain clothes approached the passengers and took their phones without consent to check anti-socialist text messages, music and videos.",0,2022-Q3
2022-09-20,2022,Strategic developments,Arrests,Police Forces of North Korea (2011-) State Security Department,Civilians (North Korea),North Korea,South Pyongan,"Around 20 September 2022, as reported by Daily NK from a source inside North Korea, 6 national recreation center employees and about 20 accomplices were arrested and stood before a public struggle session in Yangdok County, South Pyongan Province. The North Korean authorities had claimed that they imported and distributed 'anti-socialist and non-socialist' recordings to 'ordinary people.'",0,2022-Q3
2022-09-14,2022,Strategic developments,Other,Government of North Korea (2011-),Civilians (North Korea),North Korea,Ryanggang,"Other: Around 14 September 2022 (as reported), North Korean authorities forced citizens in each institution and company in Ryanggang Province (coded as Hyesan city) to attend propaganda lectures to promote the newly passed 'Nuclear Forces Policy Act.' The law authorized leader Kim Jong Un to order a preemptive nuclear strike to counter threats. However, the people complained that the lectures were a waste of time as they struggled with the economic recession.",0,2022-Q3
2022-09-10,2022,Strategic developments,Other,Police Forces of North Korea (2011-) State Security Department,Military Forces of North Korea (2011-),North Korea,Pyongyang,"Other: On 10 September 2022, as reported by Radio Free Asia from a source inside North Korea, the North Korean authorities (coded as Pyongyang) cracked down on soldiers who performed in a unit under the Ministry of State Security, emulating South Korean singers and comedians. The soldiers and officers of the unit were forced to attend a month-long large-scale ideological lecture series. The North Korean authorities had claimed this action encouraged anti-socialist and non-socialist behavior.",0,2022-Q3
2022-09-08,2022,Strategic developments,Other,Government of North Korea (2011-),,North Korea,North Hamgyong,"Other: Around 8 September 2022, the North Korean authorities randomly inspected air-raid shelters in companies and organizations in North Hamgyong Province (coded as Hoeryong City). The authorities ensure the readiness of the party's civil defense policy as tension rises with the US and South Korea after Kim Jong Un declared to the Supreme People's Assembly that North Korea would never give up nuclear weapons.",0,2022-Q3
2022-09-16,2022,Strategic developments,Other,Government of North Korea (2011-),Civilians (North Korea),North Korea,Pyongyang,"Other: Around 16 September 2022, the North Korean authorities (coded as Pyongyang) held nationwide propaganda workshops every Tuesday. The source suggested that this was to strengthen ideological education among people amid serious hunger and poverty.",0,2022-Q3
2022-09-08,2022,Strategic developments,Change to group/activity,Government of North Korea (2011-),,North Korea,Pyongyang,"Security measures: On 8 September 2022, the North Korea Supreme People's Assembly (coded as Pyongyang) approved the 'Nuclear Forces Policy Act,' which authorized the leader Kim Jong Un to order a preemptive nuclear strike to counter threats. North Korea's leader Kim Jong Un strongly addressed the parliament and vowed never to surrender the country's nuclear weapons.",0,2022-Q3
2022-09-20,2022,Strategic developments,Other,Police Forces of North Korea (2011-) State Security Department,Civilians (North Korea),North Korea,North Hamgyong,"Other: Around 20 September 2022, as reported by Daily NK from a source inside North Korea, the State Security Department and prosecutor offices organized mop-up operation teams in North Hamgyong (coded as Chongjin City). The source suggested that North Korean authorities strengthened censorship on the unemployed and walk-off employees, especially young people without union membership. This North Korean authorities' action was exceptional as they punished civilians like criminals condemning their anti-socialist behavior.",0,2022-Q3
2022-09-15,2022,Strategic developments,Other,Government of North Korea (2011-),Civilians (North Korea),North Korea,Pyongyang,"Other: On 15 September 2022, as reported by Daily NK from a source inside North Korea, the North Korean authorities (coded as Pyongyang) organized a political workshop where high-ranking officials were involved in the national defense and nuclear weapon development. A political education material was released during the event, reporting about 3,000 cadres were purged and deported to political prisoner camps between December 2021 and August 2022, claiming their evil ideologies and behaviors. The source suggested that North Korean authorities used fear and terror as a political tool to carry out Kim Jong Un's idea on Nuclear Forces Policy Act.",0,2022-Q3
2022-10-05,2022,Strategic developments,Change to group/activity,Military Forces of North Korea (2011-),,North Korea,Ryanggang,"Change to armed group: On 5 October 2022, North Korean authorities ordered 24-hour special border guard duties in Ryanggang Province (coded as Hyesan City). They sent high-rank commanders to each unit to check and prepare for wartime mobilization ahead of the 77th anniversary of the founding of the Workers' Party of Korea. The source also suggested that this action was commanded amid the tension in the Korean peninsula following the recent provocative missile launches.",0,2022-Q4
2022-10-04,2022,Violence against civilians,Sexual violence,Police Forces of North Korea (2011-) Border Guard,Civilians (North Korea),North Korea,Ryanggang,"On 4 October 2022, as reported by Daily NK from a source inside North Korea, a 20-year-old soldier raped a woman in Kapsan County (Ryanggang). He was put on a public trial by the North Korean authorities. The source suggested that many sexual violence cases of border garrison soldiers had been reported.",0,2022-Q4
2022-09-20,2022,Strategic developments,Change to group/activity,Military Forces of North Korea (2011-),,North Korea,North Hamgyong,"Security measures: On 20 September 2022, North Korean authorities ordered a lockdown of North Hamgyong (coded as Chongjin City). The National Emergency Quarantine Command prohibited the movement of people among cities, counties and districts in the province. The source suggested that the authorities declared the latest restrictions were to prevent the spread of seasonal flu because they had touted Kim Jong Un's victory against the coronavirus.",0,2022-Q3
2022-10-02,2022,Strategic developments,Change to group/activity,Military Forces of North Korea (2011-),,North Korea,Pyongyang,"Security measures: Around 2 October 2022 (week of), as reported by Daily N.K. from a source inside North Korea, the North Korean authorities (coded as Pyongyang) conducted evacuation drills nationwide, including South Hwanghae, North Hwanghae, and Ryanggang provinces, while staging several aircraft protests recently. The source also reported that about 90 residents in Sariwon City were punished and forced to carry rice stalks. The authorities claimed they did not follow the wartime evacuation training order from the government.",0,2022-Q4
2022-10-03,2022,Strategic developments,Other,Government of North Korea (2011-),,North Korea,Pyongyang,"Other: On 3 October 2022, as reported by Daily N.K. from a source inside North Korea, the North Korean authorities (coded as Pyongyang) renamed the Ministry of State Security's Information and Communication Research Institute to the Information and Communications Strategy Research Center. The center was relocated from Pyongyang to Hyangsan County, North Pyongan Province. The source reported that the authorities moved the institute to the hinterland as it aimed to strengthen surveillance over people's personal information and communication directly supervised by the Ministry of State Security.",0,2022-Q4
2022-10-01,2022,Violence against civilians,Attack,Police Forces of North Korea (2011-) State Security Department,Civilians (North Korea),North Korea,South Pyongan,"Around 1 October 2022 (week of), as reported by Daily N.K. from a source inside North Korea, a couple was beaten by 3 security policemen in Pyongsong. The couple was trying to pick up some pieces of grain left in the fields; however, the security police fussed with the gleaning. The quarrel became an attack against the civilians.",0,2022-Q4
2022-10-02,2022,Strategic developments,Other,Police Forces of North Korea (2011-) State Security Department,,North Korea,North Pyongan,"Other: On 2 October 2022, as reported by Daily NK from a source inside North Korea, the North Korean Ministry of State Security began strengthening ideological control over people in North Pyongan Province (coded as Sinuiju City). The source suggested this change appeared to prevent potential threats to the regime amid increased tensions in the Korean peninsula.",0,2022-Q4
2022-10-01,2022,Strategic developments,Change to group/activity,Police Forces of North Korea (2011-) State Security Department,,North Korea,North Pyongan,"Security measures: On 1 October 2022, as reported by Daily NK from a source inside North Korea, the North Korean Ministry of State Security commanded to enhance border control over residents in North Pyongan Province (coded as Sinuiju City). The local police authorities were ordered not to have any 'single incident or accident' amid increased tensions in the Korean peninsula.",0,2022-Q4
2022-10-01,2022,Strategic developments,Change to group/activity,Military Forces of North Korea (2011-),,North Korea,South Hamgyong,"Security measures: Around 1 October 2022 (beginning of month), as reported by Daily NK from a source inside North Korea, the North Korean authorities began emergency call training of the Red Youth Guard (North Korea's student military group) for wartime mobilization in Hamhung City. The training was executed amid increased tensions in the Korean peninsula.",0,2022-Q4
2022-10-05,2022,Strategic developments,Other,Military Forces of North Korea (2011-),,North Korea,North Pyongan,"Other: On 5 October 2022, as reported by RFA from a source inside North Korea, North Korean military forces began investigating weapons in their armory of North Pyongan Province (coded as Sinuiju City). The source suggests that the event was preparation for wartime mobilization.",0,2022-Q4
2022-10-12,2022,Strategic developments,Change to group/activity,Police Forces of North Korea (2011-) State Security Department,,North Korea,Pyongyang,"Security measures: On 12 October 2022, as reported by Radio Free Asia from a source inside North Korea, the North Korean Ministry of State Security (coded as Pyongyang) commanded to enhance security nationwide to protect the safety of Kim Jong Un amid the recent tensions in the Korean peninsula. Local police authorities began investigating each household to eliminate rebels and potential threats to the regime.",0,2022-Q4
2022-10-05,2022,Strategic developments,Other,Military Forces of North Korea (2011-),,North Korea,North Hamgyong,"Other: On 5 October 2022, as reported by RFA from a source inside North Korea, North Korean military forces began investigating weapons in their armory of North Hamgyong Province (coded as Chongjin City). The source suggests that the event was preparation for wartime mobilization.",0,2022-Q4
2022-09-24,2022,Strategic developments,Other,Police Forces of North Korea (2011-) State Security Department,,North Korea,Ryanggang,"Other: Around 24 September 2022 (week of), as reported by Daily NK from a source inside North Korea, the State Security Department from Samjiyon city commanded enhanced surveillance over North Korean defectors and smugglers at the border (coded as Samjiyon). In response to increased border crossing and smuggling cases, the authorities strongly commanded the local authorities to arrest suspicious people and even kill someone in the act of committing a crime.",0,2022-Q3
2022-10-01,2022,Strategic developments,Other,Police Forces of North Korea (2011-) State Security Department,,North Korea,Ryanggang,"Other: On 1 October 2022, as reported by Daily NK from a source inside North Korea, the State Security Department from Hyesan city commanded enhanced surveillance over North Korean defectors and smugglers at the border (coded as Hyesan City). In response to increased border crossing and smuggling cases, the authorities strongly commanded the local authorities to arrest suspicious people and even kill someone in the act of committing a crime.",0,2022-Q4
2022-10-12,2022,Strategic developments,Change to group/activity,Military Forces of North Korea (2011-),,North Korea,Ryanggang,"Security measures: On 12 October 2022, as reported by Daily NK from a source inside North Korea, North Korean authorities (the 25th Border Guard Brigade) conducted live-fire exercises over three days (coded as Hyesan City). The source suggested the exercises were the government's efforts to alert its border guards and strengthen security amid the recent tensions in the Korean peninsula.",0,2022-Q4
2022-10-15,2022,Violence against civilians,Attack,Military Forces of North Korea (2011-),Civilians (North Korea),North Korea,Rason,"On 15 October 2022, as reported by Daily NK from a source inside North Korea, a teenage soldier was beaten to death by an officer at a sentry post in Rason. The officer was drunk and attacked the young soldier as he fell asleep during his guard duty. North Korean authorities had commanded enhanced border guard duties amid increased tensions in the Korean peninsula.",1,2022-Q4
2022-10-26,2022,Strategic developments,Other,Police Forces of North Korea (2011-) State Security Department,Civilians (North Korea),North Korea,North Hamgyong,"Other: Around 26 October 2022, as reported by Daily NK from a source inside North Korea, about 30 residents were punished by forcefully attending highly labor-intensive work by the police in Hoeryong City. North Korean authorities had ordered imposing a curfew after 6 pm in the borderland area amid increased tensions in the Korean peninsula. They claimed that the people violated the curfew order.",0,2022-Q4
2022-10-01,2022,Strategic developments,Other,Government of North Korea (2011-),,North Korea,North Hamgyong,"Other: On 1 October 2022, as reported by Daily NK from a source inside North Korea, the North Korean authorities held a propaganda lecture among young people in military units in Onsong. The source suggested that this was to strengthen ideological education among people amid the recent tensions in the Korean peninsula.",0,2022-Q4
2022-10-01,2022,Strategic developments,Other,Government of North Korea (2011-),,North Korea,North Hamgyong,"Other: On 1 October 2022, as reported by Daily NK from a source inside North Korea, the North Korean authorities held a propaganda lecture in factories and companies in Hoeryong City. The source suggested that this was to strengthen ideological education among people amid the recent tensions in the Korean peninsula. However, young people and workers who attended the lectures criticized the activities, condemning the authorities for not providing any measures to address severe hunger and poverty.",0,2022-Q4
2022-11-04,2022,Strategic developments,Other,Military Forces of North Korea (2011-),,North Korea,Pyongyang,"Other: On 4 November 2022, North Korea flew about 180 warplanes above the territorial land and waters of North Korea (coded as Pyongyang). None of the planes breached the 'Tactical Action Line (TAL)', which is 20 to 50 kilometers (12 to 30 miles) north of the Koreas' land and sea boundaries. South Korea responded by scrambling about 80 fighter jets.",0,2022-Q4
2022-11-08,2022,Strategic developments,Change to group/activity,Military Forces of North Korea (2011-),,North Korea,Pyongyang,"Security measures: Around 8 November 2022 (as reported), North Korean authorities imposed restrictions on access to Pyongyang for security reasons. The source suggested patients from other regions tried to enter the city to receive advanced treatment in the central state hospital. However, their applications were still suspended, and the patients suffered from coronavirus aftereffects.",0,2022-Q4
2022-09-24,2022,Violence against civilians,Attack,Police Forces of North Korea (2011-) State Security Department,Civilians (North Korea),North Korea,Kangwon,"Around 24 September 2022 (week of), a male doctor was publicly executed in front of his neighbors and colleagues by the North Korean authorities in Wonsan. The executed man was charged with the illegal production and sale of medicine that he made with Chinese materials to deal with the lack of medicine. This was usually accepted by the authorities as the country lacked medicine. However, the authorities have strengthened the restriction since May, when they first confirmed the coronavirus outbreak.",1,2022-Q3
2022-10-06,2022,Strategic developments,Other,Military Forces of North Korea (2011-),,North Korea,North Hwanghae,"Other: On 6 October 2022, North Korea flew 12 warplanes from Goksan toward Hwangju in North Hwanghae Province. The event prompted the South Korean airforce response by scrambling 30 aircraft, but they did not engage in any clash with the North Korean aircraft. It was the first time that the North Korean authorities mobilized so many warplanes for such a 'provocative' flight. The source also suggested the event was highly unusual, and it happened hours after North Korea fired two ballistic missiles.",0,2022-Q4
2022-11-01,2022,Strategic developments,Change to group/activity,Military Forces of North Korea (2011-),,North Korea,Pyongyang,"Change to armed group: On 1 November 2022, as reported by Daily NK from a source inside North Korea, The North's supreme military command newly established the Space Strategy Department (coded as Pyongyang). The activity came after Kim Jong Un's recent legislation of the 'Nuclear Forces Policy Act,' which authorized the leader Kim Jong Un to order a preemptive nuclear strike to counter threats. The source suggested it was one of the projects to strengthen its nuclear capability.",0,2022-Q4
2022-10-30,2022,Strategic developments,Other,Military Forces of North Korea (2011-),,North Korea,Ryanggang,"Other: On 30 October 2022, as reported by Daily NK from a source inside North Korea, border security units (the 25th Border Guard Brigade) organized loyalty determination gatherings in Ryanggang Province (coded as Hyesan City). The source suggested that the activity was used to imbue loyalty to the leadership and strengthen combat power amid increased tensions in the Korean peninsula.",0,2022-Q4
2022-11-05,2022,Strategic developments,Other,Military Forces of North Korea (2011-),,North Korea,Pyongyang,"Other: On 5 November 2022, as reported by Daily NK from a source inside North Korea, North Korean military forces (coded as Pyongyang) began to dispatch high-rank officials to strategic force units for weapon inspection. The source suggested the event was preparation for wartime mobilization, and the group supplied ammunition, shells, and bombs to the units.",0,2022-Q4
2020-12-15,2020,Violence against civilians,Attack,Military Forces of North Korea (2011-),Civilians (North Korea),North Korea,Pyongyang,"Around 15 December 2020 (month of), 10 state security officials and border security command soldiers were executed due to gold smuggling. Dozens of their families were sent to the political prison camps. Location coded at Pyongyang.",10,2020-Q4
2022-10-15,2022,Strategic developments,Other,Military Forces of North Korea (2011-),,North Korea,Chagang,"Other: Around 15 October 2022 (week of), as reported by Daily NK from a source inside North Korea, North Korean military forces withdrew the Storm Corps (11th Corps) battalion guarding the border in Changgang Province (coded as Kanggye City). The battalion had been deployed to Chagang Province to shut down the border following the outbreak of COVID-19. However, the authorities decided to withdraw it due to its growing ideological corruption and anti-socialist behaviors, including frequent border crossings into China.",0,2022-Q4
2022-11-28,2022,Violence against civilians,Attack,Military Forces of North Korea (2011-),Civilians (North Korea),North Korea,Pyongyang,"On 28 November 2022, as reported by Daily NK from a source inside North Korea, a young soldier in his 20s was beaten to death while in custody by four military officers at the Pyongyang Defence Command (Pyongyang). He was detained due to alleged anti-socialist behaviors, including watching and distributing illegal videos.",1,2022-Q4
2022-10-15,2022,Violence against civilians,Attack,Police Forces of North Korea (2011-) State Security Department,Civilians (North Korea),North Korea,Ryanggang,"Around 15 October 2022 (month of), three teenage students were executed publicly by the North Korean authorities in Hyesan City. The North Korean authorities claimed two of them illegally watched and distributed South Korean films and pornography. The other student killed his stepmother.",3,2022-Q4
2022-12-01,2022,Strategic developments,Change to group/activity,Military Forces of North Korea (2011-),,North Korea,Pyongyang,"Security measures: Around 1 December 2022 (month of), as reported by Daily N.K. from a source inside North Korea, the North Korean authorities (coded as Pyongyang) recruited about thirty thousand soldiers and conducted intensive drills. They are preparing for the grand national military parade while some soldiers collapse due to its intensity amid a cold wave.",0,2022-Q4
2022-11-16,2022,Violence against civilians,Attack,Military Forces of North Korea (2011-),Civilians (North Korea),North Korea,Pyongyang,"Around 16 November 2022 (week of), as reported by Daily NK from a source inside North Korea, 4 high school students were arrested in Pyongyang by the North Korean authorities. A student was beaten to death by an officer in a detention room. The students illegally watched and distributed South Korean films, series, and music videos. The North Korean authorities claimed this action encouraged anti-socialist and non-socialist behavior.",1,2022-Q4
2022-12-10,2022,Violence against civilians,Attack,Military Forces of North Korea (2011-),Civilians (North Korea),North Korea,Pyongyang,"On 10 December 2022, the North Korean authorities (coded as Pyongyang) executed the Commander of the Unmanned Air Force at Taetan Air Field. He was responsible for the poor maintenance of weapons.",1,2022-Q4
2023-01-25,2023,Strategic developments,Change to group/activity,Government of North Korea (2011-),,North Korea,Pyongyang,"Security measures: On 25 January 2023, as reported by RFA from a source inside North Korea, North Korean authorities ordered a lockdown in Pyongyang to prevent the spread of the coronavirus. The authorities planned to lift the lockdown on 31 January.",0,2023-Q1
2023-02-08,2023,Strategic developments,Other,Military Forces of North Korea (2011-),,North Korea,Pyongyang,"Other: On 8 February 2023, North Korea held a military parade in Kim Il Sung Square, Pyongyang, to celebrate the 75th anniversary of the founding of the Korean People's Army. During the parade, they showcased recently developed solid-fueled weapons and their largest intercontinental ballistic missile (ICBM), Hwasong-17.",0,2023-Q1
2023-02-06,2023,Strategic developments,Other,Military Forces of North Korea (2011-),,North Korea,Pyongyang,"Other: On 6 February 2023, North Korean leader Kim Jong Un held the 4th enlarged meeting of the 8th ruling Workers' Party's Central Military Commission in Pyongyang. He ordered his military to expand its combat exercises and strengthen war preparedness amid the growing tensions with South Korea and the US. It has been seven months since the 3rd enlarged meeting of the 8th ruling Workers' Party's Central Military Commission, which was held for three days from 21 June last year.",0,2023-Q1
2023-02-02,2023,Battles,Armed clash,Unidentified Armed Group (North Korea),Military Forces of North Korea (2011-),North Korea,North Pyongan,"On 2 February 2023, a civilian driver was beaten heavily by the cadets from Ri Je Sun Officers Academy while driving along the bank of the Yalu River in North Pyongan Province (coded as Sinuiju City) as he was blamed for not stopping the truck for an unconscious cadet. After the violence, the driver was in rage, intentionally driving off a cliff, killing everyone onboard. The source said the Central Military Commission ordered the military to seriously deal with the issue to prevent worsening relations between the military and civilians during the winter training period.",5,2023-Q1
2023-02-18,2023,Strategic developments,Other,Government of North Korea (2011-),,North Korea,Pyongyang,"Other: On 18 February 2023, the North Korean authorities (coded as Pyongyang) held nationwide propaganda workshops. The source suggested that this was to strengthen ideological education among people, celebrating Kim Jong Il's birthday on 16 February.",0,2023-Q1
2023-02-18,2023,Strategic developments,Change to group/activity,Military Forces of North Korea (2011-),,North Korea,Pyongyang,"Security measures: On 18 February 2023, North Korea (coded as Pyongyang) imposed the No. 1 combat-ready measure at the air force for the next fifteen days. This was to raise the level of security amid increased tension as the US and South Korea prepare for joint military exercises.",0,2023-Q1
2023-02-20,2023,Strategic developments,Change to group/activity,Military Forces of North Korea (2011-),,North Korea,Ryanggang,"Security measures: On 20 February 2023, as reported by Daily NK from a source inside Ryanggang Province, the North Korean authorities executed a 10-day wartime mobilization training in Hyesan City. The source suggested it was a response to increased tension due to the US and South Korea's joint military exercises.",0,2023-Q1
2023-03-15,2023,Strategic developments,Change to group/activity,Military Forces of North Korea (2011-),,North Korea,Pyongyang,"Security measures: Around 15 March 2023 (month of), North Korean authorities (coded as Pyongyang) imposed restrictions on the movement of people among cities and counties. The source suggested this control was a security measure amid the tensions as the US and South Korea held major military drills.",0,2023-Q1
2023-03-31,2023,Battles,Armed clash,Unidentified Armed Group (North Korea),Police Forces of North Korea (2011-) State Security Department,North Korea,North Hamgyong,"Around 31 March 2023 (end of month), a prisoner escaped a North Korean detention center and shot four officers in Chongjin City. The prisoner committed suicide after the shooting incident. After his brother made statements criticizing the system, he was forcibly arrested and taken to jail due to guilt by association.",0,2023-Q1
2021-10-30,2021,Violence against civilians,Sexual violence,Police Forces of North Korea (2011-) Border Guard,Civilians (North Korea),North Korea,North Hamgyong,"Around 30 October 2021 (week of), border security soldiers arrested a woman in her 20s in Hoeryong City who attempted to defect to China due to difficulties in living. Officials of the preliminary hearing security guards physically attacked and sexually assaulted the woman. At last, she killed herself on 30 October.",0,2021-Q4
2023-02-28,2023,Violence against civilians,Attack,Police Forces of North Korea (2011-) State Security Department,Civilians (North Korea),North Korea,North Hamgyong,"Around 28 February 2023 (end of month), a man in his 40s was beaten severely while in custody by prison officers at the Kilju County Labor Training Corps in Kilju County. He was detained due to an alleged robbery to overcome poverty.",0,2023-Q1
2023-05-12,2023,Strategic developments,Other,Police Forces of North Korea (2011-) State Security Department,Civilians (North Korea),North Korea,North Pyongan,"Other: On 12 May 2023, as reported by RFA from a source inside North Korea, the state security department increased surveillance of young people using mobile phones in North Pyongan Province (coded as Sinuiju City). Scores of young people were caught using their mobile phones and saving anti-socialist text messages, music, and videos.",0,2023-Q2
2023-05-04,2023,Violence against civilians,Attack,Military Forces of North Korea (2011-),Civilians (North Korea),North Korea,Ryanggang,"On 4 May 2023, as reported by RFA from a source inside North Korea, a middle school student was beaten to death by five soldiers in Tongnam Village in the northern region of Ryanggang Province (coded as Hyesan City). He was trying to sell gasoline to pay an arbitrary school fee to continue his education.",1,2023-Q2
2023-05-15,2023,Strategic developments,Other,Military Forces of North Korea (2011-),,North Korea,Pyongyang,"Other: On 15 May 2023, as reported by Daily NK from a source inside North Korea, a trading company affiliated with North Korea's Ministry of National Defense (coded as Pyongyang) started recruiting about 100 young, healthy soldiers (aged between 21-25 years old) who would be sent to two countries. The source said this overseas dispatch of armed forces is the state's primary method to earn dollars. It is said that the relevant information, such as the destinations and work description, is kept secret.",0,2023-Q2
2023-04-30,2023,Strategic developments,Other,Military Forces of North Korea (2011-),,North Korea,Ryanggang,"Other: Around 30 April 2023 (week of), as reported by RFA from a source inside North Korea, North Korean authorities withdrew additional guards along the border who were deployed during the coronavirus quarantine period in Ryanggang Province (coded as Hyesan City), and instead expanded barbed wire fences and land mines near the Yalu River. The source suggests this change was to increase control on smuggling or defecting through the border.",0,2023-Q2
2023-03-15,2023,Strategic developments,Other,Police Forces of North Korea (2011-) State Security Department,Civilians (North Korea),North Korea,Ryanggang,"Other: Around 15 March 2023 (week of), as reported by Daily NK from a source inside North Korea, 17 young people were put on a public trial by the North Korean authorities in Hyesan City. The source suggested that they were caught consuming anti-socialist music and videos and speaking the South Korean language.",0,2023-Q1
2023-06-05,2023,Strategic developments,Other,Police Forces of North Korea (2011-) State Security Department,,North Korea,Ryanggang,"Other: On 5 June 2023, North Korea dispatched a censorship team consisting of senior students of the School of Social Security (North Korea's police political officer training center) to Hyesan City. The source said that Kim Jong-un ordered the strict censorship of anti-socialist practices in the region responding to recently increasing crimes.",0,2023-Q2
2023-05-15,2023,Violence against civilians,Attack,Police Forces of North Korea (2011-) State Security Department,Civilians (North Korea),North Korea,North Hamgyong,"Around 15 May 2023 (week of), 5 inmates at Susong Concentration Camp (Chongjin City) were publicly executed by the security guards of the State Security Department. Those political prison camp inmates were executed on the spot for causing a collective disturbance.",5,2023-Q2
2022-07-05,2022,Strategic developments,Other,Police Forces of North Korea (2011-) State Security Department,Civilians (North Korea),North Korea,South Pyongan,"Other: On 5 July 2022, as reported by Daily NK from a source inside North Korea, a Pyongan Province official was fired and deported with families to a rural area (coded as Pyongsong) by the North Korean authorities. It was due to the officials' alleged corruption and acceptance of bribes over the past year.",0,2022-Q3
2022-07-13,2022,Strategic developments,Other,Police Forces of North Korea (2011-) State Security Department,Civilians (North Korea),North Korea,Pyongyang,"Other: On 13 July 2022, as reported by Daily NK from a source inside North Korea, the chief of Trade division in North Hamgyong was arrested and kept in custody by the North Korean authorities (Pyongyang). It was due to his condemnation of the government's coronavirus and trade policies and guidelines.",0,2022-Q3
2022-07-24,2022,Strategic developments,Other,Police Forces of North Korea (2011-) State Security Department,Civilians (North Korea),North Korea,Pyongyang,"Other: On 24 July 2022, as reported by Daily NK from a source inside North Korea, a party leader of Gangdong machinery factory in Pyongyang was arrested and punished with his family by the North Korean authorities (Pyongyang). The punishment was because the authorities regarded his achievement in the region as a behavior of idolizing an individual executive and a threat to Kim Jong Un's leadership.",0,2022-Q3
2022-05-12,2022,Strategic developments,Arrests,Police Forces of North Korea (2011-) State Security Department,Civilians (North Korea),North Korea,Pyongyang,"Around 12 May 2022, as reported by Daily NK from a source inside North Korea, about 450 cadres from the capital and provincial regions were secretly arrested by the Ministry of State Security (Pyongyang) and sent to political prison camps. The source suggested that those officials were blamed after coronavirus cases appeared in the 90th anniversary of the founding of North Korea's military which was the first event which Kim Jong Eun attended amid the COVID-19 pandemic.",0,2022-Q2
2023-06-23,2023,Strategic developments,Change to group/activity,Military Forces of North Korea (2011-),,North Korea,Ryanggang,"Security measures: On 23 June 2023, as reported by Daily NK from a source inside North Korea, the North Korean authorities imposed a mobility restriction on residents in Ryanggang Province (coded as Hyesan City). The residents cannot even travel to other cities and counties within the province. The source reported this change was to control people's defection to China.",0,2023-Q2
2023-06-19,2023,Strategic developments,Other,Police Forces of North Korea (2011-) State Security Department,Civilians (North Korea),North Korea,Kangwon,"Other: On 19 June 2023, as reported by Daily NK from a source inside North Korea, about 60 university students of Wonsan Normal University were put on a public trial by the North Korean authorities in Wonsan City. 30 people were put on trial at a time. The source suggested that they were caught consuming anti-socialist music and videos and speaking the South Korean language.",0,2023-Q2
2023-06-27,2023,Violence against civilians,Attack,Military Forces of North Korea (2011-),Civilians (North Korea),North Korea,Ryanggang,"Around 27 June 2023 (week of), as reported by RFA from a source inside North Korea, a border garrison soldier in Hyesan City burglarized villagers' houses several times and robbed a woman at night. The source reported that the delinquency of border guard soldiers had increased after they knew 'the taste of money' while cracking down on cross-border activities.",0,2023-Q2
2023-07-01,2023,Strategic developments,Change to group/activity,Police Forces of North Korea (2011-) State Security Department,,North Korea,North Hamgyong,"Security measures: Around 1 July 2023 (beginning of month), as reported by Daily NK from a source inside North Korea, North Korea's Ministry of State Security ordered soldiers to deepen the bottom of the Tumen River in North Hamgyong Province (coded as Hoeryong City) to prevent people from defecting across the river.",0,2023-Q3
2023-07-27,2023,Strategic developments,Other,Military Forces of North Korea (2011-),,North Korea,Pyongyang,"Other: On 27 July 2023, North Korea held a military parade in Kim Il Sung Square, Pyongyang, to celebrate the 70th Korean War armistice anniversary. Senior Russian and Chinese delegates joined North Korean leader Kim Jong Un at the parade, where he showcased recently developed missiles.",0,2023-Q3
2023-08-23,2023,Violence against civilians,Attack,Military Forces of North Korea (2011-),Civilians (North Korea),North Korea,Rason,"On 23 August 2023, a civilian was beaten to death by soldiers at the farmland managed by the unit in Rason when he was trying to pick corn at the farm.",1,2023-Q3
2023-08-12,2023,Strategic developments,Change to group/activity,Military Forces of North Korea (2011-),,North Korea,Pyongyang,"Security measures: On 12 August 2023, as reported by Daily NK from a source inside North Korea, the North Korean authorities (coded as Pyongyang) held a military training to improve rocket launchers and modernize the military while North Korean leader Kim Jong Un attended.",0,2023-Q3
2023-08-05,2023,Strategic developments,Other,Military Forces of North Korea (2011-),,North Korea,Pyongyang,"Other: On 5 August 2023, North Korean leader Kim Jong Un finished his three-day tour to inspect weapon factories, including those producing artillery shells and ballistic missiles (coded as Pyongyang). The source suggests the political action was to increase war readiness against South Korea and the US's upcoming joint military exercises.",0,2023-Q3
2023-09-05,2023,Strategic developments,Other,Police Forces of North Korea (2011-) State Security Department,,North Korea,Pyongyang,"Other: Around 5 September 2023 (as reported), North Korea (coded as Pyongyang) strengthened a special police armed mobile unit attached to the Ministry of Social Security as part of intensifying efforts to guard against potential anti-state activities by the general public.",0,2023-Q3
2023-09-08,2023,Strategic developments,Other,Military Forces of North Korea (2011-),,North Korea,Pyongyang,"Other: On 8 September 2023, North Korea held a military parade in Kim Il Sung Square, Pyongyang, to celebrate the 75th anniversary of the founding of the Democratic People's Republic of Korea. Senior Russian and Chinese delegates joined North Korean leader Kim Jong Un at the parade.",0,2023-Q3
2023-11-24,2023,Strategic developments,Headquarters or base established,Military Forces of North Korea (2011-),,North Korea,North Hwanghae,"On 24 November 2023, North Korea re-established its Guard Posts (GPs) equipped with weapons on the North side of DMZ (Joint Security Area).",0,2023-Q4
2024-03-15,2024,Strategic developments,Other,Military Forces of North Korea (2011-),,North Korea,Pyongyang,"Other: On 15 March 2024, North Korean leader Kim Jong Un inspected air warfare drills (coded as Pyongyang). North Korea's drills took place after South Korea and the US's annual joint military exercises.",0,2024-Q1
2024-06-09,2024,Strategic developments,Other,Military Forces of North Korea (2011-),,North Korea,North Hwanghae,"Other: On 9 June 2024, a dozen North Korean soldiers crossed the border of DMZ (Joint Security Area). South Korea fired warning shots immediately, but the South Korean Joint Chiefs of Staff acknowledged the border crossing seemed a mistake.",0,2024-Q2
2024-06-18,2024,Strategic developments,Disrupted weapons use,Military Forces of North Korea (2011-),,North Korea,North Hwanghae,"Detonation: Around 18 June 2024 (as reported), a number of North Korean soldiers were killed or injured by landmine explosions while laying explosives at the DMZ (Joint Security Area). Since April, North Korea had set up mines and installed structures that appear to be anti-tank barriers at the border.",0,2024-Q2
2024-07-03,2024,Violence against civilians,Attack,Police Forces of North Korea (2011-) State Security Department,Civilians (North Korea),North Korea,Pyongyang,"Around 3 July 2024 (week of), according to an anonymous South Korean government official, around 30 young middle school students were publicly executed by the security guards of the State Security Department (coded as Pyongyang). They were caught allegedly watching South Korean dramas stored on USBs that were sent via balloon by a North Korean defectors' group in South Korea. The South Korean Unification Ministry did not officially confirm the mass execution claim.",30,2024-Q3
2024-07-19,2024,Strategic developments,Other,Government of North Korea (2011-),Government of Russia (2000-),North Korea,Pyongyang,"Other: On 19 July 2024, North Korea held a military talk with the Russian vice defense minister in Pyongyang. They shared the 'defend mutual security interests' as reported by the North's state media. It happened a month after Vladimir Putin visited North Korea on 19 June 2024.",0,2024-Q3
2024-08-07,2024,Strategic developments,Other,Police Forces of North Korea (2011-) State Security Department,Civilians (North Korea),North Korea,North Hamgyong,"Other: On 7 August 2024, as reported by Asia Press, a family was put on a public trial by the North Korean authorities in Hoeryong City while 250-300 people attended the trial. The source suggested that they were caught using a smuggled Chinese mobile phone to communicate with foreign countries.",0,2024-Q3
2024-09-13,2024,Strategic developments,Other,Government of North Korea (2011-),Government of Russia (2000-),North Korea,Pyongyang,"Other: On 13 September 2024, North Korean leader Kim Jong Un held talks with top Russian security official Sergei Shoigu, focusing on strengthening strategic dialogue between the two nations in Pyongyang. The meeting marked the start of closer relations and military ties between North Korea and Russia. The visit took place amid the U.S. alleging that North Korea haD supplied ammunition and ballistic missiles to Russia for the war in Ukraine.",0,2024-Q3
2024-10-09,2024,Strategic developments,Change to group/activity,Military Forces of North Korea (2011-),,North Korea,Pyongyang,"Change to armed group: On 9 October 2024, North Korea test-fired around 10 240-millimeter-caliber controllable shells for a multiple rocket launcher (coded as Pyongyang). As its state media reported, the test aimed to reconfirm the precision of the shells at their maximum range of 67 kilometers (41.6 miles). The effective range was previously estimated to be 40 kilometers, with a maximum range of 60 kilometers. If the range has been extended, there are concerns that targets in the Seoul metropolitan area could be precisely struck if launched near the Military Demarcation Line (MDL).",0,2024-Q4
2024-10-08,2024,Strategic developments,Other,Military Forces of North Korea (2011-),,North Korea,Pyongyang,"Other: On 8 October 2024, as reported by South Korea's National Intelligence Service, North Korea sent 1,500 special operations forces to Russia to participate in the war in Ukraine (coded as Pyongyang). In total, North Korea has decided to deploy 12,000 troops, including 1,500 special forces, to support the Russian armies.",0,2024-Q4
2024-10-14,2024,Strategic developments,Other,Military Forces of North Korea (2011-),,North Korea,Pyongyang,"Other: On 14 October 2024, North Korean leader Kim Jong Un convened a high-level national security meeting in Pyongyang. According to state media, he ordered plans for 'immediate military action' amid escalating tensions with the South. This meeting comes in the wake of North Korea's accusations that South Korea has been flying drones over its capital and mobilizing troops near the border.",0,2024-Q4
2024-10-23,2024,Strategic developments,Other,Military Forces of North Korea (2011-),,North Korea,Pyongyang,"Other: On 23 October 2024, South Korea's National Intelligence Service reported that North Korea dispatched an additional 1,500 special operations forces to Russia to participate in the war in Ukraine (coded as Pyongyang). In total, North Korea has decided to deploy 12,000 troops to support Russian forces. Both North Korea and Russia have acknowledged this troop deployment. The United States also confirmed that North Korea has sent 3,000 troops to Russia, asserting that this move could signify a significant escalation in the Ukraine-Russia conflict.",0,2024-Q4
2019-07-31,2019,Strategic developments,Change to group/activity,Military Forces of North Korea (2011-),,North Korea,Kangwon,"Change to armed group: On 31 July 2019, North Korean military forces fired two short-range ballistic missiles (SRBM), identified as Hwasong-11A (KN-23), described by North Korea as 'a newly developed large-caliber multiple launch guided rocket system,' from Hodo peninsula near the east coast town of Wonsan (coded at Coast of Kangwon). This action followed the U.S. Treasury Department's sanctions imposed two days earlier on a North Korean individual based in Vietnam for his alleged involvement in the weapons program.",0,2019-Q3
2024-09-18,2024,Strategic developments,Change to group/activity,Military Forces of North Korea (2011-),,North Korea,North Hamgyong,"Change to armed group: On 18 September 2024, North Korea test-fired two types of tactical ballistic missiles, Hwasongpho-11-DA-4.5 (a variant of Hwasong-11), including one with a 'super-large conventional warhead' and an 'improved' cruise missile. They landed in the mountainous northeastern region of North Hamgyong Province (coded as Chongjin City). It is highly unusual for North Korea to fire missiles at land targets, as the country typically conducts test launches off its east coast because of concerns about potential damages on the ground if the weapons land in unintended areas. This is interpreted as an attempt to demonstrate the missile's accuracy. According to South Korea's Joint Chiefs of Staff, 'The North Korean missiles traveled approximately 400 kilometers before landing. These missile tests come just days after North Korea offered a rare glimpse into a secretive facility used to enrich uranium for nuclear weapons.",0,2024-Q3
2024-11-04,2024,Strategic developments,Other,Military Forces of North Korea (2011-),,North Korea,Pyongyang,"Other: On 4 November 2024, the US government reported that 10,000 troops sent by North Korea are now in Russia near the Ukrainian border to support Russian forces (coded as Pyongyang). As it is reported, the Russian military trained the North Korean soldiers in artillery operations and drone operations, indicating Russia's intention to deploy this force in frontline operations.",0,2024-Q4
2022-03-16,2022,Strategic developments,Change to group/activity,Military Forces of North Korea (2011-),,North Korea,Pyongyang,"Change to armed group: On 16 March 2022, North Korea launched a projectile that appeared a missile (likely Hwasong 17 ICBM) near Pyongyang. The missile took an erratic flight path and exploded in mid-air.",0,2022-Q1
2020-08-11,2020,Violence against civilians,Attack,Military Forces of North Korea (2011-),Civilians (China),North Korea,South Hwanghae,"On 11 August 2020, North Korean Coastal Patrol opened fire on 10 Chinese fishing boats who were fishing illegally in North Korean waters near Haeju and Ongjin Counties off the coast of South Hwanghae Province. At least three Chinese fishers were killed and the Chinese boats retreated. Chinese authorities did not confirm the incident, but did order a ban on fishing activities near Dandong, Liaoning which is across the border from Sinuiju, North Korea.",0,2020-Q3
2022-03-16,2022,Strategic developments,Change to group/activity,Military Forces of North Korea (2011-),,North Korea,Pyongyang,"Change to armed group: On 16 March 2022, North Korea launched a projectile that appeared to be a missile (likely a Hwasong-17 ICBM based on its size, characteristics observed in the footage, and its launch location aligned with previous deployments although South Korea claimed it was a Hwasong-15) near Pyongyang. The missile took an erratic flight path and exploded in mid-air.",0,2022-Q1
2024-11-15,2024,Strategic developments,Other,Military Forces of North Korea (2011-),,North Korea,Pyongyang,"Other: On 15 November 2024, as reported by the Korean Central News Agency, the North Korean leader supervised the performance testing of various types of suicide attack drones produced by research institutes and enterprises (coded as Pyongyang). Experts analyze that North Korea may be aiming to export drones to conflict zones because they are cost-effective attack tools. These uncrewed aerial vehicles (UAVs) offer a relatively low-cost means of carrying out attacks.",0,2024-Q4
2024-05-27,2024,Strategic developments,Change to group/activity,Military Forces of North Korea (2011-),,North Korea,Pyongyang,"Change to armed group: On 27 May 2024, North Korea launched the country's second spy satellite Malligyong-1-1 (coded as Pyongyang). However, North Korea's official Korean Central News Agency admitted the test failed as the rocket exploded due to a suspected engine problem.",0,2024-Q2
2023-11-21,2023,Strategic developments,Change to group/activity,Military Forces of North Korea (2011-),,North Korea,Pyongyang,"Change to armed group: On 21 November 2023, North Korea launched its third spy satellite, Mallikyong-1, using the Chollima-1 rocket launcher, from the Tongchang-ri are into space, which succeeded in entering orbit (coded as Pyongyang). The launch impacted the Pacific Ocean 1200 kilometers southwest of Japan, passing over between Okinawa Island and Miyako Island.",0,2023-Q4
2024-11-21,2024,Strategic developments,Other,Military Forces of North Korea (2011-),,North Korea,Pyongyang,"Other: On 21 November 2024, North Korea held the military hardware exhibition National Defense Development 2024 in Pyongyang, featuring its newest suicide attack drone, the Saetbyol-9, which resembled the U.S. MQ-9 Reaper, solid-fuel intercontinental ballistic missiles (ICBMs), hypersonic missiles, and multiple rocket launchers, which South Korean intelligence suggested had been supplied to Russia. During his speech at the event, North Korean leader Kim Jong Un emphasized the importance of mass-producing unmanned aerial vehicles to prevent 'invasion' by enemies, citing their cost-effectiveness and strategic value.",0,2024-Q4
2020-06-16,2020,Explosions/Remote violence,Remote explosive/landmine/IED,Military Forces of North Korea (2011-),,North Korea,North Hwanghae,"On 16 June 2020, North Korea bombed the inter-Korean liaison office in Kaesong, which had been established in 2018 as a symbol of the inter-Korean peace process. The act was reportedly in response to anti-regime leaflet campaigns by North Korean defectors in the South. The office was empty, having closed in January 2020 due to COVID-19.",0,2020-Q2
2019-06-25,2019,Violence against civilians,Abduction/forced disappearance,Police Forces of North Korea (2011-),Civilians (Australia),North Korea,Pyongyang,"On 25 June 2019, an Australian citizen who was an international student at a Pyongyang university and a tour guide in Pyongyang disappeared from social media and from contact with his families and friends. Australia's prime minister first confirmed his disappearance on 2 July 2019. The Australian student was released by North Korea during the visit of Swedish special envoy to North Korea. He arrived in Tokyo and united with his wife on 4 July, 2019.",0,2019-Q2
2019-06-30,2019,Strategic developments,Other,Government of North Korea (2011-),Government of the United States (2017-2021),North Korea,North Hwanghae,"On 30 June 2019, DPRK leader Kim Jong Un and US President Donald Trump met for the third time in Panmunjom inside DMZ (Joint Security Area). Trump became the first sitting US President to set foot on North Korean soil by crossing the military demarcation line in to the North. Trump, Kim, and South Korean President Moon then entered the South Korean side for talks. The DPRK leader and the US President agreed that the denuclearization talks would resume within weeks after their meeting on that day.",0,2019-Q2
2019-07-06,2019,Strategic developments,Other,Civilians (South Korea),,North Korea,Pyongyang,"On 6 July 2019, the son of the former South Korean Foreign Minister defected and arrived in Pyongyang from South Korea. His parents defected to North Korea in 1986. His father was previously South Korea's ambassador in West Germany before defection and an official of the North Korean government after defection. His mother also took high positions in the North Korean government.",0,2019-Q3
2021-07-27,2021,Strategic developments,Other,Government of North Korea (2011-),,North Korea,Pyongyang,"Other: Around 27 July 2021 (from 24 - 27 July), the North Korean government held a workshop of military commanders and political officers to discuss ways to enhance the North's military strength (coded at Pyongyang). It was the first such meeting since North Korea's military was founded. According to the official Korean Central News Agency, the North Korean leader Kim Jong Un ordered the workshop attendees to put more significant efforts into boosting their units' combat efficiency.",0,2021-Q3
2021-09-11,2021,Strategic developments,Change to group/activity,Military Forces of North Korea (2011-),,North Korea,Pyongyang,"Change to armed group: On 11 September 2021, North Korea launched new long-range cruise missiles, its first low-flying missiles capable of hitting targets in Japan. The missiles traveled for about two hours above the territorial land and waters of North Korea, hit targets 1,500 kilometers away, and fell into the country's territorial land. This was the fourth ballistic missile launch of the year 2021. The launch and landing exact locations are unknown. Event coded at Pyongyang.",0,2021-Q3
2021-09-12,2021,Strategic developments,Change to group/activity,Military Forces of North Korea (2011-),,North Korea,Pyongyang,"Change to armed group: On 12 September 2021, for the second consecutive day, North Korea launched new long-range cruise missiles in the air above the territorial land and waters of North Korea. The missiles fell into the country's territorial waters. The launch and landing exact locations are unknown. Event coded at Pyongyang.",0,2021-Q3
2021-09-30,2021,Strategic developments,Change to group/activity,Military Forces of North Korea (2011-),,North Korea,Pyongyang,"Change to armed group: On 30 September 2021, North Korea's Academy of Defence Science test-fired a new type of anti-aircraft missile, a defensive weapon system designed to destroy aircraft with a relatively short range. The launch and landing locations are unknown (coded at Pyongyang). As reported by the North's state-run Korean Central News Agency (KCNA), the test was conducted to confirm the practicality of operation of the launcher, radar, and comprehensive battle command vehicle, and the all-around combat performance of the missile. The missile test was reportedly watched by Pak Jong-chon, a member of the Presidium of the Politburo of the Workers' Party, and other defense and science officials. The missile test was its fourth round of weapons firings in September 2021.",0,2021-Q3
2021-10-04,2021,Strategic developments,Other,Government of North Korea (2011-),Government of South Korea (2017-2022),North Korea,Pyongyang,"Other: On 4 October 2021, North Korea restored communication lines with South Korea 55 days after it cut a cross-border hotline. According to South Korea's unification ministry, officials from both Koreas exchanged their first phone call (coded at Pyongyang).",0,2021-Q4
2021-10-11,2021,Strategic developments,Other,Military Forces of North Korea (2011-),,North Korea,Pyongyang,"Other: On 11 October 2021, North Korea held a Self-Defence-2021 weapons exhibition in Pyongyang to celebrate the 76th anniversary of the founding of the Workers' Party of Korea. The exhibition featured an array of newly developed weapons, including intercontinental ballistic missiles (ICBM) North Korea has already test-launched or displayed during military parades in recent years. Other weapons on display were ballistic missiles fired from submarines or trains, solid-fueled, short-range missiles, and a developmental hypersonic missile that had its first test-flight in September 2021. North Korean authorities said it would continue developing weapons for self-defense.",0,2021-Q4
2022-01-01,2022,Strategic developments,Change to group/activity,Military Forces of North Korea (2011-),,North Korea,Kangwon,"Security measures: On 1 January 2022, North Korea imposed the No. 1 combat-ready measure at the border area of Kangwon province (coded as Wonsan) for the next six days. This was to raise the level of security as a redefector from the South had crossed the Demilitarized Zone (DMZ) earlier that day. South Korean officials confirmed the redefection.",0,2022-Q1
2022-03-16,2022,Explosions/Remote violence,Remote explosive/landmine/IED,Military Forces of North Korea (2011-),,North Korea,Pyongyang,"On 16 March 2022, North Korea test-fired a suspected ballistic missile from Sunan (Pyongyang) towards the ocean off its east coast. South Korea's Joint Chiefs of Staff announced that it traveled at an altitude of 20 kilometers but exploded soon after its launch. Event coded at Pyongyang.",0,2022-Q1
2022-04-25,2022,Strategic developments,Other,Military Forces of North Korea (2011-),,North Korea,Pyongyang,"Other: On 25 April 2022, North Korea held a military parade in Kim Il Sung Square, Pyongyang, to celebrate the 90th anniversary of founding of the Korean People's Revolutionary Army. During the parade, they showcased recently developed weapons, including hypersonic missiles, submarine-launched ballistic missiles (SLBMs), and their largest intercontinental ballistic missile (ICBM), Hwasong-17.",0,2022-Q2
2022-05-12,2022,Strategic developments,Change to group/activity,Military Forces of North Korea (2011-),,North Korea,Pyongyang,"Security measures: On 12 May 2022, North Korean authorities ordered a national lockdown to prevent the spread of the coronavirus pandemic after their first confirmation of the coronavirus outbreak. The authorities isolated all work and residential units from one another and banned region-to-region movements. On 29 May, the authorities lifted movement restrictions in Pyongyang and partially lifted the national lockdown, saying the covid outbreak showed a stable trend. On 12 June, the authorities completely lifted the travel restrictions and allowed movement between provinces. As reported by Radio Free Asia from a source inside North Korea, the mitigation measures were inevitably taken out of concern about its food, economic, and security concerns. Location coded at Pyongyang.",0,2022-Q2
2019-12-29,2019,Strategic developments,Change to group/activity,Government of North Korea (2011-),,North Korea,Pyongyang,"Around 29 December 2019 (between 28 - 31 December), North Korean declared that it would no longer be abiding by its self-imposed moratorium on nuclear and ICBM testing, which it had held to since 2018.",0,2019-Q4
2020-01-30,2020,Strategic developments,Other,Government of North Korea (2011-),,North Korea,Pyongyang,"Other: On 30 January 2020, the North Korean government announced a national emergency quarantine due to the risk that the new coronavirus pandemic could potentially pose (coded at Pyongyang). The two Koreas agreed to close down their liaison office in Kaesong, North Korea, due to the outbreak. As of April 3, 2020, Rodong Sinmun announced that there were no infected people in the country, although around 500 people are kept under quarantine.",0,2020-Q1
2020-02-15,2020,Strategic developments,Change to group/activity,Government of North Korea (2011-),,North Korea,Pyongyang,"Around 15 February 2020 (month of), North Korea extended its coronavirus-related suspension of all rail, air and sea routes in and out of the country until at least the end of the month, allowing only outbound movements of people via land crossings with China, closing the inter-Korean land crossings until further notice, banning all movements of foreign residents outside their residence except for an emergency visit to the hospital by ambulance, closing public amenities, tightening the internal travel within the country, and redoubling border inspections and medical surveillance on out-of-country returnees. The travel restrictions on foreign residents living in Pyongyang had been lifted on April 2. The Ministry of Foreign Affairs announced that lifting the restrictions prove how efficient the measures against the coronavirus are.",0,2020-Q1
2022-12-16,2022,Strategic developments,Change to group/activity,Military Forces of North Korea (2011-),,North Korea,North Pyongan,"Change to armed group: On 16 December 2022, as reported by the official Korean Central News Agency, North Korea tested a 'high-thrust solid fuel motor' for a new strategic weapon at the Dongchang-ri nuclear missile launch site (Tongchang-ri missile engine test site in Cholsan County, North Pyongan Province, also known as the Sohae Satellite Launching Station). The fuel in solid-propellant rockets is already loaded inside, which helps to shorten launch preparation times, increase the weapon's mobility and make it harder to detect. However, some experts doubt this test can demonstrate North Korea's viable capability.",0,2022-Q4
2023-02-26,2023,Strategic developments,Other,Government of North Korea (2011-),,North Korea,Pyongyang,"Other: On 26 February 2023, North Korea held a major political conference in Pyongyang. The meeting was dedicated to agriculture, which was rare, suggesting food shortage and famine became severe issues in the country.",0,2023-Q1
2023-03-10,2023,Strategic developments,Change to group/activity,Military Forces of North Korea (2011-),,North Korea,South Hwanghae,"Security measures: On 10 March 2023, as reported by Daily NK from a source inside South Hwanghae Province, the North Korean authorities held a wartime mobilization training in Haeju City. Meanwhile, the North Korean leader supervised an artillery drill simulating an attack on a South Korean airfield and urged his troops to prepare to respond to South Korea and the US joint military drills.",0,2023-Q1
2020-04-14,2020,Strategic developments,Change to group/activity,Military Forces of North Korea (2011-),,North Korea,Kangwon,"Change to armed group: On 14 April 2020, North Korea fired several Kumsong-3 (KN-19) antiship cruise missiles (ASCM) from Munchon, Kangwon into waters off the eastern coast of Kangwon province, North Korea (coded at Coast of Kangwon). This cruise missile launch was recorded as the first time since June 2017. The projectiles flew about 150 kilometres (93 miles). Later the same day, North Korea launched several Sukhoi-class fighter jets from Wonsan, Kangwon, that fired an unspecified number of air-to-surface missiles toward the North Korea's eastern waters. Those launches came a day before North Korea marked the 108th birthday of North Korea's late founder, known as the Day of the Sun. They also came a day ahead of the South Korean national election.",0,2020-Q2
2023-06-17,2023,Strategic developments,Other,Government of North Korea (2011-),,North Korea,Pyongyang,"Other: On 17 June 2023, North Korea held a major political conference in Pyongyang with Kim Jong Un in attendance. The meeting was dedicated to devising economic campaigns and defense strategies to 'cope with the changed international situation.' amid increasing tensions with South Korea and the US.",0,2023-Q2
2023-06-25,2023,Strategic developments,Other,Government of North Korea (2011-),,North Korea,Pyongyang,"Other: On 25 June 2023, North Korean authorities organized nationwide anti-US rallies to mark the 73rd anniversary of the start of the Korean War. More than 120,000 North Koreans marched in the mass demonstrations in Pyongyang.",0,2023-Q2
2023-11-14,2023,Strategic developments,Other,Military Forces of North Korea (2011-),,North Korea,South Hamgyong,"Other: On 14 November 2023, North Korea tested new solid-fuel engines designed for intermediate-range ballistic missiles near Hamhung on the northeast coast (coded as Hamhung City).",0,2023-Q4
2023-11-11,2023,Strategic developments,Other,Military Forces of North Korea (2011-),,North Korea,Pyongyang,"Other: On 11 November 2023, North Korea tested new solid-fuel engines designed for intermediate-range ballistic missiles (coded as Pyongyang).",0,2023-Q4
2024-03-13,2024,Strategic developments,Other,Military Forces of North Korea (2011-),,North Korea,Pyongyang,"Other: On 13 March 2024, North Korean leader Kim Jong Un drove a new battle tank himself and watched the military's training drill (coded as Pyongyang). It was a less provocative gesture than missile tests; however, it still showcased North Korea's counteraction against South Korea and the US's joint military exercises.",0,2024-Q1
2024-06-19,2024,Strategic developments,Agreement,Government of North Korea (2011-),Government of Russia (2000-),North Korea,Pyongyang,"On 19 June 2024, Kim Jong Un signed a deal of mutual defense pledge with Russia when president Vladimir Putin visited North Korea (coded as Pyongyang) which commits to mutual assistance if either nation encounters 'aggression,' a strategic alliance formed as both experiences increasing confrontations with the West. Putin visited North Korea for the first time since July 2000.",0,2024-Q2
2020-07-24,2020,Strategic developments,Change to group/activity,Military Forces of North Korea (2011-),,North Korea,North Hwanghae,"Security measures: On 24 July 2020, North Korea placed Kaesong City, North Hwanghae under lockdown, claiming that a redefector from the South had crossed the DMZ and was suspected of having coronavirus. South Korean officials confirmed the redefection, but stated it was unlikely the individual had contracted coronavirus in South Korea. Sources within North Korea have claimed that the lockdown measures on the borders and some ports has been followed by increased nationwide restrictions on movement. WHO placed the total number of people in quarantine in North Korea at 4,380. The lockdown of Kaesong City was lifted on 13 August 2020.",0,2020-Q3
2024-08-06,2024,Strategic developments,Other,Military Forces of North Korea (2011-),,North Korea,Pyongyang,"Other: On 6 August 2024, North Korea announced the deployment of 250 nuclear-capable missile launchers to its military units on the southern border at a ceremony in Pyongyang, where the North Korean leader Kim Jong Un also attended. However, South Korea found neither signs that the launchers arrived at the border nor evidence to confirm whether the launchers might be mock-ups.",0,2024-Q3
2024-08-24,2024,Strategic developments,Change to group/activity,Military Forces of North Korea (2011-),,North Korea,Pyongyang,"Change to armed group: On 24 August 2024, North Korea test-fired new 'suicide drones' at an undisclosed location in the country (coded as Pyongyang). These drones, equipped with X-shaped wings, did not rely on missile launches from afar; instead, they flew directly into their targets to destroy them. Kim Jong Un also attended the test and called for the development and production of more of the uncrewed aerial vehicles.",0,2024-Q3
2024-09-13,2024,Strategic developments,Other,Military Forces of North Korea (2011-),,North Korea,Pyongyang,"Other: On 13 September 2024, North Korean leader Kim Jong Un visited a secretive uranium enrichment facility at an undisclosed location in the country (coded as Pyongyang), according to state media reports. During the visit, he urged stronger efforts to 'exponentially' expand the country's nuclear arsenal. This marks the first time North Korea has publicly released information and photos of Kim Jong Un inspecting such a facility.",0,2024-Q3
2024-10-17,2024,Strategic developments,Other,Government of North Korea (2011-),,North Korea,Pyongyang,"Other: On 17 October 2024, North Korea recently revised its constitution to define South Korea as 'a hostile state' for the first time (coded as Pyongyang). This change occurred just two days after North Korea blew up front-line road and rail links that once connected the two countries.",0,2024-Q4
2024-10-31,2024,Strategic developments,Other,Military Forces of North Korea (2011-),,North Korea,Pyongyang,"Other: On 31 October 2024, the US government reported that 8,000 troops sent by North Korea are now in Russia near the Ukrainian border to support Russian forces (coded as Pyongyang). The US has estimated that around 10,000 North Korean troops are currently in Russia. However, assessments from South Korea and its allies suggest this number has risen to 11,000, while Ukraine estimates it to be even higher, at up to 12,000.",0,2024-Q4
2024-11-08,2024,Strategic developments,Other,Military Forces of North Korea (2011-),,North Korea,North Hwanghae,"Other: On 8 November 2024, North Korea started manipulating GPS signals detected from around Kaesong City. South Korea's military said North Korea has been carrying out GPS manipulations, disrupting dozens of planes and vessels, for ten consecutive days. This is the longest period of GPS jamming attempts by North Korea this year.",0,2024-Q4
2024-11-12,2024,Strategic developments,Other,Government of North Korea (2011-),Government of Russia (2000-),North Korea,Pyongyang,"Other: On 12 November 2024, North Korea ratified a major defense with Russia, outlining mutual military support (coded as Pyongyang). The treaty mandates that both nations must use all available resources to provide prompt military assistance if one of them is attacked. Additionally, it emphasizes the need for enhanced cooperation in various areas, including peaceful nuclear energy, space exploration, food supply, trade, and the economy.",0,2024-Q4
2024-11-22,2024,Strategic developments,Other,Military Forces of North Korea (2011-),,North Korea,Pyongyang,"Other: On 22 November 2024, South Korea reported that North Korea acquired air defense missile systems from Russia (coded as Pyongyang) in return for dispatching its troops to aid Russia's war efforts in Ukraine.",0,2024-Q4
2024-11-16,2024,Strategic developments,Other,Military Forces of North Korea (2011-),,North Korea,Pyongyang,"Other: Around 16 November 2024 (week of), North Korea has supplied Russia with self-propelled artillery and multiple rocket launchers (MRLs), with some units deployed in Russia's Kursk region and allegedly used by North Korean forces against Ukrainian troops (coded as Pyongyang).",0,2024-Q4
2023-09-19,2023,Strategic developments,Other,Government of North Korea (2011-),Government of Russia (2000-),North Korea,Rason,"Other: Around 19 September 2023 (between 7 September - 1 October), North Korea transported about 250 to 300 shipping containers in Russian-flagged vessels from Rajin (Nanjin) Port (coded as Rason) to Dunay (Dunai), Russia, and brought them back empty on subsequent trips. According to a senior U.S. official, over 1,000 containers of military equipment and munitions were transferred during this period, and Russian military personnel suggested the presence of North Korean munitions in Ukraine.",0,2023-Q3
2018-09-19,2018,Strategic developments,Agreement,Government of North Korea (2011-),Government of South Korea (2017-2022),North Korea,Pyongyang,"On 19 September 2018, a series of inter-Korean agreements were signed between the governments of North Korea and South Korea. According to the agreements, the North Korea will close the Tongchang-ri engine test ground and missile test pad with the observance of experts from concerned countries, and also dismantle Yongbyon nuclear facilities (the latter depending on the relations with U.S). The sides also agreed to refrain from any action to infiltrate, attack or occupy each other's area of jurisdiction by any means or method, suspending army training exercises and all artillery drills 5km near the inter-Korean border and withdraw all guard posts in the demilitarized zone (DMZ).",0,2018-Q3
2018-02-08,2018,Strategic developments,Other,Government of North Korea (2011-),,North Korea,Pyongyang,"Other: On 8 February 2018, about 50,000 people, including 13,000 soldiers, attended a military parade in Kim Il-sung Square in Pyongyang for the 70th anniversary of the founding of the Korean People's Army (KPA). The parade showcased the ICBMs Hwasong-14 and Hwasong-15 (which Pyongyang claimed was an intercontinental ballistic missile capable of striking the US mainland), as well as other ballistic missiles, artillery, tanks, and armored vehicles. At this time, Kim Jong-gak replaced Hwang Byung-seo as the director of the General Political Bureau.",0,2018-Q1
2018-04-27,2018,Strategic developments,Other,Government of North Korea (2011-),Government of South Korea (2017-2022),North Korea,North Hwanghae,"Other: On 27 April 2018, the leaders of North and South Korea met at the military demarcation line and held an official inter-Korean summit at Panmunjom (Joint Security Area, Kaesong City) on the North-South border. They agreed to pursue a permanent peace treaty and denuclearization of the peninsula. This was the first inter-Korean summit held in a decade, and marked the first time a North Korean leader had set foot in South Korea since the end of the 1950-1953 Korean War. This meeting set the stage for future talks between North Korea and the United States. On 28 May 2018, South Korea's National Assembly rejected a resolution supporting the summit's 'Panmunjom Declaration'.",0,2018-Q2
2018-05-10,2018,Strategic developments,Other,Government of North Korea (2011-),Government of the United States (2017-2021),North Korea,Pyongyang,"Other: On 10 May 2018, North Korea released into US custody three American detainees who had been arrested for alleged anti-state activities in North Korea. The release of these prisoners came prior to the June 2018 Singapore Summit between North Korean leader Kim Jong-un and US President Donald Trump (event coded at Pyongyang).",0,2018-Q2
2018-11-15,2018,Strategic developments,Other,Civilians (North Korea),,North Korea,Pyongyang,"Other: Around 15 November 2018 (month of), according to South Korea's National Intelligence Service, North Korea's former acting ambassador to Italy and his wife defected and hid in Italy. On 1 August 2019, a South Korean lawmaker said the diplomat transitioned to be protected in a third country. On 7 October 2020, the intelligence committee of South Korea's National Assembly confirmed that the diplomat had been living in South Korea since July 2019 (event coded at Pyongyang).",0,2018-Q4
2023-09-06,2023,Strategic developments,Change to group/activity,Military Forces of North Korea (2011-),,North Korea,South Hamgyong,"Security measures: On 6 September 2023, North Korean leader Kim Jong Un attended the ceremony of launching a new tactical nuclear. submarine called the 841 at Sinpo shipyard (coded as Sinpho City), a naval base in North Korea. It was the country's second submarine designed to fire ballistic missiles The milestone was described described the milestone as crucial in building a nuclear-armed navy to counter the U.S. and its Asian allies.",0,2023-Q3
2019-04-04,2019,Strategic developments,Change to group/activity,Military Forces of North Korea (2011-),,North Korea,South Hamgyong,"Around 4 April 2019 (as reported), according to a South Korean military spokesman, North Korea is building a new 3,000-tonne submarine capable of launching ballistic missiles in Sinpho City.",0,2019-Q2
2024-06-18,2024,Strategic developments,Other,Military Forces of North Korea (2011-),Military Forces of South Korea (2022-2025),North Korea,North Hwanghae,"Other: On 18 June 2024, about 20 to 30 North Korean soldiers crossed the border of DMZ (Joint Security Area). South Korea fired warning shots immediately, but the South Korean Joint Chiefs of Staff acknowledged the border crossing seemed a mistake.",0,2024-Q2
2024-06-20,2024,Strategic developments,Other,Military Forces of North Korea (2011-),Military Forces of South Korea (2022-2025),North Korea,North Hwanghae,"Other: On 20 June 2024, dozens of North Korean soldiers crossed the border of DMZ (Joint Security Area). South Korea fired warning shots immediately, but the South Korean Joint Chiefs of Staff acknowledged the border crossing seemed a mistake. It was the third time this month.",0,2024-Q2
2024-10-15,2024,Strategic developments,Other,Military Forces of North Korea (2011-),Military Forces of South Korea (2022-2025),North Korea,North Hwanghae,"Other: On 15 October 2024, North Korea demolished sections of the inter-Korean roads near the western border town of Kaesong City. This action followed accusations made on October 11 by North Korea's foreign ministry, which claimed that South Korea had sent drones to fly over Pyongyang at night for two consecutive weeks. South Korea's Joint Chiefs of Staff announced that, after North Korea blew up sections of the inter-Korean roads, South Korean troops returned fire, stating it was an exercise of their right to self-defense.",0,2024-Q4
2024-10-11,2024,Strategic developments,Other,Military Forces of South Korea (2022-2025),,North Korea,Pyongyang,"Other: On 11 October 2024, as claimed by North Korea, South Korea sent drones to disperse anti-North leaflets over its capital (Pyongyang). North Korea characterized this action as a political and military provocation that could escalate into armed conflict, as the drones intruded into the airspace over its capital.",0,2024-Q4
2024-11-08,2024,Strategic developments,Other,Military Forces of North Korea (2011-),,North Korea,South Hwanghae,"Other: On 8 November 2024, North Korea started manipulating GPS signals and detected from around Haju, Yeonan, Ongjin, Kangryeong, and Chongdan (coded at Haeju City, the county seat of South Hwanghae Province). South Korea's military said North Korea has been carrying out GPS manipulations, disrupting dozens of planes and vessels, for ten consecutive days. This is the longest period of GPS jamming attempts by North Korea this year.",0,2024-Q4
2024-11-08,2024,Strategic developments,Other,Military Forces of North Korea (2011-),,North Korea,Kangwon,"Other: On 8 November 2024, North Korea started manipulating GPS signals detected from around Kumgang and Pyonggang (coded at Wonsan, the county seat of Kangwon Province). South Korea's military said North Korea has been carrying out GPS manipulations, disrupting dozens of planes and vessels, for ten consecutive days. This is the longest period of GPS jamming attempts by North Korea this year.",0,2024-Q4
2022-01-01,2022,Strategic developments,Other,Civilians (South Korea),,North Korea,North Hwanghae,"Other: On 1 January 2022, a former North Korean defector crossed the eastern section of the Demilitarized Zone (Joint Security Area) to North Korea by climbing over the 22nd Division's General Outpost fence. According to the South Korean Joint Chiefs of Staff (JCS), thermal imagery later showed North Korean soldiers retrieving him. The motivation behind the crossing back to North Korea was unclear.",0,2022-Q1
2020-11-04,2020,Strategic developments,Other,Civilians (North Korea),,North Korea,North Hwanghae,"Other: On 4 November 2020, a North Korean who identified himself as a former gymnast crossed the eastern section of the Demilitarized Zone (Joint Security Area), attempting to defect to South Korea. He crossed along the southern edge of the border by crawling over a barbed-wire fence before being found by South Korean troops. The defection occurred as Seoul reopened DMZ tours, a venue for key inter-Korean events.",0,2020-Q4
2021-02-16,2021,Strategic developments,Other,Civilians (North Korea),,North Korea,North Hwanghae,"Other: On 16 February 2021, a North Korean in wet gear crossed the eastern Demilitarized Zone (Joint Security Area) by swimming in an attempt to defect to South Korea. According to the South Korean Joint Chiefs of Staff (JCS), South Korean soldiers tracked him for three hours as he made his way into the inter-Korean border before capturing him.",0,2021-Q1
2024-03-07,2024,Strategic developments,Other,Military Forces of North Korea (2011-),,North Korea,North Pyongan,"Other: On 7 March 2024, according to the Korean Central News Agency (KCNA), North Korea leader Kim Jong Un inspected training bases of the Korean People's Army in the western region where troops conducted live maneuvers under war-like conditions (coded as Sinuiju City, the administrative headquarters of North Pyongan province) and ordered intensified war preparedness, in response to the U.S. and South Korea joint Freedom Shield exercises, which featured nearly double the troop strength compared to the previous year.",0,2024-Q1
2024-07-18,2024,Strategic developments,Other,Military Forces of North Korea (2011-),Government of Russia (2000-),North Korea,Pyongyang,"Other: On 18 July 2024, a Russian military aircraft (Il-62M), tracked via a real-time flight tracking Flightradar24, landed in Pyongyang one day before Russian Defense Minister Andrei Belousov visited North Korea for a summit. Analysts suggest the landing could involve transporting weapons-production materials or military-technical personnel and scientists to assist North Korea.",0,2024-Q3
2023-11-22,2023,Strategic developments,Other,Military Forces of North Korea (2011-),Government of Russia (2000-),North Korea,Pyongyang,"Other: On 22 November 2023, a Russian military aircraft Il-62M, tracked via a real-time flight tracker, departed from Moscow and landed at Sunan International Airport (Pyongyang) the day after North Korea launched a military reconnaissance satellite. Experts suggest that it likely carried Russian satellite specialists to aid North Korea's intelligence-gathering efforts.",0,2023-Q4
2024-08-20,2024,Strategic developments,Other,Military Forces of North Korea (2011-),,North Korea,Kangwon,"Other: On 20 August 2024, a North Korean soldier, a sergeant in uniform, crossed the Military Demarcation Line (MDL) via a path near the East Sea railway line into South Korea's Army 22nd Division area (coded as DMZ). This border crossing marked the first such defection by a North Korean soldier this year.",0,2024-Q3
2019-04-11,2019,Strategic developments,Other,Police Forces of North Korea (2011-) State Security Department,,North Korea,Pyongyang,"Other: Around 11 April 2019 (month of), 3 Ministry of State Security (MSS) officials defected to Beijing, Yanji, and Dandong while stationed in Shenyang, Liaoning Province in China (coded as Pyongyang, the origin from which they defected). In response, North Korean authorities tightened surveillance of officials and traders in China's major cities, requiring constant location reporting and restricting travel. The defections occurred following the failed U.S.-North Korea summit in Hanoi on 27-28 March.",0,2019-Q2
2018-11-09,2018,Strategic developments,Change to group/activity,Military Forces of North Korea (2011-),,North Korea,Pyongyang,"Security measures: On 9 November 2018, according to the North Korea state media KCNA, North Korean leader Kim Jong Un, accompanied by major military officials, inspected the latest strategic weapons development at a test facility of the national defense science institution (coded as Pyongyang). An anonymous South Korean military source suggests that the weapons system is likely to be a long-range artillery gun system. The inspection came after a U.S. think tank revealed an undeclared missile base in North Hwanghae Province showed signs of use despite its denuclearization pledges between North Korea and the U.S.",0,2018-Q4
2024-09-11,2024,Strategic developments,Change to group/activity,Military Forces of North Korea (2011-),,North Korea,Pyongyang,"Security measures: On 11 September 2024, according to the North Korea state media KCNA, North Korea held a test-firing drill of a new 600mm multiple rocket launcher at the training base of the special operation armed force of the Korean People's Army (KPA) at an unspecified training base of the special operation armed force of the Korean People's Army (KPA) while North Korean leader Kim Jong Un supervised. The drills and inspection occurred a day after North Korea launched several short-range ballistic missiles toward the East Sea (coded as Pyongyang).",0,2024-Q3
2024-10-02,2024,Strategic developments,Change to group/activity,Military Forces of North Korea (2011-),,North Korea,Pyongyang,"Security measures: On 2 October 2024, according to the North Korea state media KCNA, North Korean leader Kim Jong Un, accompanied by KPA officials, inspected the training base of the special operation armed force of the Korean People's Army (KPA) in the western region (coded as Pyongyang) and watched various drills. The inspection occurred a day after South Korea held an 'Armed Forces Day' ceremony with military parades in Seoul.",0,2024-Q4
2020-02-28,2020,Strategic developments,Change to group/activity,Military Forces of North Korea (2011-),,North Korea,Kangwon,"Security measures: On 28 February 2020, according to the North Korea state media KCNA, North Korea held a 'joint strike drill' under the Korean People's Army (KPA) the coast at Sangeum-ri in Anbyon-eup (Anbyon County). The artillery drill came ahead of North Korea's Supreme People's Assembly (SPA) and marked the sixth exercise of its kind since late February.",0,2020-Q1
2020-03-12,2020,Strategic developments,Change to group/activity,Military Forces of North Korea (2011-),,North Korea,Kangwon,"Security measures: On 12 March 2020, according to the North Korea state media Rodong Sinmun, North Korea held an artillery drill of mortar sub-units under the Korean People's Army (KPA) near Tongchon-eup, Tonchon County to test their abilities to execute quick counterattacks. The drills came ahead of North Korea's Supreme People's Assembly (SPA) and marked the sixth exercise of its kind since late February.",0,2020-Q1
2021-11-06,2021,Strategic developments,Change to group/activity,Military Forces of North Korea (2011-),,North Korea,Pyongyang,"Security measures: On 6 November 2021, according to the North Korea state media KCNA, North Korea held an artillery fire while the secretary of the Central Committee of the ruling Workers' Party supervised at an unspecified location (coded as Pyongyang). The drills came 'under the banner of self-defense' amid North Korea's criticism of the international 'double standard' that condemns its exercises but not similar South Korea-U.S. drills.",0,2021-Q4
2020-03-20,2020,Strategic developments,Change to group/activity,Military Forces of North Korea (2011-),,North Korea,Pyongyang,"Security measures: On 20 March 2020, according to the North Korea state media KCNA, North Korea held an artillery fire involving large combined units of the Korean People's Army (KPA) on the western front at an unspecified location (coded as Pyongyang). The drills aimed at 'turning ordinary drills into practicable ones for an actual war' was guided by the North Korean leader Kim Jong Un",0,2020-Q1
2024-11-19,2024,Strategic developments,Other,Military Forces of North Korea (2011-),Government of Russia (2000-),North Korea,Pyongyang,"Other: Around 19 November 2024 (as reported), according to the Ukrainian defense intelligence unit, North Korea had supplied Russia with more than 100 KN-23 and KN-24 ballistic missiles (Hwasong-11 variants), in addition to the self-propelled artillery ammunition and launchers, and dispatched military specialists to Russia since its war with Ukraine (coded as Pyongyang).",0,2024-Q4
2024-08-10,2024,Strategic developments,Change to group/activity,Military Forces of North Korea (2011-),,North Korea,Pyongyang,"Security measures: On 10 August 2024, according to North Korean state media KCNA, North Korean military authorities ordered artillery brigades near the border with South Korea fully armed to the wartime readiness level and assigned firepower missions to prepare for full-scale fighting (coded as Pyongyang). The move came a day after North Korea claimed South Korea sent unmanned aerial vehicles (UAVs) carrying anti-North Korea propaganda leaflets to Pyongyang the previous day.",0,2024-Q3
2024-11-15,2024,Strategic developments,Other,Military Forces of North Korea (2011-),,North Korea,Pyongyang,"Other: Around 15 November 2024 (month of), according to the head of the U.N.'s International Atomic Energy Agency (IAEA), North Korea advanced uranium enrichment activity by continuing to commission a light-water reactor and enriching uranium at a second undeclared enrichment facility at Kangson, south of Pyongyang.",0,2024-Q4
2022-12-27,2022,Strategic developments,Other,Military Forces of South Korea (2022-2025),,North Korea,Pyongyang,"Other: Around 27 December 2022 (as reported), the South Korean military sent surveillance planes into North Korean territory to photograph military installations (coded as Pyongyang) as a countermeasure following incursions by North Korean military drones into South Korean airspace. Allegedly, the Presidential Office also directed the sending of military drones into North Korean airspace, emphasizing readiness for escalation.",0,2022-Q4
2024-10-02,2024,Strategic developments,Other,Military Forces of South Korea (2022-2025),,North Korea,Pyongyang,"Other: Around 2 October 2024, the South Korean military conducted the drone incursion into North Korean airspace (coded as Pyongyang), marking the beginning of a series of drone penetrations targeting areas in North Korea.",0,2024-Q4
2024-10-10,2024,Strategic developments,Other,Military Forces of South Korea (2022-2025),,North Korea,Pyongyang,"Other: On 10 October 2024, the South Korean military conducted the third drone incursion into North Korean airspace (coded as Pyongyang). A drone returning from Pyongyang crashed in Yeoncheon County, Gyeonggi Province in South Korea.",0,2024-Q4
2024-10-08,2024,Strategic developments,Other,Military Forces of South Korea (2022-2025),,North Korea,Pyongyang,"Other: On 8 October 2024, the South Korean military conducted a drone incursion into North Korean airspace, marking the second such flight. One drone allegedly crashed in Pyongyang.",0,2024-Q4
2024-10-25,2024,Strategic developments,Other,Military Forces of South Korea (2022-2025),,North Korea,Pyongyang,"Other: Around 25 October 2024 (from 2 October - 18 November), the South Korean military sent about 18 military drone flights from the border island of Baengnyeongdo over North Korean territory, including Pyongyang, Wonsan, Nampo, and Kaesong, to distribute anti-North leaflets (coded as Pyongyang). The incursions occurred as part of South Korean President Yoon Suk-yeol's plans to declare martial law. North Korea called it an infringement upon the country's sovereignty and a 'dangerous provocation' that could escalate into armed conflict. In response to the drone incursions, North Korea conducted emergency mobilization drills with factory security guards and civil defense forces.",0,2024-Q4
2020-02-15,2020,Violence against civilians,Attack,Military Forces of North Korea (2011-),Civilians (North Korea),North Korea,Rason,"Around 15 February 2020 (month of), according to an Asia Press source in North Hamgyong Province, the People's Security Station (city-level Social Security Department) arrested and shot to death a trade official who had escaped a quarantine facility in Rason. The specific date and exact location are unknown. 1 fatality.",1,2020-Q1
2020-02-04,2020,Violence against civilians,Attack,Police Forces of North Korea (2011-),Civilians (North Korea),North Korea,Ryanggang,"On 4 February 2020, amid coronavirus-related border closures, North Korean security forces (coded as police) arrested seven people suspected of smuggling who attempted to cross the China-North Korea border in Hwajeon Village, (coded as Pochon-eup, the county's seat, Ryanggang Province. Three of them were shot from behind for 'treason'. Their bodies were burned immediately after the killings to prevent the risk of COVID-19 infection. 3 fatalities.",3,2020-Q1
2021-02-15,2021,Violence against civilians,Attack,Police Forces of North Korea (2011-) State Security Department,Civilians (North Korea),North Korea,Pyongyang,"Around 15 February 2021 (month of), police (coded as SSD) arrested a male student at the Pyongyang University of Science and Technology in Pyongyang for distributing South Korean dramas, films, and music videos to more than 20 people. Authorities detained and tortured him to extract a confession before sentencing him to 15 years of reform through labor for disclosing the identity of the original supplier.",0,2021-Q1
