event_date,year,event_type,sub_event_type,actor1,actor2,country,admin1,notes,fatalities,PERIODO
2020-10-12,2020,Protests,Peaceful protest,Protesters (Estonia),,Estonia,Harju,"On 12 October 2020, around 100 Estonian Armenians demonstrated in Tallinn against the offensive of the Azerbaijani army in Nagorno-Karabakh.",0,2020-Q4
2020-02-06,2020,Protests,Peaceful protest,Protesters (Estonia),,Estonia,Harju,"On 6 February 2020, approximately five protesters participated in a protest organized by Yes to Freedom, No to Lies in Tallinn against far-right sentiment in Estonia.",0,2020-Q1
2020-10-28,2020,Protests,Peaceful protest,Protesters (Estonia),,Estonia,Harju,"On 28 October 2020, an unknown number of protesters demonstrated in central Tallinn against a decision by Poland's Constitutional Court which further restricted access to abortion in Poland.",0,2020-Q4
2020-10-29,2020,Protests,Peaceful protest,Protesters (Estonia),,Estonia,Harju,"On 29 October 2020, an unknown number of protesters organized by Yes to Freedom, No to Lies demonstrated in front of government buildings in Tallinn, to oppose the presence of ministers from the far-right EKRE party in Estonia's government.",0,2020-Q4
2020-11-27,2020,Protests,Peaceful protest,Protesters (Estonia),Protesters (Estonia),Estonia,Harju,"On 27 November 2020, approximately 300 demonstrators in Tallinn protested against the compulsory wearing of face masks in Estonia, in a rally organized by an independent politician recently expelled from the Estonian Reform Party for organizing this event. Protesters were met by 5 Reform Party politicians, who demonstrated in defense of face masks.",0,2020-Q4
2020-02-20,2020,Protests,Peaceful protest,Protesters (Estonia),,Estonia,Harju,"On 20 February 2020, approximately seven protesters organized by Yes to Freedom, No to Lies protested in Tallinn against far-right sentiments in Estonia and the inclusion of the far-right in government.",0,2020-Q1
2020-02-27,2020,Protests,Peaceful protest,Protesters (Estonia),,Estonia,Harju,"On 27 February 2020, approximately six protesters organized by Yes to Freedom, No to Lies protested in Tallinn against far-right sentiments in Estonia and the inclusion of the far-right in government.",0,2020-Q1
2020-03-05,2020,Protests,Peaceful protest,Protesters (Estonia),,Estonia,Harju,"On 5 March 2020, approximately four protesters organized by Yes to Freedom, No to Lies demonstrated in Tallinn against far-right sentiments in Estonia and the inclusion of the far-right in government.",0,2020-Q1
2020-03-12,2020,Protests,Peaceful protest,Protesters (Estonia),,Estonia,Harju,"On 12 March 2020, approximately six protesters organized by Yes to Freedom, No to Lies demonstrated in Tallinn against far-right sentiments in Estonia and the inclusion of the far-right in government.",0,2020-Q1
2020-04-24,2020,Protests,Peaceful protest,Protesters (Estonia),,Estonia,Harju,"On 24 April 2020, approximately four protesters demonstrated in Tallinn to oppose any government action that undermines political rights, citing recent developments in Hungary in response to coronavirus as their concern. The protest was organized by Yes to Freedom, No to Lies.",0,2020-Q2
2020-06-10,2020,Protests,Peaceful protest,Protesters (Estonia),,Estonia,Harju,"On 10 June 2020, approximately 100 protesters, including those organized by Yes to Freedom, No to Lies, demonstrated in Tallinn in support of the Black Lives Matter movement.",0,2020-Q2
2020-06-29,2020,Protests,Peaceful protest,Protesters (Estonia),,Estonia,Harju,"On 29 June 2020, dozens of Belarusians and Estonians, including some linked with Yes to Freedom, No to Lies, protested outside the Belarusian embassy in Tallinn in support of protesters detained in Belarus.",0,2020-Q2
2020-08-16,2020,Protests,Peaceful protest,Protesters (Estonia),,Estonia,Harju,"On 16 August 2020, around 100 people, including Belarusians in Estonia, held a protest in Tallinn, in solidarity with the ongoing protest movement against the results of the Belarusian presidential election.",0,2020-Q3
2020-01-23,2020,Protests,Peaceful protest,Protesters (Estonia),,Estonia,Harju,"On 23 January 2020, approximately seven protesters organized by Yes to Freedom, No to Lies, demonstrated in Tallinn against far-right sentiments in Estonia.",0,2020-Q1
2020-08-23,2020,Protests,Peaceful protest,Protesters (Estonia),,Estonia,Harju,"On 23 August 2020, several hundred people formed a 'human chain' in Tallinn, in solidarity with protesters in Belarus demonstrating against the results of the presidential election.",0,2020-Q3
2020-09-11,2020,Protests,Peaceful protest,Protesters (Estonia),,Estonia,Harju,"On 11 September 2020, around 100 people gathered outside the town hall in Tallinn to protest against allegedly too weak efforts by the city authorities to build safe cycle paths in Tallinn. The rally was attended by politicians from Estonia's Social Democratic Party.",0,2020-Q3
2020-09-18,2020,Protests,Peaceful protest,Protesters (Estonia),,Estonia,Harju,"On 18 September 2020, an unknown number of protesters gathered in Tallinn to support the development of nuclear energy in Estonia.",0,2020-Q3
2020-09-24,2020,Protests,Peaceful protest,Protesters (Estonia),,Estonia,Harju,"On 24 September 2020, around 10 people, including entrepreneurs and investors, protested outside the headquarters of Swedbank's Estonian branch in Tallinn. Protesters demanded that Swedbank 'explain or apologize' for losses caused by investments in 'suspicious' Romanian land transactions on behalf of clients. Participants also alleged that Swedbank had unfairly closed a certain number of accounts belonging to small Estonian businesses, as part of an investigation on international money laundering in the bank's Estonian branch.",0,2020-Q3
2020-08-13,2020,Protests,Peaceful protest,Protesters (Estonia),,Estonia,Harju,"On 13 August 2020, an unknown number of people protested in Tallinn 'in solidarity with the people of Belarus', demanding the resignation of president A. Lukashenka and protesting against police brutality at opposition rallies in Belarus.",0,2020-Q3
2020-06-27,2020,Protests,Peaceful protest,Protesters (Estonia),,Estonia,Harju,"On 27 June 2020, approximately 30 LGBTQ protesters demonstrated in Tallinn in support of LGBTQ rights.",0,2020-Q2
2020-08-13,2020,Protests,Peaceful protest,Protesters (Estonia),,Estonia,Harju,"On 13 August 2020, about 50 people protested in Tallinn, against the discrimination of LGBT people in Poland.",0,2020-Q3
2020-10-24,2020,Protests,Peaceful protest,Protesters (Estonia),,Estonia,Harju,"On 24 October 2020, a handful of Nigerians living in Estonia protested in Tallinn, to oppose recent repression of protests by police in Nigeria, following which at least 12 people have died.",0,2020-Q4
2020-12-05,2020,Protests,Peaceful protest,Protesters (Estonia),,Estonia,Harju,"On 5 December 2020, an unknown number of demonstrators gathered in central Tallinn in solidarity with the ongoing protest movement in Belarus against the rule of Alexander Lukashenko, and to draw attention to human rights abuses by authorities in Minsk.",0,2020-Q4
2020-01-11,2020,Protests,Peaceful protest,Protesters (Estonia),,Estonia,Harju,"On 11 January 2020, approximately 300 protesters demonstrated in Tallinn against fur farms in Estonia.",0,2020-Q1
2020-02-02,2020,Protests,Peaceful protest,Protesters (Estonia),,Estonia,Tartu,"On 2 February 2020, an unidentified number of demonstrators participated in a march organized by EKRE in Tartu to commemorate those who died in the Estonian War for Independence.",0,2020-Q1
2020-01-29,2020,Protests,Peaceful protest,Protesters (Estonia),,Estonia,Harju,"On 29 January 2020, an unidentified number of protesters organized by Yes to Freedom, No to Lies, the Estonian Reform and Social Democratic Parties, and the Estonian pensioners association demonstrated outside the Estonian parliament in Tallinn against proposed changes to the pension system.",0,2020-Q1
2020-04-26,2020,Protests,Peaceful protest,Protesters (Estonia),,Estonia,Saare,"On 26 April 2020, approximately 10 protesters demonstrated in Kuressaare against coronavirus quarantine measures placed on the island of Saaremaa. Hundreds of people across Estonia conducted individual protests in support of the action.",0,2020-Q2
2020-10-10,2020,Protests,Peaceful protest,Protesters (Estonia),,Estonia,Harju,"On 10 October 2020, approximately 20 women from Estonia and Belarus demonstrated in Tallinn in solidarity with women marching on the same day in various locations in Belarus, in protest against president A. Lukashenka.",0,2020-Q4
2020-10-30,2020,Protests,Peaceful protest,Protesters (Estonia),,Estonia,Tartu,"On 30 October 2020, at least 100 protesters demonstrated in Tartu against a decision by Poland's Constitutional Court which further restricted access to abortion in Poland.",0,2020-Q4
2020-02-20,2020,Protests,Peaceful protest,Protesters (Estonia),,Estonia,Harju,"On 20 February 2020, an unidentified number of protesters associated with EKRE and Blue Alarm marched in Tallinn in an annual event in honor of Estonia's independence.",0,2020-Q1
2020-07-18,2020,Protests,Peaceful protest,Protesters (Estonia),,Estonia,Harju,"On 18 July 2020, Belarusians protested in Tallinn against ongoing repression in Belarus ahead of the upcoming elections.",0,2020-Q3
2020-06-29,2020,Protests,Peaceful protest,Protesters (Estonia),,Estonia,Ida-Viru,"On 29 June 2020, approximately 100 protesters demonstrated in Luganuse against plans to build a lime mine in the region.",0,2020-Q2
2020-08-11,2020,Protests,Peaceful protest,Protesters (Estonia),,Estonia,Tartu,"On 11 August 2020, at least 25 people, mainly local students, organized a peaceful protest in Tartu, 'in support of the Belarusian people', who have been protesting against the official results of Belarus' presidential election.",0,2020-Q3
2020-08-16,2020,Protests,Peaceful protest,Protesters (Estonia),,Estonia,Hiiu,"On 16 August 2020, an unknown number of people protested in Palukula, against the 'destruction' of forests in Estonia and 'demanded change' from the Estonian government on this topic. The protest was part of an all-Estonia rally, which took place in at least 22 locations across the country.",0,2020-Q3
2020-10-20,2020,Protests,Peaceful protest,Protesters (Sweden),,Estonia,Harju,"On 20 October 2020, 3 Swedes living in Estonia demonstrated in Tallinn to protest against recent homophobic statements made by the Estonian Minister of Finance.",0,2020-Q4
2020-09-03,2020,Protests,Peaceful protest,Protesters (Estonia),,Estonia,Harju,"On 3 September 2020, 3 people participated in a protest in Tallinn organized by the liberal group Yes to Freedom, No to Lies. At weekly protests, demonstrators demand the dismissal of the current Estonian government.",0,2020-Q3
2020-11-05,2020,Protests,Peaceful protest,Protesters (Estonia),,Estonia,Harju,"On 5 November 2020, an unknown number of protesters organized by Yes to Freedom, No to Lies demonstrated in front of government buildings in Tallinn to denounce policies proposed by the EKRE party, including a referendum on a constitutional ban of same-sex marriages in Estonia.",0,2020-Q4
2020-07-30,2020,Protests,Peaceful protest,Protesters (Estonia),,Estonia,Harju,"On 30 July 2020, approximately eight Yes to Freedom, No to Lies protesters demonstrated in Tallinn against right wing sentiment in Estonia and the Estonian government.",0,2020-Q3
2020-10-08,2020,Protests,Peaceful protest,Protesters (Estonia),,Estonia,Harju,"On 8 October 2020, people demonstrated at a protest organized in Tallinn by the Yes to Freedom, No to Lies movement, to oppose the participation of the EKRE party in Estonia's government and to demounce right-wing sentiment in Estonia.",0,2020-Q4
2020-05-28,2020,Protests,Peaceful protest,Protesters (Estonia),,Estonia,Harju,"On 28 May 2020, approximately eight protesters organized by Yes to Freedom, No to Lies protested in Tallinn against far-right sentiment in Estonia and against the inclusion of far-right parties in government.",0,2020-Q2
2020-09-17,2020,Protests,Peaceful protest,Protesters (Estonia),,Estonia,Harju,"On 17 September 2020, 3 people gathered for a protest organized by the Yes to Freedom, No to Lies movement outside of the seat of the Estonian government in Tallinn. For the 73rd week in a row, protesters demanded the dismissal of the current Estonian government.",0,2020-Q3
2020-11-26,2020,Protests,Peaceful protest,Protesters (Estonia),,Estonia,Harju,"On 26 November 2020, an unknown number of protesters organized by Yes to Freedom, No to Lies demonstrated in front of government buildings in Tallinn to demand the dismissal of the current Estonian government due to the participation of the far-right EKRE party in it.",0,2020-Q4
2020-08-27,2020,Protests,Peaceful protest,Protesters (Estonia),,Estonia,Harju,"On 27 August 2020, 7 activists of the Yes to Freedom, No to Lies movement protested in front of the office of the Estonian government in Tallinn, demanding its resignation.",0,2020-Q3
2020-08-13,2020,Protests,Peaceful protest,Protesters (Estonia),,Estonia,Harju,"On 13 August 2020, an unknown number of Yes to Freedom, No to Lies activists protested in Tallinn. Protesters demanded the dismissal of Estonia's government and action 'against racism, xenophobia, homophobia' in Estonia.",0,2020-Q3
2020-10-15,2020,Protests,Peaceful protest,Protesters (Estonia),,Estonia,Harju,"On 15 October 2020, 5 people gathered for a demonstration organized by Yes to Freedom, No to Lies in front of the seat of the Estonian government in Tallinn. Demonstrators protested against right-wing sentiment in Estonia and against the participation of the EKRE party in government.",0,2020-Q4
2020-12-14,2020,Protests,Peaceful protest,Protesters (Estonia),,Estonia,Harju,"On 14 December 2020, an unknown number of protesters organized by Yes to Freedom, No to Lies demonstrated in front of government buildings in Tallinn in support a citizen petition in favor of legalizing same-sex marriage.",0,2020-Q4
2020-12-10,2020,Protests,Peaceful protest,Protesters (Estonia),,Estonia,Harju,"On 10 December 2020, an unknown number of protesters organized by Yes to Freedom, No to Lies demonstrated in front of government buildings in Tallinn to oppose the participation of the far-right EKRE party in the Estonian government.",0,2020-Q4
2020-11-12,2020,Protests,Peaceful protest,Protesters (Estonia),,Estonia,Harju,"On 12 November 2020, an unknown number of protesters organized by Yes to Freedom, No to Lies demonstrated in front of government buildings in Tallinn, to oppose the participation of the far-right EKRE party in Estonia's government.",0,2020-Q4
2020-10-22,2020,Protests,Peaceful protest,Protesters (Estonia),,Estonia,Harju,"On 22 October 2020, 8 people gathered for a demonstration organized by Yes to Freedom, No to Lies outside the Estonian parliament in Tallinn. Demonstrators protested against right-wing sentiment in Estonia and against the participation of the EKRE party in government. Protesters allege they were addressed by an unnamed EKRE deputy, who would have used a homophobic slur in their direction.",0,2020-Q4
2020-12-17,2020,Protests,Peaceful protest,Protesters (Estonia),,Estonia,Harju,"On 17 December 2020, an unknown number of protesters organized by Yes to Freedom, No to Lies demonstrated in front of government buildings in Tallinn to oppose the participation of the far-right EKRE party in the Estonian government.",0,2020-Q4
2020-12-03,2020,Protests,Peaceful protest,Protesters (Estonia),,Estonia,Harju,"On 3 December 2020, an unknown number of protesters organized by Yes to Freedom, No to Lies demonstrated in front of government buildings in Tallinn to oppose the participation of the far-right EKRE party in the Estonian government.",0,2020-Q4
2020-11-19,2020,Protests,Peaceful protest,Protesters (Estonia),,Estonia,Harju,"On 19 November 2020, an unknown number of supporters of Yes to Freedom, No to Lies, demonstrated in front of government buildings in Tallinn to oppose the participation of the far-right EKRE party in the Estonian government.",0,2020-Q4
2021-01-07,2021,Protests,Peaceful protest,Protesters (Estonia),,Estonia,Harju,"On 7 January 2021, an unknown number of demonstrators gathered by Yes to Freedom, No to Lies protested in front of government buildings in Tallinn to demand the resignation of the far-right EKRE party from the Estonian government.",0,2021-Q1
2021-01-13,2021,Protests,Peaceful protest,Protesters (Estonia),,Estonia,Harju,"On 13 January 2021, an unknown number of bus drivers and owners of small bus transportation companies gathered in central Tallinn to demand greater financial support from the government, which they consider disproportionately small in comparison to larger firms.",0,2021-Q1
2021-01-14,2021,Protests,Peaceful protest,Protesters (Estonia),,Estonia,Harju,"On 14 January 2021, an unknown number of demonstrators organized by Yes to Freedom, No to Lies protested in front of government buildings in Tallinn to demand the resignation of the far-right EKRE party from the Estonian government.",0,2021-Q1
2021-01-23,2021,Protests,Peaceful protest,Protesters (Estonia),,Estonia,Harju,"On 23 January 2021, an unknown number of demonstrators gathered in Freedom Square in central Tallinn and later marched to the Russian embassy there to protest against the arrest of Alexey Navalny upon his return to Russia earlier in the week. Many of the protesters were Russians living in Estonia.",0,2021-Q1
2021-01-31,2021,Protests,Peaceful protest,Protesters (Estonia),,Estonia,Harju,"On 31 January 2021, an unknown number of protesters gathered in Tallinn to demand the release of Russian opposition politician Alexey Navalny, who was arrested on January 17 upon his return to Russia.",0,2021-Q1
2021-02-07,2021,Protests,Peaceful protest,Protesters (Estonia),,Estonia,Harju,"On 7 February 2021, an unknown number of protesters demonstrated in Tallinn in support of Belarusian people demanding the resignation of president Lukashenka.",0,2021-Q1
2021-02-12,2021,Protests,Peaceful protest,Protesters (Estonia),,Estonia,Harju,"On 12 February 2021, approximately 70 protesters organized by SAPTK including MPs from EKRE demonstrated in front of the State's Prosecutor's Office in Tallinn to criticize the body's decision to open an investigation for corruption against EKRE members: protesters claimed the move was politically motivated, as the investigation was announced a day before a planned vote in parliament on a referendum on the constitutionality of gay marriage, eventually led to the exclusion of EKRE from the ruling coalition and to the canceling of the referendum. The State Prosecutor's Office refuted these claims.",0,2021-Q1
2021-02-12,2021,Protests,Peaceful protest,Protesters (Estonia),,Estonia,Harju,"On 12 February 2021, approximately 12 protesters demonstrated in front of the Belarusian embassy in Tallinn to oppose an all-Belarusian congress which was held on that day in Minsk on the initiative of president Lukashenka: demonstrators claimed the participants of the congress were handpicked by people loyal to Lukashenka and that the event would thus not help resolve the deep social conflict caused by Lukashenka's disputed election and ensuing months of protests across Belarus. Protesters were mainly Belarusian citizens living in Estonia.",0,2021-Q1
2020-09-18,2020,Protests,Peaceful protest,Protesters (Estonia),,Estonia,Tartu,"On 18 September 2020, around 20 people gathered at a protest event in Tartu in support of the development of nuclear energy in Estonia. Tartu city council chairman and Social Democratic Party of Estonia member joined protesters.",0,2020-Q3
2020-10-04,2020,Protests,Peaceful protest,Protesters (Estonia),,Estonia,Tartu,"On 4 October 2020, several hundred protesters, including local LGBT people, gathered in Tartu to demonstrate against plans to hold a constitutional referendum on same-sex marriage. The proposed amendments would define marriage as exlusively heterosexual. Tartu city council chairman and Social Democratic Party of Estonia member joined the protesters.",0,2020-Q4
2020-08-30,2020,Protests,Peaceful protest,Protesters (Estonia),,Estonia,Harju,"On 30 August 2020, at least 150 people participated in a pro-life march in Tallinn, co-organized by a local anti-abortion group Elu Marss and a major Estonian political party, EKRE. The rally was attended by Estonia's finance minister and head of EKRE Martin Helme.",0,2020-Q3
2021-02-14,2021,Protests,Peaceful protest,Protesters (Estonia),,Estonia,Harju,"On 14 February 2021, an unknown number of demonstrators gathered in front of the Russian embassy in Tallinn to demand the release of political prisoners in Russia, with a focus on Alexei Navalny, who had been arrested upon his return to Russia in January and had since received several prison sentences.",0,2021-Q1
2021-03-31,2021,Protests,Peaceful protest,Protesters (Estonia),,Estonia,Harju,"On 31 March 2021, protesters gathered in Tallinn's historic center to oppose a new law which would simplify fining people by police for violating public health regulations, as well as to protest against coronavirus restrictions.",0,2021-Q1
2021-04-01,2021,Protests,Peaceful protest,Protesters (Estonia),,Estonia,Harju,"On 1 April 2021, protesters gathered in front of the Estonian parliament in Tallinn to oppose a new law which would simplify fining people by police for violating public health regulations, as well as to protest against coronavirus restrictions. This was the second consecutive day of protests on these issues in Tallinn.",0,2021-Q2
2021-04-09,2021,Protests,Peaceful protest,Protesters (Estonia),,Estonia,Harju,"On 9 April 2021, approximately 30 protesters gathered in front of the Estonian parliament in Tallinn to oppose a new law which would simplify fining people by police for violating public health regulations, as well as to protest against coronavirus restrictions. The size of the event was limited by police due to coronavirus regulations. A former member of Estonia's Center Party who was expelled from it for his skeptical stance on Covid-19 was among the organizers of the demonstration.",0,2021-Q2
2021-04-05,2021,Protests,Peaceful protest,Protesters (Estonia),,Estonia,Harju,"On 5 April 2021, approximately 10 protesters organized by several Russian ethnic minority organizations gathered in front of the General Prosecutor's office in Tallinn to demand the release of a local ethnic Russian activist, who was earlier arrested for allegedly conducting 'activities against the [Estonian] state'. Prosecutors said they would not publish more information on the case at this stage. The size of the event was reportedly limited due to COVID-19 restrictions.",0,2021-Q2
2021-04-08,2021,Protests,Peaceful protest,Protesters (Estonia),,Estonia,Harju,"On 8 April 2021, several hundred protesters gathered outside the Estonian parliament in Tallinn to oppose a new law which would simplify fining people by police for violating public health regulations, as well as to protest against coronavirus restrictions.",0,2021-Q2
2021-04-07,2021,Protests,Peaceful protest,Protesters (Estonia),,Estonia,Harju,"On 7 April 2021, protesters gathered in central Tallinn to oppose a new law which would simplify fining people by police for violating public health regulations, as well as to protest against coronavirus restrictions. It was reported this was the seventh consecutive day of protests on these issues in Tallinn. Police stated they would fine participants, as the rally exceeded the legal limit for gatherings as per coronavirus regulations, but did not physically intervene.",0,2021-Q2
2021-04-06,2021,Protests,Peaceful protest,Protesters (Estonia),,Estonia,Harju,"On 6 April 2021, protesters gathered in central Tallinn to oppose a new law which would simplify fining people by police for violating public health regulations, as well as to protest against coronavirus restrictions.",0,2021-Q2
2021-04-10,2021,Protests,Peaceful protest,Protesters (Estonia),,Estonia,Harju,"On 10 April 2021, protesters including an MP from the opposition EKRE party gathered in central Tallinn to oppose a new law which would simplify fining people by police for violating public health regulations, as well as to protest against coronavirus restrictions.",0,2021-Q2
2021-04-10,2021,Protests,Peaceful protest,Protesters (Estonia),,Estonia,Harju,"On 10 April 2021, approximately 100 protesters gathered in central Tallinn to oppose a new law which would simplify fining people by police for violating public health regulations, as well as to protest against coronavirus restrictions.",0,2021-Q2
2021-04-11,2021,Protests,Protest with intervention,Protesters (Estonia),Police Forces of Estonia (2021-),Estonia,Harju,"On 11 April 2021, approximately 100 protesters marched in central Tallinn to oppose a new law which would simplify fining people by police for violating public health regulations, as well as to protest against coronavirus restrictions. An MP from the opposition EKRE party also joined the demonstration. Police detained at least 9 people for verbal insults and offensive posters directed at the police, as well as for attempted damage to police property.",0,2021-Q2
2021-04-13,2021,Protests,Peaceful protest,Protesters (Estonia),,Estonia,Harju,"On 13 April 2021, approximately 12 protesters gathered in central Tallinn to oppose a new law which would simplify fining people by police for violating public health regulations, as well as to protest against coronavirus restrictions.",0,2021-Q2
2021-04-14,2021,Protests,Peaceful protest,Protesters (Estonia),,Estonia,Harju,"On 14 April 2021, protesters gathered in central Tallinn to oppose a new law which would simplify fining people by police for violating public health regulations, as well as to protest against coronavirus restrictions.",0,2021-Q2
2021-04-18,2021,Protests,Peaceful protest,Protesters (Estonia),,Estonia,Harju,"On 18 April 2021, dozens of protesters gathered in central Tallinn to oppose a new law which would simplify fining people by police for violating public health regulations, as well as to protest against coronavirus restrictions. Participants included supporters of the anti-immigrant Soldiers of Odin group.",0,2021-Q2
2021-04-23,2021,Protests,Peaceful protest,Protesters (Estonia),,Estonia,Harju,"On 23 April 2021, approximately 100 people gathered in central Tallinn to celebrate the anniversary of the Saint George's Night Uprising, an Estonian national holiday. Organizers of the gathering, who had previously organized protests against coronavirus restrictions, claimed that this meeting was only intended to celebrate the holiday, however several participants brandished posters with anti-government and coronavirus-skeptic messages.",0,2021-Q2
2021-04-27,2021,Protests,Peaceful protest,Protesters (Estonia),,Estonia,Harju,"On 27 April 2021, local ethnic Russians gathered in Tallinn to lay candles and commemorate the death of an ethnic Russian protester, who died in clashes with police in 2007 during protests against the transfer of a monument to Soviet soldiers. A speaker at the event claimed Russians in Tallinn lived in an atmosphere of fear, due to which they were allegedly afraid of commemorating the events of 2007.",0,2021-Q2
2021-05-05,2021,Protests,Peaceful protest,Protesters (Estonia),,Estonia,Harju,"On 5 May 2021, approximately 20 protesters gathered in front of the Estonian parliament in Tallinn to oppose a new law which would simplify fining people by police for violating public health regulations, as well as to protest against coronavirus restrictions.",0,2021-Q2
2021-05-15,2021,Protests,Peaceful protest,Protesters (Estonia),,Estonia,Harju,"On 15 May 2021, approximately 100 protesters gathered at Freedom (Vabaduse) square in Tallinn to oppose coronavirus restrictions as well as a new law which simplified fining people for violating public health regulations. Participants, among which were an MP from the opposition EKRE party as well as members of the Night Watch group, also demanded that the government stop promoting vaccination against Covid-19, claiming the vaccines were 'experimental'.",0,2021-Q2
2021-05-13,2021,Protests,Peaceful protest,Protesters (Estonia),,Estonia,Harju,"On 13 May 2021, protesters organized by SAPTK, including MPs from the opposition EKRE party, demonstrated in front of the Finnish embassy in Tallinn to oppose the indictment for hate speech of a Finnish MP and former interior minister, for social media posts in 2019 in which the politician cited verses of the Bible condemning homosexual acts.",0,2021-Q2
2021-05-12,2021,Protests,Peaceful protest,Protesters (Estonia),,Estonia,Laane-Viru,"On 12 May 2021, firefighters demonstrated in front of their brigade's unit in Rakvere to demand the government do more to improve their work conditions.",0,2021-Q2
2021-05-22,2021,Protests,Peaceful protest,Protesters (Estonia),,Estonia,Harju,"On 22 May 2021, approximately 100 protesters gathered in Tallinn to demonstrate in solidarity with Palestians, following a recent outbreak of violence between Israelis and Palestinians.",0,2021-Q2
2021-05-27,2021,Strategic developments,Change to group/activity,Government of Estonia (2021-),,Estonia,Harju,"Security measures: On 27 May 2021, the government of Estonia in Tallinn banned Belarusian carriers from Estonian airspace, after the diversion days earlier of an Athens-Vilnius flight in Belarusian airspace, following which Belarusian authorities detained the dissident journalist Roman Protasevich, who was on board.",0,2021-Q2
2021-05-25,2021,Protests,Peaceful protest,Protesters (Estonia),,Estonia,Harju,"On 25 May 2021, approximately 100 musicians, music teachers, students and members of the church gathered in Tallinn to oppose budget cuts which foresaw the merging of the Estonian Defense Forces orchestra with the Police and Border Guard orchestra.",0,2021-Q2
2021-05-25,2021,Protests,Peaceful protest,Protesters (Estonia),,Estonia,Harju,"On 25 May 2021, ethnic Russian activists gathered in front of a prosecutor's office in Tallinn to demand the release of an Estonian ethnic Russian activist and politician, who was arrested in March on charges of carrying out activities against the Estonian state, and whom authorities suspected of contacts with Russian secret services.",0,2021-Q2
2021-05-30,2021,Protests,Peaceful protest,Protesters (Estonia),,Estonia,Tartu,"Around 30 May 2021 (as reported), protesters, including Belarusians living in Estonia, gathered in Tartu to demand democratic change and the release of political prisoners in Belarus, on the 1st anniversary of the arrest of Sergey Tsikhanousky, an unregistered opposition candidate in the 2020 Belarus presidential elections and husband of the Belarusian opposition leader Svyatlana Tsikhanouskaya.",0,2021-Q2
2021-05-29,2021,Protests,Peaceful protest,Protesters (Estonia),,Estonia,Harju,"On 29 May 2021, approximately 40 protesters including Belarusians living in Estonia gathered in Tallinn to demand democratic change and the release of political prisoners in Belarus, on the 1st anniversary of the arrest of Sergey Tsikhanousky, an unregistered opposition candidate in the 2020 Belarus presidential elections and husband of the Belarusian opposition leader Svyatlana Tsikhanouskaya.",0,2021-Q2
2021-06-17,2021,Protests,Peaceful protest,Protesters (Estonia),,Estonia,Harju,"On 17 June 2021, paramedics demonstrated in front of government buildings in Tallinn to demand pay raises which they had allegedly been promised as well as to oppose reported personnel cuts in the health sector. An MP from the opposition Social Democratic Party spoke at the demonstration.",0,2021-Q2
2021-07-22,2021,Protests,Peaceful protest,Protesters (Estonia),,Estonia,Harju,"On 22 July 2021, cyclists gathered in front of government buildings in Tallinn to protest against plans to introduce fares for transporting bikes on certain Estonian trains.",0,2021-Q3
2021-07-24,2021,Protests,Peaceful protest,Protesters (Estonia),,Estonia,Harju,"On 24 July 2021, approximately 300 protesters gathered in Tallinn to oppose coronavirus restrictions and alleged plans for compulsory coronavirus vaccination in Estonia, opposing especially vaccination of children and of pregnant women. An MP from the opposition EKRE: Conservative People's Party of Estonia spoke at the demonstration.",0,2021-Q3
2021-08-30,2021,Protests,Peaceful protest,Protesters (Estonia),,Estonia,Harju,"On 30 August 2021, protesters organized by EKRE: Conservative People's Party of Estonia gathered in front of the Estonian parliament in Tallinn to demand direct elections of the president of Estonia, as opposed to the current system, under which members of parliament elect the head of state. MPs from EKRE as well as the editor-in-chief of an Estonian online media spoke at the event.",0,2021-Q3
2021-08-01,2021,Violence against civilians,Attack,Police Forces of Estonia (2021-),Civilians (Estonia),Estonia,Laane,"On 1 August 2021, a police officer shot and killed an unarmed man outside a private home near Haapsalu city. According to the police, the man drove into a roadside ditch under influence while leaving a party at the home. In response to police officers' attempts to detain him, the man allegedly attempted to physically assault them, despite them having fired warning shots in the air.",1,2021-Q3
2021-08-12,2021,Protests,Peaceful protest,Protesters (Estonia),,Estonia,Viljandi,"On 12 August 2021, protesters gathered in Viljandi to oppose plans to cut approximately 50 trees to build a sidewalk and bicycle path along a street in the city center.",0,2021-Q3
2021-08-23,2021,Protests,Peaceful protest,Protesters (Estonia),,Estonia,Harju,"On 23 August 2021, thousands of protesters gathered in Tallinn around the anniversary of the 1989 Baltic Way protests in Estonia, Latvia and Lithuania to oppose alleged compulsory coronavirus vaccination in Estonia. Following a demonstration at a central square in Tallinn, protesters drove through the city's streets with Estonian flags.",0,2021-Q3
2021-09-07,2021,Protests,Peaceful protest,Protesters (Estonia),,Estonia,Harju,"On 7 September 2021, dozens of residents of nearby coastal villages protested in front of a manor in Kiiu, where a local village council was holding a meeting, to oppose plans to assign operation rights for a nearby port to a company which protesters believe would not manage the port in the interest of local citizens.",0,2021-Q3
2021-09-16,2021,Protests,Peaceful protest,Protesters (Estonia),,Estonia,Harju,"On 16 September 2021, paramedics gathered in front of the seat of the Estonian government in Tallinn to demand pay rises.",0,2021-Q3
2021-09-18,2021,Protests,Peaceful protest,Protesters (Estonia),,Estonia,Harju,"On 18 September 2021, protesters gathered in central Tallinn to oppose coronavirus restrictions.",0,2021-Q3
2021-09-30,2021,Protests,Peaceful protest,Protesters (Estonia),,Estonia,Harju,"On 30 September 2021, protesters, including an MP from the opposition Fatherland (Estonia) party, gathered in front of the Russian embassy in Tallinn for a regular, weekly demonstration to denounce the Russian annexation of Crimea in 2014, drawing attention to the violation of international law this constituted.",0,2021-Q3
2021-09-28,2021,Protests,Peaceful protest,Protesters (Estonia),,Estonia,Harju,"On 28 September 2021, protesters organized by Fatherland (Estonia) gathered in front of the town hall in Tallinn to demand that local authorities change current regulations, which allegedly oblige homeowners to maintain road infrastructure in the vicinity of their properties, with demonstrators claiming this discourages people from buying homes.",0,2021-Q3
2021-09-29,2021,Protests,Peaceful protest,Protesters (Estonia),,Estonia,Harju,"On 29 September 2021, paramedics gathered in front of the Estonian parliament in Tallinn to demand higher pay rises than those which the government was currently ready to give them, claiming they were insufficient.",0,2021-Q3
2021-10-23,2021,Protests,Peaceful protest,Protesters (Estonia),,Estonia,Harju,"On 23 October 2021, thousands of protesters gathered for a demonstration against coronavirus restrictions, organized on Freedom square in Tallinn by SAPTK: Foundation for the Protection of the Family and Tradition. Demonstrators opposed alleged compulsory coronavirus vaccination as well as the obligation to carry a valid vaccination certificate to enter a number of public spaces, such as restaurants and malls, claiming the measures were unconstitutional. Leaders of EKRE: Conservative People's Party of Estonia, including MPs, spoke at the event, as well as journalists of media affiliated with this party and with SAPTK. Soldiers of Odin were also at the event.",0,2021-Q4
2021-11-30,2021,Protests,Peaceful protest,Protesters (Estonia),,Estonia,Harju,"On 30 November 2021, hundreds of protesters organized by one of the leaders of SAPTK: Foundation for the Protection of the Family and Tradition gathered in front of a cafe on Vana-Kalamaja street in central Tallinn, to oppose its closing by police due to repeated violations of coronavirus restrictions (the cafe's management did not require visitors to present a coronavirus vaccination certificate).",0,2021-Q4
2021-12-01,2021,Protests,Peaceful protest,Protesters (Estonia),,Estonia,Harju,"On 1 December 2021, several dozen protesters organized by one of the leaders of SAPTK: Foundation for the Protection of the Family and Tradition gathered for the second day in front of a cafe on Vana-Kalamaja street in central Tallinn, to oppose its closing by police due to repeated violations of coronavirus restrictions (the cafe's management did not require visitors to present a coronavirus vaccination certificate).",0,2021-Q4
2021-12-09,2021,Protests,Peaceful protest,Protesters (Estonia),,Estonia,Harju,"On 9 December 2021, students, university teachers and other higher education sector employees gathered in Tallinn to demand that the government raise spending on higher education in Estonia.",0,2021-Q4
2021-12-09,2021,Protests,Peaceful protest,Protesters (Estonia),,Estonia,Tartu,"On 9 December 2021, students, university teachers and other higher education sector employees gathered in Tartu to demand that the government raise spending on higher education in Estonia.",0,2021-Q4
2022-01-16,2022,Protests,Peaceful protest,Protesters (Estonia),,Estonia,Harju,"On 16 January 2022, dozens of supporters of imprisoned Russian opposition leader Alexei Navalny protested in front of the Russian Embassy in Tallinn, Estonia demanding the release of Navalny.",0,2022-Q1
2022-01-22,2022,Protests,Peaceful protest,Protesters (Estonia),,Estonia,Harju,"On 22 January 2022, members and supporters of the Conservative People's Party of Estonia protested at the Freedom Square in Tallinn, Estonia due to high electricity prices and called the government to resign.",0,2022-Q1
2022-02-03,2022,Protests,Peaceful protest,Protesters (Estonia),,Estonia,Harju,"On 3 February 2022, the Foundation for the Protection of the Family and Tradition organized a demonstration in Toompea in Tallinn, Estonia, against the government-imposed Coronavirus restrictions. People from all over Estonia drove to Tallinn to participate in the demonstration - according to the police 200 cars came to the anti-restrictions demonstration. At one point the cars blocked Kaarli Boulevard. At the end of the demonstration, some of the participants obstructed a police vehicle and threw snowballs at a police officer.",0,2022-Q1
2022-02-17,2022,Protests,Peaceful protest,Protesters (Estonia),,Estonia,Harju,"On 17 February 2022, a group of people protested in front of the Russian Embassy in Tallinn, Estonia in support of Ukraine calling the Russian government to remove its military forces from the Ukrainian border.",0,2022-Q1
2022-02-15,2022,Protests,Peaceful protest,Protesters (Estonia),,Estonia,Harju,"On 15 February 2022, a group of people protested in Tallinn, Estonia calling the Estonian government to release from detention a human rights activist who is detained under suspicion of espionage for alleged contact with Russian Special Services.",0,2022-Q1
2022-02-23,2022,Protests,Peaceful protest,Protesters (Estonia),,Estonia,Harju,"On 23 February 2022, a group of people protested in front of the Russian Embassy in Tallinn, Estonia calling against Russia's invasion of Ukraine.",0,2022-Q1
2022-02-23,2022,Protests,Peaceful protest,Protesters (Estonia),,Estonia,Harju,"On 23 February 2022, about a dozen drivers held a 'Freedom Convoy' in Tallinn, Estonia calling against the Coronavirus-related restrictions.",0,2022-Q1
2022-04-01,2022,Protests,Peaceful protest,Protesters (Estonia),,Estonia,Harju,"On 1 April 2022, Yandex Go taxi drivers protested in Tallinn, Estonia calling against the Estonian government's decision to block the services of Yandex Go in Estonia.",0,2022-Q2
2022-04-06,2022,Protests,Peaceful protest,Protesters (Estonia),,Estonia,Harju,"On 6 April 2022, a group of people protested in front of the Riigikogu in Tallinn, Estonia calling against the bill that would introduce amendments to the law on the prevention and control of communicable diseases.",0,2022-Q2
2022-04-12,2022,Protests,Peaceful protest,Protesters (Hungary),,Estonia,Harju,"On 12 April 2022, about a dozen Hungarians protested in front of the Hungarian Embassy in Tallinn, Estonia while wearing gas masks calling against the Hungarian government's plans to continue buying Russian gas.",0,2022-Q2
2022-06-08,2022,Protests,Peaceful protest,Protesters (Estonia),,Estonia,Harju,"On 8 June 2022, a group of people protested in front of the Riigikogu in Tallinn, Estonia, calling against the Narva City government's plan to close Russian schools or merge kindergartens as well as schools.",0,2022-Q2
2022-06-20,2022,Protests,Peaceful protest,Protesters (Estonia),,Estonia,Jogeva,"On 20 June 2022, a group of elderly protested in Jogeva, Estonia calling against the uncomfortable bicycle parking lot near Maxima.",0,2022-Q2
2021-11-20,2021,Protests,Peaceful protest,Protesters (Estonia),,Estonia,Tartu,"On 20 November 2021, approximately 50 protesters gathered in Tartu to oppose coronavirus restrictions currently in force in Estonia.",0,2021-Q4
2021-11-20,2021,Protests,Peaceful protest,Protesters (Estonia),,Estonia,Harju,"On 20 November 2021, protesters gathered in Tallinn to oppose coronavirus restrictions currently in force in Estonia.",0,2021-Q4
2021-07-01,2021,Riots,Violent demonstration,Rioters (Estonia),,Estonia,Tartu,"On 1 July 2021, approximately 20 protesters organized by EKRE: Conservative People's Party of Estonia gathered in Tartu to protest against plans by local authorities to build a cultural center. A member of the youth wing of the Estonian Greens, who self-identified as a member of the LGBT community, approached the protesters and waved a rainbow flag in front of them, following which one of the EKRE protesters snatched the flag out of her hand and broke it.",0,2021-Q3
2022-09-12,2022,Protests,Peaceful protest,Protesters (Estonia),,Estonia,Harju,"On 12 September 2022, Estonian Centre Party organized a protest in front of the Toompea Castle in Tallinn, Estonia calling against high energy prices. A few hundred people took part in the protest.",0,2022-Q3
2022-09-21,2022,Strategic developments,Change to group/activity,Government of Estonia (2021-),,Estonia,Harju,"Security measures: Around 21 September 2022 (as reported), Estonia (coded to Tallinn) imposed further restrictions on Russian citizens crossing its border to the EU territory and issuing visas for them. Among the reason mentioned is the securitization of the situation in Russia related to the current war against Ukraine.",0,2022-Q3
2022-09-29,2022,Protests,Peaceful protest,Protesters (Hungary),,Estonia,Harju,"On 29 September 2022, a group of Hungarians protested in front of the Hungarian Embassy in Tallinn, Estonia calling against the Hungarian government, its ties with Russia and the restriction of rights for various groups of people in Hungary.",0,2022-Q3
2022-10-01,2022,Protests,Peaceful protest,Protesters (Estonia),,Estonia,Harju,"On 1 October 2022, about 100 people protested at Freedom Square in Tallinn, Estonia in support of women of Iran.",0,2022-Q4
2022-10-16,2022,Protests,Peaceful protest,Protesters (Estonia),,Estonia,Harju,"On 16 October 2022, the Conservative People's Party of Estonia organized a protest in Tallinn, Estonia calling against high electricity prices. A couple of thousand protesters were present during the protest.",0,2022-Q4
2022-10-18,2022,Protests,Peaceful protest,Protesters (Estonia),,Estonia,Harju,"On 18 October 2022, members of the Infrastructure Construction Union protested at Toompea in Tallinn, Estonia calling against the underfunding of the maintenance and development of the road network.",0,2022-Q4
2022-10-22,2022,Protests,Peaceful protest,Protesters (Estonia),,Estonia,Harju,"On 22 October 2022, the 'Together' movement protested at the Town Hall Square in Tallinn, Estonia calling against the Estonian government and increasing electricity prices.",0,2022-Q4
2022-10-25,2022,Protests,Peaceful protest,Protesters (Estonia),,Estonia,Harju,"On 25 October 2022, fishers from Peipus protested in Toompea in Tallinn, Estonia calling against the approved amendments to the Fishing Act which will leave some of the fishers unemployed.",0,2022-Q4
2022-10-29,2022,Protests,Peaceful protest,Protesters (Ukraine),,Estonia,Harju,"On 29 October 2022, Ukrainians and Iranians gathered at Old City in Tallinn, Estonia protesting against dictatorial regimes and showing solidarity towards each other.",0,2022-Q4
2022-12-05,2022,Protests,Peaceful protest,Protesters (Estonia),,Estonia,Tartu,"On 5 December 2022, around 100 cultural workers protested at Town Hall Square in Tartu, Estonia, calling for higher wages.",0,2022-Q4
2022-12-17,2022,Protests,Peaceful protest,Protesters (Estonia),,Estonia,Harju,"On 17 December 2022, a group of people marched around Toompea in Tallinn, Estonia in solidarity with the innocent victims of the killings in Iran, following the protest related to the death of Mahsa Amini.",0,2022-Q4
2023-01-21,2023,Protests,Peaceful protest,Protesters (Estonia),,Estonia,Harju,"On 21 January 2023, a group of people protested near the Russian Embassy in Tallinn, Estonia calling against the political repression in Russia and demanding to free Russian opposition politician Alexei Navalny.",0,2023-Q1
2023-03-10,2023,Protests,Peaceful protest,Protesters (Estonia),,Estonia,Tartu,"On 10 March 2023, Georgians and Estonians protested at Town Hall Square in Tartu, Estonia, calling against the possible introduction of the Foreign Agents Law in Georgia.",0,2023-Q1
2023-03-11,2023,Protests,Peaceful protest,Protesters (Estonia),,Estonia,Harju,"On 11 March 2023, a group of women protested in Tallinn, Estonia, in support of Iranian women.",0,2023-Q1
2023-03-23,2023,Protests,Peaceful protest,Protesters (Estonia),,Estonia,Harju,"On 23 March 2023, cultural workers protested in front of Stenbock House in Tallinn, Estonia, calling for social guarantees and fair remuneration for cultural workers.",0,2023-Q1
2020-10-18,2020,Protests,Protest with intervention,Protesters (Estonia),Rioters (Estonia),Estonia,Harju,"On 18 October 2020, around 300 demonstrators including local LGBT people demonstrated in Tallinn, to oppose government plans of organizing a referendum on the status of marriage, and to demand the legalization of same-sex marriage. Protesters were met by a much smaller group of far-right activists, who engaged in brief scuffles with them.",0,2020-Q4
2022-10-15,2022,Protests,Peaceful protest,Protesters (Estonia),,Estonia,Harju,"On 15 October 2022, a group of people protested in front of the Russian Embassy in Tallinn, Estonia calling against the Russian invasion of Ukraine.",0,2022-Q4
2022-10-14,2022,Protests,Peaceful protest,Protesters (Estonia),,Estonia,Harju,"On 14 October 2022, a group of people protested in support of Ukraine at the Freedom Square in Tallinn, Estonia calling against the Russian invasion of Ukraine.",0,2022-Q4
2022-10-10,2022,Protests,Peaceful protest,Protesters (Estonia),,Estonia,Harju,"On 10 October 2022, a group of people protested in front of the Russian Embassy in Tallinn, Estonia condemning the Russian attacks on Kyiv and other major cities of Ukraine.",0,2022-Q4
2022-10-03,2022,Protests,Peaceful protest,Protesters (Estonia),,Estonia,Harju,"On 3 October 2022, a group of women protested in front of the Russian Embassy in Tallinn, Estonia calling against the Russian invasion of Ukraine.",0,2022-Q4
2022-09-24,2022,Protests,Peaceful protest,Protesters (Estonia),,Estonia,Harju,"On 24 September 2022, a group of people protested in front of the Russian Embassy in Tallinn, Estonia calling against the Russian invasion of Ukraine.",0,2022-Q3
2022-08-24,2022,Protests,Peaceful protest,Protesters (Estonia),,Estonia,Harju,"On 24 August 2022, a group of people protested near the Maarjamae Memorial in Tallinn, Estonia calling against the Russian invasion of Ukraine and the threat of nuclear disaster that this war presents.",0,2022-Q3
2022-05-26,2022,Protests,Peaceful protest,Protesters (Estonia),,Estonia,Harju,"On 26 May 2022, a group of people protested in front of the Russian Embassy in Tallinn, Estonia calling against the Russian invasion of Ukraine. As a response, the Russian Embassy placed speakers outside and played loud music while the protest was taking place.",0,2022-Q2
2022-05-23,2022,Protests,Peaceful protest,Protesters (Estonia),,Estonia,Harju,"On 23 May 2022, a group of people protested in front of the Russian Embassy in Tallinn, Estonia calling against the Russian invasion of Ukraine.",0,2022-Q2
2022-04-18,2022,Protests,Peaceful protest,Protesters (Estonia),,Estonia,Harju,"On 18 April 2022, 10-15 protesters with their hands tied behind their backs and black plastic bags on their heads protested in front of the French and German Embassies in Tallinn, Estonia calling against the Russian invasion of Ukraine and calling European countries to take tougher measures against Russia.",0,2022-Q2
2022-04-13,2022,Protests,Peaceful protest,Protesters (Estonia),,Estonia,Harju,"On 13 April 2022, about 20 women protested in front of the Russian Embassy in Tallinn, Estonia calling against the rape and violence of Russian soldiers toward women in Ukraine.",0,2022-Q2
2022-04-11,2022,Protests,Peaceful protest,Protesters (Estonia),,Estonia,Harju,"On 11 April 2022, a dozen protesters laid in the garden of the German Embassy in Tallinn, Estonia with their hands tied behind their backs and black plastic bags on their heads while protesting against the Russian invasion of Ukraine and calling European countries to take tougher measures against Russia.",0,2022-Q2
2022-02-27,2022,Protests,Peaceful protest,Protesters (Estonia),,Estonia,Harju,"On 27 February 2022, dozens of Belarusians living in Estonia protested on Freedom Square in Tallinn, Estonia calling against the Belarusian government's support for Russia during their invasion of Ukraine.",0,2022-Q1
2022-02-26,2022,Protests,Peaceful protest,Protesters (Estonia),,Estonia,Harju,"On 26 February 2022, about 30000 people protested on Freedom Square in Tallinn, Estonia calling against Russia's invasion of Ukraine.",0,2022-Q1
2022-02-26,2022,Protests,Peaceful protest,Protesters (Estonia),,Estonia,Tartu,"On 26 February 2022, a few hundred people protested on the square of Tartu Town Hall in Tartu, Estonia calling against Russia's invasion of Ukraine.",0,2022-Q1
2022-02-24,2022,Protests,Peaceful protest,Protesters (Estonia),,Estonia,Harju,"On 24 February 2022, hundreds of people protested in front of the Russian Embassy in Tallinn, Estonia calling against Russia's invasion of Ukraine.",0,2022-Q1
2022-02-24,2022,Protests,Peaceful protest,Protesters (Estonia),,Estonia,Tartu,"On 24 February 2022, nearly 300 people protested in the Town Hall Square in Tartu, Estonia calling against Russia's invasion of Ukraine.",0,2022-Q1
2022-11-26,2022,Protests,Peaceful protest,Protesters (Russia),,Estonia,Harju,"On 26 November 2022, Russian dissidents that emigrated to Estonia protested in front of the Russian Embassy in Tallinn, Estonia demanding the withdrawal of Russian troops from Ukraine and the release of Russian political prisoners.",0,2022-Q4
2023-02-24,2023,Protests,Peaceful protest,Protesters (Estonia),,Estonia,Harju,"On 24 February 2023, several dozen protesters protested in front of the Russian Embassy in Tallinn, Estonia, calling against the Russian invasion of Ukraine on the first anniversary of the war.",0,2023-Q1
2023-02-25,2023,Protests,Peaceful protest,Protesters (Estonia),,Estonia,Harju,"On 25 February 2023, citizens, including Ukrainian nationals, marched through the streets of the old town ending at Freedom Square in Tallinn, Estonia, calling against the Russian invasion of Ukraine on the war's first anniversary.",0,2023-Q1
2023-05-13,2023,Protests,Peaceful protest,Protesters (Estonia),,Estonia,Harju,"On 13 May 2023, hundreds of people participated in the Estonian Centre Party's protest action in Tammsaare Park in Tallinn, Estonia, calling against tax increases.",0,2023-Q2
2023-05-17,2023,Protests,Peaceful protest,Protesters (Estonia),,Estonia,Harju,"On 17 May 2023, more than a hundred people protested in Tammsaare Park in Tallinn, Estonia, drawing attention to the violence against LGBT people.",0,2023-Q2
2023-05-08,2023,Protests,Peaceful protest,Protesters (Estonia),,Estonia,Harju,"On 8 May 2023, members of the Fatherland party protested in front of the Riigikogu in Tallinn, Estonia, calling against the government's plan to cut the newly increased allowances for large families.",0,2023-Q2
2023-05-27,2023,Protests,Peaceful protest,Protesters (Estonia),,Estonia,Harju,"On 27 May 2023, members of the Foundation for the Protection of Family and Traditions protested in front of Riigikogu in Tallinn, Estonia, calling against the legalization of same-sex marriages.",0,2023-Q2
2023-06-15,2023,Protests,Peaceful protest,Protesters (Estonia),,Estonia,Harju,"On 15 June 2023, a group of people protested in Tallinn, Estonia calling for the freedom of Aivo Peterson who is detained for ties with Russia which might be harmful for Estonia.",0,2023-Q2
2020-02-24,2020,Protests,Peaceful protest,Protesters (Estonia),,Estonia,Harju,"On 24 February 2020, at least 200 people participated in a torch-lit march organized in Tallinn by EKRE, a major Estonian far-right political party, on the anniversary of Estonia's independence. Participants included Jaak Madison, an MEP from EKRE, and Siim Pohlak, leader of the EKRE faction in the Estonian parliament.",0,2020-Q1
2023-07-20,2023,Protests,Peaceful protest,Protesters (Estonia),,Estonia,Harju,"On 20 July 2023, about a dozen members of the Fatherland party protested in Tallinn, Estonia, calling against the raised car taxes.",0,2023-Q3
2023-08-31,2023,Protests,Peaceful protest,Protesters (Estonia),,Estonia,Harju,"On 31 August 2023, members of the Estonian rescue workers' union protested in Tallinn, Estonia, calling against the budget cuts in the field of internal defense and demanding a specific agreement on salary increases.",0,2023-Q3
2023-09-11,2023,Protests,Peaceful protest,Protesters (Estonia),,Estonia,Harju,"On 11 September 2023, a group of people protested in Toompea in Tallinn, Estonia, calling against the introduction of a car tax.",0,2023-Q3
2023-09-16,2023,Protests,Peaceful protest,Protesters (Estonia),,Estonia,Harju,"On 16 September 2023, a group of people protested at Freedom Square in Tallinn, Estonia, on the first anniversary of the wave of protests that emerged after the killing of Mahsa Amin by the Iranian honour police.",0,2023-Q3
2023-10-11,2023,Protests,Peaceful protest,Protesters (Estonia),,Estonia,Harju,"On 11 October 2023, members of the Estonian Rescue Area Workers' Union and the NGO Crisis Research Center protested in front of the Riigikogu in Tallinn, Estonia, in support of the Kopli rescue command as followed by government cutbacks a decision was made to close it.",0,2023-Q4
2023-10-11,2023,Protests,Peaceful protest,Protesters (Estonia),,Estonia,Harju,"On 11 October 2023, protesters gathered at three intersections in Tallinn, Estonia, protesting against car-centric traffic management, which forces pedestrians to stand on narrow safety islands when crossing the road at large intersections. The protesters demanded to change the traffic light cycles so that pedestrians can cross the road with one traffic light cycle.",0,2023-Q4
2023-10-12,2023,Protests,Peaceful protest,Protesters (Estonia),,Estonia,Harju,"On 12 October 2023, a group of people protested in front of the Riigikogu in Tallinn, Estonia, in support of the Kopli rescue command as followed by government cutbacks a decision was made to close it.",0,2023-Q4
2023-10-19,2023,Protests,Peaceful protest,Protesters (Estonia),,Estonia,Harju,"On 19 October 2023, a group of motorcyclists protested in front of Riigikogu in Tallinn, Estonia, calling against the new car tax.",0,2023-Q4
2023-10-26,2023,Protests,Peaceful protest,Protesters (Estonia),,Estonia,Harju,"On 26 October 2023, teachers and representatives of various labor unions protested in Toompea in Tallinn, Estonia, in support of teachers who are underpaid.",0,2023-Q4
2023-10-29,2023,Protests,Peaceful protest,Protesters (Estonia),,Estonia,Harju,"On 29 October 2023, a group of people protested in Tallinn, Estonia, in support of Israel.",0,2023-Q4
2023-11-05,2023,Protests,Protest with intervention,Protesters (Estonia),Police Forces of Estonia (2021-),Estonia,Harju,"On 5 November 2023, a group of people protested in Tallinn, Estonia, in support of Palestine. Police detained 5 protesters who were holding a banner saying 'From the river to the sea, Palestine will be free'.",0,2023-Q4
2023-11-24,2023,Protests,Peaceful protest,Protesters (Estonia),,Estonia,Harju,"On 24 November 2023, a group of people protested in Politseipark in Tallinn, Estonia, calling against the Estonian National Broadcasting Company's decision to end the evening section of the program dedicated to different styles of alternative music on Radio 2.",0,2023-Q4
2024-01-22,2024,Protests,Peaceful protest,Protesters (Estonia),,Estonia,Harju,"On 22 January 2024, teachers protested in front of the Riigikogu in Toompea in Tallinn, Estonia, demanding salary increases and better working conditions. The protest action is part of the nationwide teachers' strike.",0,2024-Q1
2024-01-24,2024,Protests,Peaceful protest,Protesters (Estonia),,Estonia,Tartu,"On 24 January 2024, hundreds of teachers protested in front of the Town Hall in Tartu, Estonia, demanding salary increases and better working conditions. The protest action is part of the nationwide teachers' strike.",0,2024-Q1
2024-01-29,2024,Protests,Peaceful protest,Protesters (Estonia),,Estonia,Harju,"On 29 January 2024, teachers protested in front of the Riigikogu in Toompea in Tallinn, Estonia, demanding salary increases and better working conditions. The protest action is part of the nationwide teachers' strike.",0,2024-Q1
2024-02-14,2024,Protests,Peaceful protest,Protesters (Estonia),,Estonia,Harju,"On 14 February 2024, members of the Conservative People's Party of Estonia protested in Toompea in Tallinn, Estonia, calling against the planned increase in car taxes.",0,2024-Q1
2024-02-16,2024,Protests,Peaceful protest,Protesters (Estonia),,Estonia,Harju,"On 16 February 2024, people gathered and protested in front of the Russian Embassy in Tallinn, Estonia, after the death of Alexei Navalny.",0,2024-Q1
2024-02-24,2024,Protests,Peaceful protest,Protesters (Estonia),,Estonia,Harju,"On 24 February 2024, a group of people protested in front of the Russian Embassy in Tallinn, Estonia, in support of Ukraine on the second anniversary of the Russian invasion.",0,2024-Q1
2024-02-25,2024,Protests,Peaceful protest,Protesters (Estonia),,Estonia,Harju,"On 25 February 2024, hundreds of people protested at Freedom Square in Tallinn, Estonia, in support of Ukraine on the second anniversary of the Russian invasion.",0,2024-Q1
2024-02-29,2024,Protests,Peaceful protest,Protesters (Estonia),,Estonia,Laane-Viru,"On 29 February 2024, residents of Tapa protested outside the Municipal Building in Tapa, Estonia, calling against the educational reforms in the town and its surrounding areas. The reforms, among other things, would lead to the reduction of the size of classes in two schools in the villages of Lehtse and Janeda.",0,2024-Q1
2024-03-04,2024,Protests,Peaceful protest,Protesters (Estonia),,Estonia,Tartu,"On 4 March 2024, a group of people protested in front of the municipality building in Elva, Tartu region, calling against the closure of the third grade of the Palupera school.",0,2024-Q1
2024-03-17,2024,Protests,Peaceful protest,Protesters (Estonia),,Estonia,Harju,"On 17 March 2024, a group of people marched and protested in Tallinn, Estonia, calling against increased car taxes.",0,2024-Q1
2024-03-19,2024,Protests,Peaceful protest,Protesters (Estonia),,Estonia,Harju,"On 19 March 2024, deputies of EKRE protested against the increased car tax on Toompea Street in Tallinn, Estonia, by blocking the road to the Parliament and the Stenbock house by stopping their cars in the middle of the road.",0,2024-Q1
2024-03-19,2024,Protests,Peaceful protest,Protesters (Estonia),,Estonia,Tartu,"On 19 March 2024, deputies of EKRE protested against the increased car tax near the Tasku center in Tartu, Estonia, by blocking one of the main intersections of the city by stopping their cars in the middle of it.",0,2024-Q1
2024-03-28,2024,Protests,Peaceful protest,Protesters (Estonia),,Estonia,Rapla,"On 28 March 2024, hundreds of basketball fans protested in front of the Municipal Hall in Rapla, Estonia, in support of the Rapla Avis Utilitas basketball team and called the municipal council not to cut the club's financial allocation.",0,2024-Q1
2024-03-17,2024,Protests,Peaceful protest,Protesters (Russia),,Estonia,Harju,"On 17 March 2024, a group of Russians came to the Russian Embassy at 12 o'clock in Tallinn, Estonia, with signs and posters expressing their opposition to the ongoing Russian presidential elections.",0,2024-Q1
2023-02-24,2023,Protests,Peaceful protest,Protesters (Estonia),,Estonia,Voru,"On 24 February 2023, local residents protested and created a human chain near the Nursipalu training area in the Voru municipality, Estonia (coded to Nursipalu), calling against the proposed expansion of it as that would interfere with the lives of people that live nearby.",0,2023-Q1
2024-05-17,2024,Protests,Peaceful protest,Protesters (Estonia),,Estonia,Harju,"On 17 May 2024, around 50 protesters protested at the Freedom Square in Tallinn, Estonia, calling against the 'Foreign Agents' law that is being passed in Georgia.",0,2024-Q2
2024-05-29,2024,Protests,Peaceful protest,Protesters (Estonia),,Estonia,Harju,"On 29 May 2024, hundreds of landowners gathered in Toompea in Tallinn, Estonia, demanding that the Riigikogu abandons the solution regarding an increase in land tax and calling for fair and immediate compensation if the state restricts the use of land by private owners.",0,2024-Q2
2024-02-29,2024,Protests,Peaceful protest,Protesters (Estonia),,Estonia,Ida-Viru,"On 29 February 2024, around 200 hospital workers and Narva residents protested in Narva, Estonia, calling against the dismissal of the Head of the Narva Hospital.",0,2024-Q1
2024-02-25,2024,Protests,Peaceful protest,Protesters (Estonia),,Estonia,Ida-Viru,"On 25 February 2024, around 50 people protested in Narva, Estonia, in support of Ukraine on the second anniversary of the Russian invasion.",0,2024-Q1
2022-08-03,2022,Protests,Peaceful protest,Protesters (Estonia),,Estonia,Ida-Viru,"On 3 August 2022, about 50 people gathered near a Soviet tank monument in Narva, Estonia after rumors started to circulate that the monument will be removed. The civilians called against the possible removal of the monument.",0,2022-Q3
2022-02-26,2022,Protests,Peaceful protest,Protesters (Estonia),,Estonia,Ida-Viru,"On 26 February 2022, about a hundred people protested in Narva, Estonia calling against Russia's invasion of Ukraine.",0,2022-Q1
2021-01-31,2021,Protests,Peaceful protest,Protesters (Estonia),,Estonia,Ida-Viru,"On 31 January 2021, an unknown number of protesters gathered in Narva to demand the release of Russian opposition politician Alexey Navalny, who was arrested on January 17 upon his return to Russia.",0,2021-Q1
2021-01-23,2021,Protests,Peaceful protest,Protesters (Estonia),,Estonia,Ida-Viru,"On 23 January 2021, an unknown number of demonstrators gathered in Narva to protest against the arrest of Alexey Navalny upon his return to Russia earlier in the week.",0,2021-Q1
2024-07-10,2024,Protests,Peaceful protest,Protesters (Estonia),,Estonia,Harju,"On 10 July 2024, about 60 Estonian and Ukrainian people protested in front of the Russian Embassy in Tallinn, Estonia, calling against the Russian attack on Kyiv's Children's Hospital.",0,2024-Q3
2024-09-19,2024,Protests,Peaceful protest,Protesters (Estonia),,Estonia,Harju,"On 19 September 2024, members of the Fatherland party protest in front of Stenbock's house in Toompea in Tallinn, Estonia, calling against the planned tax increases.",0,2024-Q3
2024-09-24,2024,Protests,Peaceful protest,Protesters (Estonia),,Estonia,Harju,"On 24 September 2024, the Estonian Theater Association protested in front of Stenbock's house in Tallinn, Estonia, expressing dissatisfaction with the government's idea of freezing the basic salary of cultural workers and cutting funding to the field.",0,2024-Q3
2024-10-15,2024,Protests,Peaceful protest,Protesters (Estonia),,Estonia,Harju,"On 15 October 2024, cultural workers and representatives of creative unions protested in front of the Riigikogu building on Toompea Hill in Tallinn, Estonia, calling against the cuts to Estonia's cultural sector.",0,2024-Q4
2024-10-17,2024,Protests,Peaceful protest,Protesters (Estonia),,Estonia,Harju,"On 17 October 2024, school and university students from across Estonia protested in front of Stenbock House in Tallinn, Estonia, in support of free higher education.",0,2024-Q4
2024-03-19,2024,Protests,Peaceful protest,Protesters (Estonia),,Estonia,Voru,"On 19 March 2024, deputies of EKRE protested against the increased car tax in Mauri, Estonia, by blocking the Lihula road by stopping their cars in the middle of the road.",0,2024-Q1
2024-11-14,2024,Protests,Peaceful protest,Protesters (Estonia),,Estonia,Harju,"On 14 November 2024, the Estonian Nationalists and Conservatives Party protested in front of the Stenbock House in Tallinn, Estonia, calling against tax increases.",0,2024-Q4
2024-09-01,2024,Strategic developments,Other,Military Forces of Russia (2000-),Military Forces of the United States (2021-2025) Air Force,Estonia,Harju,"Other: On 1 September 2024, according to Russian media, the Russian military interfered with the GPS signal of the RQ-4B Global Hawk UAV flying over Estonia, causing chaotic movement, even though it landed safely without damage. (coded to Tallinn)",0,2024-Q3
2020-01-03,2020,Protests,Peaceful protest,Protesters (Estonia),,Estonia,Harju,"On 3 January 2020, approximately six Fridays for Future protesters demonstrated in Tallinn to raise awareness of the dangers of climate change.",0,2020-Q1
2020-10-09,2020,Protests,Peaceful protest,Protesters (Estonia),,Estonia,Tartu,"On 9 October 2020, 6 protesters, mainly students, protested in Tartu to demand swift action from governments in the face of climate change, in a demonstration organized by Fridays for Future.",0,2020-Q4
2020-10-09,2020,Protests,Peaceful protest,Protesters (Estonia),,Estonia,Harju,"On 9 October 2020, 18 protesters, mainly students, protested in Tallinn to demand swift action from governments in the face of climate change, in a demonstration organized by Fridays for Future.",0,2020-Q4
2020-10-23,2020,Protests,Peaceful protest,Protesters (Estonia),,Estonia,Harju,"On 23 October 2020, 6 local students gathered for a Fridays for Future protest in Tallinn, demanding more decisive action by governments in the face of climate change.",0,2020-Q4
2020-10-23,2020,Protests,Peaceful protest,Protesters (Estonia),,Estonia,Tartu,"On 23 October 2020, 12 local students gathered for a Fridays for Future protest in Tartu, demanding more decisive action by governments in the face of climate change.",0,2020-Q4
2020-10-30,2020,Protests,Peaceful protest,Protesters (Estonia),,Estonia,Harju,"On 30 October 2020, 5 local students gathered for a Fridays for Future protest in Tallinn, demanding more decisive action by governments in the face of climate change.",0,2020-Q4
2020-11-06,2020,Protests,Peaceful protest,Protesters (Estonia),,Estonia,Harju,"On 6 November 2020, an unknown number of protesters, mainly students organized by Fridays for Future, demonstrated in Tallinn to demand more action from governments in the face of climate change.",0,2020-Q4
2020-11-06,2020,Protests,Peaceful protest,Protesters (Estonia),,Estonia,Tartu,"On 6 November 2020, an unknown number of protesters, mainly students organized by Fridays for Future, demonstrated in Tartu to demand more action from governments in the face of climate change.",0,2020-Q4
2020-02-14,2020,Protests,Peaceful protest,Protesters (Estonia),,Estonia,Harju,"On 14 February 2020, approximately nine Fridays for Future protesters demonstrated in Tallinn to raise awareness of the risks of climate change.",0,2020-Q1
2020-11-13,2020,Protests,Peaceful protest,Protesters (Estonia),,Estonia,Harju,"On 13 November 2020, approximately 8 students participated in a Fridays For Future protest in Tallinn, to demand more decisive action by governments in the face of climate change.",0,2020-Q4
2020-11-13,2020,Protests,Peaceful protest,Protesters (Estonia),,Estonia,Tartu,"On 13 November 2020, approximately 4 students participated in a Fridays For Future protest in Tartu, to demand more decisive action by governments in the face of climate change.",0,2020-Q4
2020-11-20,2020,Protests,Peaceful protest,Protesters (Estonia),,Estonia,Harju,"On 20 November 2020, approximately 5 students participated in a Fridays For Future protest in Tallinn to demand more decisive action by governments in the face of climate change.",0,2020-Q4
2020-11-20,2020,Protests,Peaceful protest,Protesters (Estonia),,Estonia,Tartu,"On 20 November 2020, approximately 8 students participated in a Fridays For Future protest in Tartu, to demand more decisive action by governments in the face of climate change.",0,2020-Q4
2020-11-27,2020,Protests,Peaceful protest,Protesters (Estonia),,Estonia,Harju,"On 27 November 2020, an unknown number of students organized by Fridays For Future demonstrated in Tallinn to demand more decisive action from governments in the face of climate change.",0,2020-Q4
2020-11-27,2020,Protests,Peaceful protest,Protesters (Estonia),,Estonia,Tartu,"On 27 November 2020, an unknown number of students organized by Fridays For Future demonstrated in Tartu to demand more decisive action from governments in the face of climate change.",0,2020-Q4
2020-12-05,2020,Protests,Peaceful protest,Protesters (Estonia),,Estonia,Harju,"On 5 December 2020, three students gathered for a Fridays For Future protest in Tallinn to demand more decisive actions by governments in the face of climate change.",0,2020-Q4
2020-12-05,2020,Protests,Peaceful protest,Protesters (Estonia),,Estonia,Tartu,"On 5 December 2020, three students gathered for a Fridays For Future protest in Tartu to demand more decisive actions by governments in the face of climate change.",0,2020-Q4
2020-12-11,2020,Protests,Peaceful protest,Protesters (Estonia),,Estonia,Harju,"On 11 December 2020, an unknown number of students gathered for a Fridays For Future protest in Tallinn to demand more decisive actions by governments in the face of climate change.",0,2020-Q4
2020-12-11,2020,Protests,Peaceful protest,Protesters (Estonia),,Estonia,Tartu,"On 11 December 2020, an unknown number of students gathered for a Fridays For Future protest in Tartu to demand more decisive actions by governments in the face of climate change.",0,2020-Q4
2020-12-18,2020,Protests,Peaceful protest,Protesters (Estonia),,Estonia,Harju,"On 18 December 2020, an unknown number of students gathered for a Fridays For Future protest in Tallinn to demand more decisive actions by governments in the face of climate change.",0,2020-Q4
2020-12-18,2020,Protests,Peaceful protest,Protesters (Estonia),,Estonia,Tartu,"On 18 December 2020, an unknown number of students gathered for a Fridays For Future protest in Tartu to demand more decisive actions by governments in the face of climate change.",0,2020-Q4
2020-12-25,2020,Protests,Peaceful protest,Protesters (Estonia),,Estonia,Harju,"On 25 December 2020, an unknown number of students gathered for a Fridays For Future protest in Tallinn to demand more decisive actions by governments in the face of climate change.",0,2020-Q4
2020-12-25,2020,Protests,Peaceful protest,Protesters (Estonia),,Estonia,Tartu,"On 25 December 2020, an unknown number of students gathered for a Fridays For Future protest in Tartu to demand more decisive actions by governments in the face of climate change.",0,2020-Q4
2021-01-01,2021,Protests,Peaceful protest,Protesters (Estonia),,Estonia,Harju,"On 1 January 2021, an unknown number of students gathered for a Fridays For Future protest in Tallinn to demand more decisive actions by governments in the face of climate change.",0,2021-Q1
2021-01-01,2021,Protests,Peaceful protest,Protesters (Estonia),,Estonia,Tartu,"On 1 January 2021, an unknown number of students gathered for a Fridays For Future protest in Tartu to demand more decisive actions by governments in the face of climate change.",0,2021-Q1
2021-01-08,2021,Protests,Peaceful protest,Protesters (Estonia),,Estonia,Harju,"On 8 January 2021, an unknown number of students gathered for a Fridays For Future protest in Tallinn to demand more decisive actions by governments in the face of climate change.",0,2021-Q1
2021-01-15,2021,Protests,Peaceful protest,Protesters (Estonia),,Estonia,Harju,"On 15 January 2021, an unknown number of students gathered for a Fridays For Future protest in Tallinn to demand more decisive actions by governments in the face of climate change.",0,2021-Q1
2021-01-08,2021,Protests,Peaceful protest,Protesters (Estonia),,Estonia,Tartu,"On 8 January 2021, an unknown number of students gathered for a Fridays For Future protest in Tartu to demand more decisive actions by governments in the face of climate change.",0,2021-Q1
2021-01-15,2021,Protests,Peaceful protest,Protesters (Estonia),,Estonia,Tartu,"On 15 January 2021, an unknown number of students gathered for a Fridays For Future protest in Tartu to demand more decisive actions by governments in the face of climate change.",0,2021-Q1
2021-01-29,2021,Protests,Peaceful protest,Protesters (Estonia),,Estonia,Harju,"On 29 January 2021, an unknown number of environmental activists gathered in front of government buildings in Tallinn to protest against alleged overlogging in Estonian forests, claiming current policies are unsustainable.",0,2021-Q1
2021-01-22,2021,Protests,Peaceful protest,Protesters (Estonia),,Estonia,Harju,"On 22 January 2021, an unknown number of students organized by Fridays For Future demonstrated in Tallinn to demand more action by governments in the face of climate change.",0,2021-Q1
2021-01-29,2021,Protests,Peaceful protest,Protesters (Estonia),,Estonia,Harju,"On 29 January 2021, approximately 20 students organized by Fridays For Future demonstrated in Tallinn to demand more action by governments in the face of climate change.",0,2021-Q1
2021-02-05,2021,Protests,Peaceful protest,Protesters (Estonia),,Estonia,Harju,"On 5 February 2021, students gathered for a Fridays for Future protest in Tallinn, demanding more action by governments in the face of climate change.",0,2021-Q1
2021-02-05,2021,Protests,Peaceful protest,Protesters (Estonia),,Estonia,Tartu,"On 5 February 2021, students gathered for a Fridays for Future protest in Tartu, demanding more action by governments in the face of climate change.",0,2021-Q1
2021-02-12,2021,Protests,Peaceful protest,Protesters (Estonia),,Estonia,Harju,"On 12 February 2021, an unknown number of students organized by Fridays for Future protested in Tallinn to demand more action by governments in the face of climate change.",0,2021-Q1
2021-02-12,2021,Protests,Peaceful protest,Protesters (Estonia),,Estonia,Tartu,"On 12 February 2021, an unknown number of students organized by Fridays for Future protested in Tartu to demand more action by governments in the face of climate change.",0,2021-Q1
2021-02-26,2021,Protests,Peaceful protest,Protesters (Estonia),,Estonia,Harju,"On 26 February 2021, an unknown number of students organized by Fridays for Future protested in Tallinn to demand more action by governments in the face of climate change.",0,2021-Q1
2021-02-26,2021,Protests,Peaceful protest,Protesters (Estonia),,Estonia,Tartu,"On 26 February 2021, an unknown number of students organized by Fridays for Future protested in Tartu to demand more action by governments in the face of climate change.",0,2021-Q1
2021-03-05,2021,Protests,Peaceful protest,Protesters (Estonia),,Estonia,Harju,"On 5 March 2021, students organized by Fridays For Future protested in Tallinn to demand more action by governments in the face of climate change.",0,2021-Q1
2021-06-04,2021,Protests,Peaceful protest,Protesters (Estonia),,Estonia,Harju,"On 4 June 2021, students organized by Fridays For Future protested in Tallinn to demand more action by governments in the face of climate change.",0,2021-Q2
2021-06-04,2021,Protests,Peaceful protest,Protesters (Estonia),,Estonia,Tartu,"On 4 June 2021, students organized by Fridays For Future protested in Tartu to demand more action by governments in the face of climate change.",0,2021-Q2
2021-06-04,2021,Protests,Peaceful protest,Protesters (Estonia),,Estonia,Harju,"On 4 June 2021, students organized by Fridays for Future protested in Tallinn to demand more action by governments in the face of climate change.",0,2021-Q2
2021-06-04,2021,Protests,Peaceful protest,Protesters (Estonia),,Estonia,Tartu,"On 4 June 2021, students organized by Fridays for Future protested in Tartu to demand more action by governments in the face of climate change.",0,2021-Q2
2021-06-16,2021,Protests,Peaceful protest,Protesters (Estonia),,Estonia,Harju,"On 16 June 2021, protesters organized by the Estonian Greens and Fridays for Future Estonia, including the presidents of both groups, gathered in front of the Estonian parliament in Tallinn to demand an end to deforestation in the country, as well as to oppose large-scale use of biomass and oil shale for energy production.",0,2021-Q2
2021-06-11,2021,Protests,Peaceful protest,Protesters (Estonia),,Estonia,Tartu,"On 11 June 2021, students organized by Fridays for Future protested in Tartu to demand more action by governments in the face of climate change.",0,2021-Q2
2020-01-10,2020,Protests,Peaceful protest,Protesters (Estonia),,Estonia,Harju,"On 10 January 2020, approximately ten Fridays for Future protesters demonstrated in Tallinn to raise awareness of the dangers of climate change.",0,2020-Q1
2021-06-18,2021,Protests,Peaceful protest,Protesters (Estonia),,Estonia,Harju,"On 18 June 2021, students organized by FFF: Fridays for Future protested in Tallinn to demand more action by governments in the face of climate change.",0,2021-Q2
2021-06-18,2021,Protests,Peaceful protest,Protesters (Estonia),,Estonia,Tartu,"On 18 June 2021, students organized by FFF: Fridays for Future protested in Tartu to demand more action by governments in the face of climate change.",0,2021-Q2
2021-07-09,2021,Protests,Peaceful protest,Protesters (Estonia),,Estonia,Harju,"On 9 July 2021, protesters organized by FFF: Fridays for Future demonstrated in Tallinn to demand more action by governments in the face of climate change.",0,2021-Q3
2021-07-09,2021,Protests,Peaceful protest,Protesters (Estonia),,Estonia,Tartu,"On 9 July 2021, protesters organized by FFF: Fridays for Future demonstrated in Tartu to demand more action by governments in the face of climate change.",0,2021-Q3
2021-07-16,2021,Protests,Peaceful protest,Protesters (Estonia),,Estonia,Harju,"On 16 July 2021, students organized by FFF: Fridays for Future protested in Tallinn to demand more action by governments in the face of climate change.",0,2021-Q3
2021-07-16,2021,Protests,Peaceful protest,Protesters (Estonia),,Estonia,Tartu,"On 16 July 2021, students organized by FFF: Fridays for Future protested in Tartu to demand more action by governments in the face of climate change.",0,2021-Q3
2020-05-24,2020,Protests,Peaceful protest,Protesters (Estonia),,Estonia,Harju,"On 24 May 2020, approximately 10 Fridays for Future protesters demonstrated in Tallinn to raise awareness of the dangers of climate change.",0,2020-Q2
2021-07-24,2021,Protests,Peaceful protest,Protesters (Estonia),,Estonia,Harju,"On 24 July 2021, students organized by Fridays for Future protested in Tallinn to demand more action by governments in the face of climate change.",0,2021-Q3
2021-07-30,2021,Protests,Peaceful protest,Protesters (Estonia),,Estonia,Harju,"On 30 July 2021, students organized by FFF: Fridays for Future protested in Tallinn to demand more action by governments in the face of climate change.",0,2021-Q3
2021-08-06,2021,Protests,Peaceful protest,Protesters (Estonia),,Estonia,Harju,"On 6 August 2021, students organized by FFF: Fridays for Future protested in Tallinn to demand more action by governments in the face of climate change.",0,2021-Q3
2021-08-13,2021,Protests,Peaceful protest,Protesters (Estonia),,Estonia,Harju,"On 13 August 2021, students organized by FFF: Fridays for Future protested in Tallinn to demand more action by governments in the face of climate change.",0,2021-Q3
2021-08-20,2021,Protests,Peaceful protest,Protesters (Estonia),,Estonia,Harju,"On 20 August 2021, students organized by FFF: Fridays for Future protested in Tallinn to demand more action by governments in the face of climate change.",0,2021-Q3
2021-08-27,2021,Protests,Peaceful protest,Protesters (Estonia),,Estonia,Harju,"On 27 August 2021, students organized by FFF: Fridays for Future protested in Tallinn to demand more action by governments in the face of climate change.",0,2021-Q3
2020-05-24,2020,Protests,Peaceful protest,Protesters (Estonia),,Estonia,Tartu,"On 24 May 2020, approximately 10 Fridays for Future protesters demonstrated in Tartu to raise awareness of the dangers of climate change.",0,2020-Q2
2021-09-03,2021,Protests,Peaceful protest,Protesters (Estonia),,Estonia,Harju,"On 3 September 2021, students organized by FFF: Fridays for Future protested in Tallinn to demand more action by governments in the face of climate change.",0,2021-Q3
2021-09-10,2021,Protests,Peaceful protest,Protesters (Estonia),,Estonia,Tartu,"On 10 September 2021, students organized by FFF: Fridays for Future protested in Tartu to demand more action by governments in the face of climate change.",0,2021-Q3
2021-09-13,2021,Protests,Peaceful protest,Protesters (Estonia),,Estonia,Harju,"Around 13 September 2021 (as reported), students organized by FFF: Fridays for Future gathered in front of the Estonian parliament in Tallinn in defense of Estonian forests against alleged excessive logging.",0,2021-Q3
2021-09-24,2021,Protests,Peaceful protest,Protesters (Estonia),,Estonia,Harju,"On 24 September 2021, students organized by FFF: Fridays for Future gathered in central Tallinn to demand more action by governments in the face of climate change.",0,2021-Q3
2021-09-24,2021,Protests,Peaceful protest,Protesters (Estonia),,Estonia,Tartu,"On 24 September 2021, approximately 20 students organized by FFF: Fridays for Future marched through central Tartu to demand more action by governments in the face of climate change.",0,2021-Q3
2021-09-24,2021,Protests,Peaceful protest,Protesters (Estonia),,Estonia,Harju,"On 24 September 2021, students organized by FFF: Fridays for Future gathered in Tallinn to demand more action by governments in the face of climate change.",0,2021-Q3
2021-09-24,2021,Protests,Peaceful protest,Protesters (Estonia),,Estonia,Tartu,"On 24 September 2021, students organized by FFF: Fridays for Future gathered in Tartu to demand more action by governments in the face of climate change.",0,2021-Q3
2021-10-01,2021,Protests,Peaceful protest,Protesters (Estonia),,Estonia,Harju,"On 1 October 2021, students organized by FFF: Fridays for Future gathered in Tallinn to demand more action by governments in the face of climate change.",0,2021-Q4
2021-10-01,2021,Protests,Peaceful protest,Protesters (Estonia),,Estonia,Tartu,"On 1 October 2021, students organized by FFF: Fridays for Future gathered in Tartu to demand more action by governments in the face of climate change.",0,2021-Q4
2021-10-01,2021,Protests,Peaceful protest,Protesters (Estonia),,Estonia,Parnu,"On 1 October 2021, students organized by FFF: Fridays for Future gathered in Lihula to demand more action by governments in the face of climate change.",0,2021-Q4
2021-10-15,2021,Protests,Peaceful protest,Protesters (Estonia),,Estonia,Tartu,"On 15 October 2021, students organized by FFF: Fridays for Future gathered in Tartu to demand more action by governments in the face of climate change.",0,2021-Q4
2021-10-16,2021,Protests,Peaceful protest,Protesters (Estonia),,Estonia,Tartu,"On 16 October 2021, students organized by FFF: Fridays for Future gathered in Tartu for a 'protest concert' against alleged excessive logging in Estonian forests.",0,2021-Q4
2021-10-22,2021,Protests,Peaceful protest,Protesters (Estonia),,Estonia,Tartu,"On 22 October 2021, students organized by FFF: Fridays for Future gathered in Tartu to demand more action by governments in the face of climate change.",0,2021-Q4
2020-05-30,2020,Protests,Peaceful protest,Protesters (Estonia),,Estonia,Harju,"On 30 May 2020, approximately five Fridays for Future protesters demonstrated in Tallinn to raise awareness of the risks of climate change.",0,2020-Q2
2021-10-29,2021,Protests,Peaceful protest,Protesters (Estonia),,Estonia,Tartu,"On 29 October 2021, students organized by FFF: Fridays for Future gathered in Tartu to demand more action by governments in the face of climate change.",0,2021-Q4
2021-11-05,2021,Protests,Peaceful protest,Protesters (Estonia),,Estonia,Harju,"On 5 November 2021, students organized by FFF: Fridays for Future protested in Tallinn to demand more action by governments in the face of climate change.",0,2021-Q4
2021-11-05,2021,Protests,Peaceful protest,Protesters (Estonia),,Estonia,Tartu,"On 5 November 2021, students organized by FFF: Fridays for Future protested in Tartu to demand more action by governments in the face of climate change.",0,2021-Q4
2021-11-12,2021,Protests,Peaceful protest,Protesters (Estonia),,Estonia,Harju,"On 12 November 2021, students organized by FFF: Fridays for Future protested in Tallinn to demand more action by governments in the face of climate change.",0,2021-Q4
2021-11-12,2021,Protests,Peaceful protest,Protesters (Estonia),,Estonia,Tartu,"On 12 November 2021, students organized by FFF: Fridays for Future protested in Tartu to demand more action by governments in the face of climate change.",0,2021-Q4
2021-11-19,2021,Protests,Peaceful protest,Protesters (Estonia),,Estonia,Tartu,"On 19 November 2021, students organized by FFF: Fridays for Future gathered in Tartu to demand more action by governments in the face of climate change.",0,2021-Q4
2021-11-26,2021,Protests,Peaceful protest,Protesters (Estonia),,Estonia,Harju,"On 26 November 2021, students organized by FFF: Fridays for Future gathered in Tallinn to demand more action by governments in the face of climate change.",0,2021-Q4
2021-11-26,2021,Protests,Peaceful protest,Protesters (Estonia),,Estonia,Tartu,"On 26 November 2021, students organized by FFF: Fridays for Future gathered in Tartu to demand more action by governments in the face of climate change.",0,2021-Q4
2020-06-06,2020,Protests,Peaceful protest,Protesters (Estonia),,Estonia,Tartu,"On 6 June 2020, approximately eight Fridays for Future protesters demonstrated in Tartu to raise awareness of the risks of climate change.",0,2020-Q2
2021-12-03,2021,Protests,Peaceful protest,Protesters (Estonia),,Estonia,Tartu,"On 3 December 2021, students organized by FFF: Fridays for Future gathered in Tartu to demand more action by governments in the face of climate change.",0,2021-Q4
2021-12-10,2021,Protests,Peaceful protest,Protesters (Estonia),,Estonia,Harju,"On 10 December 2021, students organized by FFF: Fridays for Future protested in Tallinn to demand more action by governments in the face of climate change.",0,2021-Q4
2021-12-10,2021,Protests,Peaceful protest,Protesters (Estonia),,Estonia,Tartu,"On 10 December 2021, students organized by FFF: Fridays for Future protested in Tartu to demand more action by governments in the face of climate change.",0,2021-Q4
2021-12-17,2021,Protests,Peaceful protest,Protesters (Estonia),,Estonia,Tartu,"On 17 December 2021, students organized by FFF: Fridays for Future protested in Tartu to demand more action by governments in the face of climate change.",0,2021-Q4
2022-01-14,2022,Protests,Peaceful protest,Protesters (Estonia),,Estonia,Harju,"On 14 January 2022, Fridays for Future organization held its 150th climate strike in Tallinn, Estonia, calling for people not to ignore the realities of climate change and the issues that it poses.",0,2022-Q1
2022-01-21,2022,Protests,Peaceful protest,Protesters (Estonia),,Estonia,Harju,"On 21 January 2022, Fridays for Future organization held its weekly climate strike in Tallinn, Estonia calling people to not ignore the realities of climate change and the issues that it proposes.",0,2022-Q1
2020-06-06,2020,Protests,Peaceful protest,Protesters (Estonia),,Estonia,Harju,"On 6 June 2020, approximately five Fridays for Future protesters demonstrated in Tallinn to raise awareness of the risks of climate change.",0,2020-Q2
2022-01-28,2022,Protests,Peaceful protest,Protesters (Estonia),,Estonia,Harju,"On 28 January 2022, Fridays for Future organization held its weekly climate strike in Tallinn, Estonia calling people to not ignore the realities of climate change and the issues that it proposes.",0,2022-Q1
2022-01-28,2022,Protests,Peaceful protest,Protesters (Estonia),,Estonia,Tartu,"On 28 January 2022, Fridays for Future organization held its weekly climate strike in Tartu, Estonia calling people to not ignore the realities of climate change and the issues that it proposes.",0,2022-Q1
2022-02-04,2022,Protests,Peaceful protest,Protesters (Estonia),,Estonia,Harju,"On 4 February 2022, Fridays for Future organization held its weekly climate strike in Tallinn, Estonia calling on politicians and other leaders not to ignore the realities of climate change and the issues that it poses.",0,2022-Q1
2022-02-11,2022,Protests,Peaceful protest,Protesters (Estonia),,Estonia,Harju,"On 11 February 2022, Fridays for Future organization held its weekly climate strike in Tallinn, Estonia calling on politicians and other leaders to not ignore the realities of climate change and the issues that it poses.",0,2022-Q1
2022-02-25,2022,Protests,Peaceful protest,Protesters (Estonia),,Estonia,Harju,"On 25 February 2022, Fridays for Future organization held its weekly climate strike in Tallinn, Estonia calling politicians and other leaders to not ignore the realities of climate change and the issues that it poses. Additionally, the protesters also demonstrated against Russia's invasion of Ukraine.",0,2022-Q1
2022-03-18,2022,Protests,Peaceful protest,Protesters (Estonia),,Estonia,Tartu,"On 18 March 2022, Fridays for Future organization held its weekly climate strike in Tartu, Estonia calling politicians and other leaders to not ignore the realities of climate change and the issues that it poses.",0,2022-Q1
2022-03-25,2022,Protests,Peaceful protest,Protesters (Estonia),,Estonia,Harju,"On 25 March 2022, Fridays for Future organization held its weekly climate strike in Tallinn, Estonia calling politicians and other leaders to not ignore the realities of climate change and the issues that it poses.",0,2022-Q1
2020-06-12,2020,Protests,Peaceful protest,Protesters (Estonia),,Estonia,Tartu,"On 12 June 2020, approximately 10 Fridays for Future protesters demonstrated in Tartu to raise awareness of the dangers of climate change.",0,2020-Q2
2022-03-25,2022,Protests,Peaceful protest,Protesters (Estonia),,Estonia,Tartu,"On 25 March 2022, Fridays for Future organization held its weekly climate strike in Tartu, Estonia calling politicians and other leaders to not ignore the realities of climate change and the issues that it poses.",0,2022-Q1
2022-04-08,2022,Protests,Peaceful protest,Protesters (Estonia),,Estonia,Harju,"On 8 April 2022, Fridays for Future organization held its weekly climate strike in Tallinn, Estonia calling politicians and other leaders to not ignore the realities of climate change and the issues that it poses.",0,2022-Q2
2022-04-15,2022,Protests,Peaceful protest,Protesters (Estonia),,Estonia,Harju,"On 15 April 2022, the Fridays for Future organization held its weekly climate strike in Tallinn, Estonia calling politicians and other leaders to not ignore the realities of climate change and the issues that it poses.",0,2022-Q2
2022-04-15,2022,Protests,Peaceful protest,Protesters (Estonia),,Estonia,Tartu,"On 15 April 2022, the Fridays for Future organization held its weekly climate strike in Tartu, Estonia calling politicians and other leaders to not ignore the realities of climate change and the issues that it poses.",0,2022-Q2
2022-04-16,2022,Protests,Peaceful protest,Protesters (Estonia),,Estonia,Harju,"On 16 April 2022, Fridays for Future organization held a protest at the Freedom Square in Tallinn, Estonia calling politicians and other leaders to not ignore the realities of climate change and the issues that it poses.",0,2022-Q2
2020-06-12,2020,Protests,Peaceful protest,Protesters (Estonia),,Estonia,Harju,"On 12 June 2020, approximately 7 Fridays for Future protesters demonstrated in Tallinn to raise awareness of the dangers of climate change.",0,2020-Q2
2022-04-22,2022,Protests,Peaceful protest,Protesters (Estonia),,Estonia,Harju,"On 22 April 2022, Fridays for Future organization held its weekly climate strike in Tallinn, Estonia calling politicians and other leaders to not ignore the realities of climate change and the issues that it poses.",0,2022-Q2
2022-04-29,2022,Protests,Peaceful protest,Protesters (Estonia),,Estonia,Harju,"On 29 April 2022, Fridays for Future organization held its weekly climate strike in Tallinn, Estonia calling politicians and other leaders to not ignore the realities of climate change and the issues that it poses.",0,2022-Q2
2022-05-06,2022,Protests,Peaceful protest,Protesters (Estonia),,Estonia,Harju,"On 6 May 2022, Fridays for Future organization held its weekly climate strike in Tallinn, Estonia calling politicians and other leaders to not ignore the realities of climate change and the issues that it poses.",0,2022-Q2
2022-05-13,2022,Protests,Peaceful protest,Protesters (Estonia),,Estonia,Harju,"On 13 May 2022, Fridays for Future organization held its weekly climate strike in Tallinn, Estonia calling politicians and other leaders to not ignore the realities of climate change and the issues that it poses.",0,2022-Q2
2022-05-27,2022,Protests,Peaceful protest,Protesters (Estonia),,Estonia,Harju,"On 27 May 2022, Fridays for Future and eco-activists protested in Tallinn, Estonia calling for the resignation of the Minister of Environment.",0,2022-Q2
2022-06-03,2022,Protests,Peaceful protest,Protesters (Estonia),,Estonia,Harju,"On 3 June 2022, Fridays for Future protested in Tallinn, Estonia calling for the resignation of the Minister of Environment.",0,2022-Q2
2022-06-10,2022,Protests,Peaceful protest,Protesters (Estonia),,Estonia,Harju,"On 10 June 2022, Fridays for Future organization held its weekly climate strike in Tallinn, Estonia calling politicians and other leaders to not ignore the realities of climate change and the issues that it poses.",0,2022-Q2
2020-06-14,2020,Protests,Peaceful protest,Protesters (Estonia),,Estonia,Laane-Viru,"On 14 June 2020, approximately 300 people protested in Uljaste against plans to construct boreholes for shale oil exploration next to Uljaste lake.",0,2020-Q2
2022-06-17,2022,Protests,Peaceful protest,Protesters (Estonia),,Estonia,Harju,"On 17 June 2022, Fridays for Future organization held its weekly climate strike in Tallinn, Estonia calling politicians and other leaders to not ignore the realities of climate change and the issues that it poses.",0,2022-Q2
2022-06-17,2022,Protests,Peaceful protest,Protesters (Estonia),,Estonia,Tartu,"On 17 June 2022, Fridays for Future organization held its weekly climate strike in Tartu, Estonia calling politicians and other leaders to not ignore the realities of climate change and the issues that it poses.",0,2022-Q2
2022-07-01,2022,Protests,Peaceful protest,Protesters (Estonia),,Estonia,Harju,"On 1 July 2022, Fridays for Future organization held its weekly climate strike in Tallinn, Estonia calling politicians and other leaders to not ignore the realities of climate change and the issues that it poses.",0,2022-Q3
2022-07-01,2022,Protests,Peaceful protest,Protesters (Estonia),,Estonia,Tartu,"On 1 July 2022, Fridays for Future organization held its weekly climate strike in Tartu, Estonia calling politicians and other leaders to not ignore the realities of climate change and the issues that it poses.",0,2022-Q3
2022-07-08,2022,Protests,Peaceful protest,Protesters (Estonia),,Estonia,Harju,"On 8 July 2022, Fridays for Future organization held its weekly climate strike in Tallinn, Estonia calling politicians and other leaders to not ignore the realities of climate change and the issues that it poses.",0,2022-Q3
2022-07-22,2022,Protests,Peaceful protest,Protesters (Estonia),,Estonia,Harju,"On 22 July 2022, Fridays for Future organization held its weekly climate strike in Tallinn, Estonia calling politicians and other leaders to not ignore the realities of climate change and the issues that it poses.",0,2022-Q3
2022-07-29,2022,Protests,Peaceful protest,Protesters (Estonia),,Estonia,Harju,"On 29 July 2022, Fridays for Future organization held its weekly climate strike in Tallinn, Estonia calling politicians and other leaders to not ignore the realities of climate change and the issues that it poses.",0,2022-Q3
2020-06-21,2020,Protests,Peaceful protest,Protesters (Estonia),,Estonia,Harju,"On 21 June 2020, approximately nine Fridays for Future protesters demonstrated in Tallinn to raise awareness of climate issues.",0,2020-Q2
2022-09-30,2022,Protests,Peaceful protest,Protesters (Estonia),,Estonia,Harju,"On 30 September 2022, Fridays for Future organization held its weekly climate strike in Tallinn, Estonia calling for politicians and other leaders to not ignore the realities of climate change and the issues that it poses.",0,2022-Q3
2022-10-07,2022,Protests,Peaceful protest,Protesters (Estonia),,Estonia,Tartu,"On 7 October 2022, Fridays for Future organization held its weekly climate strike in Tartu, Estonia calling politicians and other leaders to not ignore the realities of climate change and the issues that it poses.",0,2022-Q4
2022-10-14,2022,Protests,Peaceful protest,Protesters (Estonia),,Estonia,Tartu,"On 14 October 2022, Fridays for Future organization held its weekly climate strike in Tartu, Estonia calling politicians and other leaders to not ignore the realities of climate change and the issues that it poses.",0,2022-Q4
2020-06-21,2020,Protests,Peaceful protest,Protesters (Estonia),,Estonia,Tartu,"On 21 June 2020, approximately five Fridays for Future protesters demonstrated in Tartu to raise awareness of climate issues.",0,2020-Q2
2022-10-28,2022,Protests,Peaceful protest,Protesters (Estonia),,Estonia,Tartu,"On 28 October 2022, Fridays for Future organization held its weekly climate strike in Tartu, Estonia calling politicians and other leaders to not ignore the realities of climate change and the issues that it poses.",0,2022-Q4
2022-11-04,2022,Protests,Peaceful protest,Protesters (Estonia),,Estonia,Tartu,"On 4 November 2022, Fridays for Future organization held its weekly climate strike in Tartu, Estonia calling politicians and other leaders to not ignore the realities of climate change and the issues that it poses.",0,2022-Q4
2020-06-26,2020,Protests,Peaceful protest,Protesters (Estonia),,Estonia,Harju,"On 26 June 2020, approximately six Fridays for Future protesters demonstrated in Tallinn to raise awareness of the dangers of climate change.",0,2020-Q2
2023-01-13,2023,Protests,Peaceful protest,Protesters (Estonia),,Estonia,Harju,"On 13 January 2023, Fridays for Future organization protested in Tallinn, Estonia in support of environmental protesters in Lutzerath who were brutally dispersed by the police.",0,2023-Q1
2023-03-05,2023,Protests,Peaceful protest,Protesters (Estonia),,Estonia,Harju,"On 5 March 2023, Fridays for Future organization held its weekly climate strike in Tallinn, Estonia calling politicians and other leaders to not ignore the realities of climate change and the issues that it poses.",0,2023-Q1
2020-06-26,2020,Protests,Peaceful protest,Protesters (Estonia),,Estonia,Tartu,"On 26 June 2020, approximately six Fridays for Future protesters demonstrated in Tartu to raise awareness of the dangers of climate change.",0,2020-Q2
2020-07-03,2020,Protests,Peaceful protest,Protesters (Estonia),,Estonia,Tartu,"On 3 July 2020, approximately four Fridays for Future protesters demonstrated in Tartu to raise awareness of the dangers of climate change.",0,2020-Q3
2020-07-03,2020,Protests,Peaceful protest,Protesters (Estonia),,Estonia,Harju,"On 3 July 2020, approximately five Fridays for Future protesters demonstrated in Tallinn to raise awareness of the dangers of climate change.",0,2020-Q3
2020-01-17,2020,Protests,Peaceful protest,Protesters (Estonia),,Estonia,Harju,"On 17 January 2020, an unidentified number of Fridays for Future protesters demonstrated in Tallinn in commemoration of those who died fighting Australian forest fires.",0,2020-Q1
2020-07-10,2020,Protests,Peaceful protest,Protesters (Estonia),,Estonia,Harju,"On 10 July 2020, approximately five Fridays for Future protesters demonstrated in Tallinn to raise awareness of the dangers of climate chinage.",0,2020-Q3
2020-07-10,2020,Protests,Peaceful protest,Protesters (Estonia),,Estonia,Tartu,"On 10 July 2020, approximately four Fridays for Future protesters demonstrated in Tartu to raise awareness of the dangers of climate chinage.",0,2020-Q3
2020-07-17,2020,Protests,Peaceful protest,Protesters (Estonia),,Estonia,Tartu,"On 17 July 2020, approximately 11 Fridays for Future protesters demonstrated in Tartu to raise awareness of the risks of climate change.",0,2020-Q3
2020-07-17,2020,Protests,Peaceful protest,Protesters (Estonia),,Estonia,Harju,"On 17 July 2020, approximately 5 Fridays for Future protesters demonstrated in Tallinn to raise awareness of the risks of climate change.",0,2020-Q3
2020-07-24,2020,Protests,Peaceful protest,Protesters (Estonia),,Estonia,Harju,"On 24 July 2020, approximately 5 Fridays for Future protesters demonstrated in Tallinn to raise awareness of the risks of climate change.",0,2020-Q3
2020-07-24,2020,Protests,Peaceful protest,Protesters (Estonia),,Estonia,Tartu,"On 24 July 2020, approximately 4 Fridays for Future protesters demonstrated in Tartu to raise awareness of the risks of climate change.",0,2020-Q3
2020-08-07,2020,Protests,Peaceful protest,Protesters (Estonia),,Estonia,Harju,"On 7 August 2020, an unknown number of protesters demonstrated against inaction in the face of climate change, in Tallinn, as part of regular Fridays for Future protests.",0,2020-Q3
2020-08-07,2020,Protests,Peaceful protest,Protesters (Estonia),,Estonia,Parnu,"On 7 August 2020, an unknown number of protesters demonstrated against inaction in the face of climate change, in Parnu, as part of regular Fridays for Future protests.",0,2020-Q3
2020-01-17,2020,Protests,Peaceful protest,Protesters (Estonia),,Estonia,Tartu,"On 17 January 2020, an unidentified number of Fridays for Future protesters demonstrated in Tartu in commemoration of those who died fighting Australian forest fires.",0,2020-Q1
2020-08-07,2020,Protests,Peaceful protest,Protesters (Estonia),,Estonia,Tartu,"On 7 August 2020, an unknown number of protesters demonstrated against inaction in the face of climate change, in Tartu, as part of regular Fridays for Future protests.",0,2020-Q3
2020-08-16,2020,Protests,Peaceful protest,Protesters (Estonia),,Estonia,Harju,"On 16 August 2020, around 50 people in Tallinn protested against the 'destruction' of forests in Estonia and 'demanded change' from the Estonian government on this topic. The protest was part of an all-Estonia rally, which took place in at least 22 locations in the country.",0,2020-Q3
2020-08-16,2020,Protests,Peaceful protest,Protesters (Estonia),,Estonia,Laane,"On 16 August 2020, an unknown number of people protested near Haapsalu, against the 'destruction' of forests in Estonia and 'demanded change' from the Estonian government on this topic. The protest was part of an all-Estonia rally, which took place in at least 22 locations across the country.",0,2020-Q3
2020-08-16,2020,Protests,Peaceful protest,Protesters (Estonia),,Estonia,Viljandi,"On 16 August 2020, around 30 people in Kolga-Jaani protested against the 'destruction' of forests in Estonia and 'demanded change' from the Estonian government on this topic. The protest was part of an all-Estonia rally, which took place in at least 22 locations in the country.",0,2020-Q3
2020-08-16,2020,Protests,Peaceful protest,Protesters (Estonia),,Estonia,Tartu,"On 16 August 2020, an unknown number of people protested near Tartu, against the 'destruction' of forests in Estonia and 'demanded change' from the Estonian government on this topic. The protest was part of an all-Estonia rally, which took place in at least 22 locations across the country.",0,2020-Q3
2020-08-16,2020,Protests,Peaceful protest,Protesters (Estonia),,Estonia,Harju,"On 16 August 2020, an unknown number of people protested in Viru Raba, a bog near Kolga, against the 'destruction' of forests in Estonia and 'demanded change' from the Estonian government on this topic. The protest was part of an all-Estonia rally, which took place in at least 22 locations across the country.",0,2020-Q3
2020-08-16,2020,Protests,Peaceful protest,Protesters (Estonia),,Estonia,Parnu,"On 16 August 2020, an unknown number of people protested in Matsalu National Park, near Lihula, against the 'destruction' of forests in Estonia and 'demanded change' from the Estonian government on this topic. The protest was part of an all-Estonia rally, which took place in at least 22 locations across the country.",0,2020-Q3
2020-08-16,2020,Protests,Peaceful protest,Protesters (Estonia),,Estonia,Voru,"On 16 August 2020, an unknown number of people protested near Nedsaja, against the 'destruction' of forests in Estonia and 'demanded change' from the Estonian government on this topic. The protest was part of an all-Estonia rally, which took place in at least 22 locations across the country.",0,2020-Q3
2020-08-16,2020,Protests,Peaceful protest,Protesters (Estonia),,Estonia,Voru,"On 16 August 2020, an unknown number of people protested in Obinitsa, against the 'destruction' of forests in Estonia and 'demanded change' from the Estonian government on this topic. The protest was part of an all-Estonia rally, which took place in at least 22 locations across the country.",0,2020-Q3
2020-08-16,2020,Protests,Peaceful protest,Protesters (Estonia),,Estonia,Valga,"On 16 August 2020, an unknown number of people protested in Hargla, against the 'destruction' of forests in Estonia and 'demanded change' from the Estonian government on this topic. The protest was part of an all-Estonia rally, which took place in at least 22 locations across the country.",0,2020-Q3
2020-08-16,2020,Protests,Peaceful protest,Protesters (Estonia),,Estonia,Jarva,"On 16 August 2020, an unknown number of people protested in Kapu, against the 'destruction' of forests in Estonia and 'demanded change' from the Estonian government on this topic. The protest was part of an all-Estonia rally, which took place in at least 22 locations across the country.",0,2020-Q3
2020-08-16,2020,Protests,Peaceful protest,Protesters (Estonia),,Estonia,Jogeva,"On 16 August 2020, an unknown number of people protested in Pedassaare, against the 'destruction' of forests in Estonia and 'demanded change' from the Estonian government on this topic. The protest was part of an all-Estonia rally, which took place in at least 22 locations across the country.",0,2020-Q3
2020-08-16,2020,Protests,Peaceful protest,Protesters (Estonia),,Estonia,Laane-Viru,"On 16 August 2020, an unknown number of people protested in Moisamaa, against the 'destruction' of forests in Estonia and 'demanded change' from the Estonian government on this topic. The protest was part of an all-Estonia rally, which took place in at least 22 locations across the country.",0,2020-Q3
2020-08-16,2020,Protests,Peaceful protest,Protesters (Estonia),,Estonia,Ida-Viru,"On 16 August 2020, an unknown number of people protested in Rebu, against the 'destruction' of forests in Estonia and 'demanded change' from the Estonian government on this topic. The protest was part of an all-Estonia rally, which took place in at least 22 locations across the country.",0,2020-Q3
2020-08-16,2020,Protests,Peaceful protest,Protesters (Estonia),,Estonia,Viljandi,"On 16 August 2020, an unknown number of people protested near Veskimae, against the 'destruction' of forests in Estonia and 'demanded change' from the Estonian government on this topic. The protest was part of an all-Estonia rally, which took place in at least 22 locations across the country.",0,2020-Q3
2020-08-16,2020,Protests,Peaceful protest,Protesters (Estonia),,Estonia,Valga,"On 16 August 2020, an unknown number of people protested near Puhajarve, against the 'destruction' of forests in Estonia and 'demanded change' from the Estonian government on this topic. The protest was part of an all-Estonia rally, which took place in at least 22 locations across the country.",0,2020-Q3
2020-08-16,2020,Protests,Peaceful protest,Protesters (Estonia),,Estonia,Voru,"On 16 August 2020, an unknown number of people protested near Tohkri, against the 'destruction' of forests in Estonia and 'demanded change' from the Estonian government on this topic. The protest was part of an all-Estonia rally, which took place in at least 22 locations across the country.",0,2020-Q3
2020-08-16,2020,Protests,Peaceful protest,Protesters (Estonia),,Estonia,Laane,"On 16 August 2020, an unknown number of people protested near Hullo, against the 'destruction' of forests in Estonia and 'demanded change' from the Estonian government on this topic. The protest was part of an all-Estonia rally, which took place in at least 22 locations across the country.",0,2020-Q3
2020-08-16,2020,Protests,Peaceful protest,Protesters (Estonia),,Estonia,Saare,"On 16 August 2020, an unknown number of people protested near Kuivastu, against the 'destruction' of forests in Estonia and 'demanded change' from the Estonian government on this topic. The protest was part of an all-Estonia rally, which took place in at least 22 locations across the country.",0,2020-Q3
2020-08-16,2020,Protests,Peaceful protest,Protesters (Estonia),,Estonia,Saare,"On 16 August 2020, an unknown number of people protested near Kuressaare, against the 'destruction' of forests in Estonia and 'demanded change' from the Estonian government on this topic. The protest was part of an all-Estonia rally, which took place in at least 22 locations across the country.",0,2020-Q3
2020-08-16,2020,Protests,Peaceful protest,Protesters (Estonia),,Estonia,Parnu,"On 16 August 2020, an unknown number of people protested in Parnu, against the 'destruction' of forests in Estonia and 'demanded change' from the Estonian government on this topic. The protest was part of an all-Estonia rally, which took place in at least 22 locations across the country.",0,2020-Q3
2020-08-28,2020,Protests,Peaceful protest,Protesters (Estonia),,Estonia,Harju,"On 28 August 2020, 12 people in Tallinn participated in a protest organized by FridaysforFuture Estonia, demanding that 'politicians take more decisive action' in the face of climate change.",0,2020-Q3
2020-01-31,2020,Protests,Peaceful protest,Protesters (Estonia),,Estonia,Harju,"On 31 January 2020, approximately 20 Fridays for Future protesters demonstrated in Tallinn to raise awareness of the dangers of climate change.",0,2020-Q1
2020-08-28,2020,Protests,Peaceful protest,Protesters (Estonia),,Estonia,Tartu,"On 28 August 2020, 9 people in Tartu participated in a protest organized by FridaysforFuture Estonia, demanding that 'politicians take more decisive action' in the face of climate change.",0,2020-Q3
2020-09-04,2020,Protests,Peaceful protest,Protesters (Estonia),,Estonia,Tartu,"On 4 September 2020, seven people, including local students, participated in a Fridays for Future protest in Tartu, demanding 'decisive action' by governments in the face of climate change.",0,2020-Q3
2020-09-04,2020,Protests,Peaceful protest,Protesters (Estonia),,Estonia,Harju,"On 4 September 2020, four people, including local students, participated in a Fridays for Future protest in Tallinn, demanding 'decisive action' by governments in the face of climate change.",0,2020-Q3
2020-09-11,2020,Protests,Peaceful protest,Protesters (Estonia),,Estonia,Harju,"On 11 September 2020, 4 students participated in a Fridays for Future protest in Tallinn, demanding 'decisive action' by governments in the face of climate change.",0,2020-Q3
2020-09-11,2020,Protests,Peaceful protest,Protesters (Estonia),,Estonia,Tartu,"On 11 September 2020, 7 students participated in a Fridays for Future protest in Tartu, demanding 'decisive action' by governments in the face of climate change.",0,2020-Q3
2020-01-31,2020,Protests,Peaceful protest,Protesters (Estonia),,Estonia,Tartu,"On 31 January 2020, approximately 6 Fridays for Future protesters demonstrated in Tartu to raise awareness of the dangers of climate change.",0,2020-Q1
2020-09-18,2020,Protests,Peaceful protest,Protesters (Estonia),,Estonia,Harju,"On 18 September 2020, four people, including local students, participated in a Fridays for Future protest in Tallinn, demanding 'decisive action' by governments in the face of climate change.",0,2020-Q3
2020-09-18,2020,Protests,Peaceful protest,Protesters (Estonia),,Estonia,Tartu,"On 18 September 2020, seven people, including local students, participated in a Fridays for Future protest in Tartu, demanding 'decisive action' by governments in the face of climate change.",0,2020-Q3
2020-09-25,2020,Protests,Peaceful protest,Protesters (Estonia),,Estonia,Tartu,"On 25 September 2020, people, mainly students, demonstrated in Tartu to demand more decisive action by governments in the face of climate change, as part of a worldwide Global Climate Strike, organized on this day by Fridays for Future.",0,2020-Q3
2020-09-25,2020,Protests,Peaceful protest,Protesters (Estonia),,Estonia,Harju,"On 25 September 2020, an unknown number of people, mainly students, demonstrated in Tallinn to demand more decisive action by governments in the face of climate change, as part of a worldwide Global Climate Strike, organized on this day by Fridays for Future.",0,2020-Q3
2020-09-25,2020,Protests,Peaceful protest,Protesters (Estonia),,Estonia,Parnu,"On 25 September 2020, an unknown number of people, mainly students, demonstrated in Parnu to demand more decisive action by governments in the face of climate change, as part of a worldwide Global Climate Strike, organized on this day by Fridays for Future.",0,2020-Q3
2020-10-02,2020,Protests,Peaceful protest,Protesters (Estonia),,Estonia,Tartu,"On 2 October 2020, protesters, mainly students, demonstrated in Tartu to demand more decisive action by governments in the face of climate change.",0,2020-Q4
2020-10-02,2020,Protests,Peaceful protest,Protesters (Estonia),,Estonia,Harju,"On 2 October 2020, protesters, mainly students, demonstrated in Tallinn to demand more decisive action by governments in the face of climate change.",0,2020-Q4
2023-12-15,2023,Strategic developments,Looting/property destruction,Unidentified Armed Group (Estonia),Government of Estonia (2021-),Estonia,Harju,"Property destruction: Around 15 December 2023, according to the Harju District Court, a network of pro-Russian activists under the influence and guidance from the Main Directorate of the General Staff of the Armed Forces of the Russian Federation (GRU) vandalised the cars belonging to the Minister of the Interior and a journalist in Tallinn, Estonia.",0,2023-Q4
2024-04-25,2024,Strategic developments,Other,Unidentified Armed Group (International),Civilians (International),Estonia,Tartu,"Other: On 25 April 2024, at night, a Finnair plane flying on the route Helsinki-Tartu cancelled landing at the Tartu airport and returned to Helsinki, due to GPS interference from Russia. Finnairs suspended the flights to Tartu for one month until a GPS-free landing system for night landings is installed. The Estonian government filed a formal protest note to Russia for violation of international law.",0,2024-Q2
2024-04-26,2024,Strategic developments,Other,Unidentified Armed Group (International),Civilians (International),Estonia,Tartu,"Other: On 26 April 2024, at night, a Finnair plane flying on the route Helsinki-Tartu cancelled landing at the Tartu airport and returned to Helsinki, due to GPS interference from Russia. Finnairs suspended the flights to Tartu for one month until a GPS-free landing system for night landings is installed. The Estonian government filed a formal protest note to Russia for violation of international law.",0,2024-Q2
2022-04-15,2022,Strategic developments,Looting/property destruction,Unidentified Armed Group (Latvia),Military Forces of Estonia (2021-),Estonia,Harju,"Property destruction: Around 15 April 2022 (month of), two Latvian nationals recruited through Telegram, possibly by Russian services rewarding acts, vandalized the wall of the NATO Cooperative Cyber Defence Center of Excellence in Tallinn with the inscriptions 'Killnet hacked you'. The inscription was supposed to remind NATO of the Russian group's distributed denial-of-service attacks at the Cyber Defence Center.",0,2022-Q2
2024-12-02,2024,Protests,Peaceful protest,Protesters (Estonia),,Estonia,Harju,"On 2 December 2024, members of the Georgian community in Estonia demonstrated outside the Georgian Embassy in Kesklinn, Tallinn, to protest the Georgian government's suspension of the EU accession process and to denounce what they viewed as the government's anti-Western policies.",0,2024-Q4
