da,a,tipo,periodo,peso,categoria,titolo
RUS,GBR,cyber,,,Espionage,Allanite
RUS,GBR,cyber,2014-Q4,,,APT 28
RUS,GBR,cyber,,,Espionage,Calisto
RUS,GBR,cyber,,,Espionage,Targeting of Ukrainian institutions and U.S. and European foreign policy institutions and think tanks
RUS,GBR,cyber,2018-Q2,,Sabotage,Alleged Russian compromise of networking equipment
RUS,GBR,cyber,2017-Q3,,Espionage,WhiteBear
RUS,GBR,cyber,2017-Q3,,Data destruction,NotPetya
RUS,GBR,cyber,2014-Q3,,Espionage,Crouching Yeti
RUS,GBR,cyber,,,Doxing,Targeting of Scottish National Party member of Parliament (MP)
RUS,GBR,cyber,,,Espionage,Targeting of United Kingdom trade minister’s email account
RUS,GBR,cyber,2017-Q4,,Espionage,Targeting of the citizen journalism website Bellingcat
RUS,GBR,cyber,2017-Q1,,Espionage,Compromise of email accounts of a UK TV station
RUS,GBR,migrazione,2018,571,,
RUS,GBR,migrazione,2019,722,,
RUS,GBR,migrazione,2020,809,,
RUS,GBR,migrazione,2021,876,,
RUS,GBR,migrazione,2022,1029,,
RUS,GBR,migrazione,2023,1376,,
RUS,GBR,migrazione,2024,1571,,
RUS,USA,cyber,,,Espionage,Allanite
RUS,USA,cyber,2014-Q4,,,APT 28
RUS,USA,cyber,,,Espionage,UAC-0188
RUS,USA,cyber,,,Espionage,Targeting of organizations using JetBrains software
RUS,USA,cyber,,,Espionage,"Targeting of academic institutions, think tanks, and other research groups"
RUS,USA,cyber,,,Espionage,Targeting of government networks with Snake malware
RUS,USA,cyber,,,Espionage,Calisto
RUS,USA,cyber,,,Espionage,Targeting of U.S. satellite network
RUS,USA,cyber,2007-Q4,,Espionage,Targeting of U.S. National Laboratories
RUS,USA,cyber,,,Espionage,Targeting of organizations supporting Ukraine
RUS,USA,cyber,,,Espionage,Targeting of Ukrainian institutions and U.S. and European foreign policy institutions and think tanks
RUS,USA,cyber,,,Espionage,Targeting of Asus routers
RUS,USA,cyber,,,Espionage,Targeting of American defense contractors
RUS,USA,cyber,,,Espionage,Targeting of various industries through Gmail compromises
RUS,USA,cyber,,,Espionage,Targeting of Republican National Committee
RUS,USA,cyber,,,Espionage,Targeting of cloud computing servers in brute force attacks
RUS,USA,cyber,,,Espionage,Targeting of U.S. Agency for International Development
RUS,USA,cyber,,,Espionage,Targeting of U.S. government networks
RUS,USA,cyber,,,Espionage,Penetration of unnamed U.S. federal agency
RUS,USA,cyber,,,Espionage,"Targeting of U.S. political campaigns, advocacy groups, and political consultancies"
RUS,USA,cyber,2019-Q1,,Espionage,Targeting of U.S. and European think tanks
RUS,USA,cyber,2019-Q1,,Espionage,Attempted attack on the Democratic National Convention (DNC) during 2018 elections
RUS,USA,cyber,2018-Q4,,Doxing,Compromise of the U.S. Anti-Doping Agency
RUS,USA,cyber,2018-Q4,,Espionage,Targeting of Westinghouse Electric Corporation
RUS,USA,cyber,2018-Q3,,Espionage,Targeting of the office of U.S. Senator Claire McCaskill
RUS,USA,cyber,,,Sabotage,Compromise of U.S. electric utility control rooms
RUS,USA,cyber,2018-Q3,,Espionage,Targeting of congressional campaigns for the 2018 U.S. midterm elections
RUS,USA,cyber,2018-Q2,,Sabotage,Alleged Russian compromise of networking equipment
RUS,USA,cyber,2018-Q1,,Espionage,Targeting of U.S. energy and other critical infrastructure sectors
RUS,USA,cyber,2017-Q3,,Espionage,WhiteBear
RUS,USA,cyber,2017-Q3,,Data destruction,NotPetya
RUS,USA,cyber,2017-Q2,,Espionage,Targeting of employees of companies that operate U.S. nuclear power plants
RUS,USA,cyber,2017-Q1,,Espionage,Targeting of Marco Rubio’s presidential campaign
RUS,USA,cyber,2016-Q4,,Espionage,Yahoo breach (2016)
RUS,USA,cyber,2016-Q4,,Espionage,Attempted compromise of U.S. think tanks
RUS,USA,cyber,2016-Q2,,Espionage,Spear-phishing campaign against Google accounts in 2015
RUS,USA,cyber,2016-Q2,,Espionage,Compromise of the Democratic National Committee
RUS,USA,cyber,2015-Q3,,Espionage,Compromise of an unclassified network associated with the U.S. Joint Chiefs of Staff
RUS,USA,cyber,2015-Q2,,Espionage,Compromise of unclassified White House networks
RUS,USA,cyber,2014-Q4,,Espionage,Compromise of the U.S. State Department
RUS,USA,cyber,2014-Q3,,Espionage,Turla
RUS,USA,cyber,2014-Q3,,Espionage,Crouching Yeti
RUS,USA,migrazione,2018,5813,,
RUS,USA,migrazione,2019,6702,,
RUS,USA,migrazione,2020,6530,,
RUS,USA,migrazione,2021,6718,,
RUS,USA,migrazione,2022,7675,,
RUS,USA,migrazione,2023,9777,,
RUS,USA,migrazione,2024,12132,,
RUS,AFG,cyber,2014-Q4,,,APT 28
RUS,AFG,cyber,,,,DarkUniverse
RUS,ARM,cyber,2014-Q4,,,APT 28
RUS,ARM,cyber,2014-Q3,,Espionage,Turla
RUS,ARM,cyber,,,Espionage,Watering-hole attacks targeting Armenian government websites
RUS,ARM,migrazione,2024,8,,
RUS,BEL,cyber,2014-Q4,,,APT 28
RUS,BEL,cyber,,,Espionage,Calisto
RUS,BEL,migrazione,2018,2558,,
RUS,BEL,migrazione,2019,2772,,
RUS,BEL,migrazione,2020,2560,,
RUS,BEL,migrazione,2021,2665,,
RUS,BEL,migrazione,2022,2421,,
RUS,BEL,migrazione,2023,2209,,
RUS,BEL,migrazione,2024,2190,,
RUS,CAN,cyber,2014-Q4,,,APT 28
RUS,CAN,cyber,,,Espionage,Targeting of Asus routers
RUS,CAN,cyber,2018-Q4,,Doxing,Compromise of the Canadian Centre for Ethics in Sport
RUS,CAN,migrazione,2018,904,,
RUS,CAN,migrazione,2019,735,,
RUS,CAN,migrazione,2020,675,,
RUS,CAN,migrazione,2021,665,,
RUS,CAN,migrazione,2022,187,,
RUS,CAN,migrazione,2023,339,,
RUS,CAN,migrazione,2024,551,,
RUS,CHN,cyber,2014-Q4,,,APT 28
RUS,CHN,cyber,2014-Q3,,Espionage,Crouching Yeti
RUS,FRA,cyber,2014-Q4,,,APT 28
RUS,FRA,cyber,,,Espionage,Targeting of Ukrainian institutions and U.S. and European foreign policy institutions and think tanks
RUS,FRA,cyber,2017-Q3,,Data destruction,NotPetya
RUS,FRA,cyber,2014-Q3,,Espionage,Turla
RUS,FRA,cyber,2014-Q3,,Espionage,Crouching Yeti
RUS,FRA,cyber,2018-Q2,,Espionage,Targeting of financial and chemical organizations in Europe
RUS,FRA,cyber,,,Espionage,Targeting of high-profile individuals at European embassies
RUS,FRA,cyber,,,Espionage,Targeting of French public organizations
RUS,FRA,cyber,,,Espionage,Targeting of French IT monitoring company
RUS,FRA,cyber,2017-Q2,,Espionage,Targeting of French presidential candidate Emmanuel Macron’s campaign
RUS,FRA,cyber,2015-Q2,,Defacement,Compromise of TV5 Monde
RUS,FRA,migrazione,2018,15898,,
RUS,FRA,migrazione,2019,16412,,
RUS,FRA,migrazione,2020,16775,,
RUS,FRA,migrazione,2021,32918,,
RUS,FRA,migrazione,2022,33868,,
RUS,FRA,migrazione,2023,34900,,
RUS,FRA,migrazione,2024,36110,,
RUS,GEO,cyber,2014-Q4,,,APT 28
RUS,GEO,cyber,,,Data destruction,Nodaria
RUS,GEO,cyber,,,Sabotage,Large-scale attacks against Georgia
RUS,GEO,migrazione,2018,235,,
RUS,GEO,migrazione,2019,240,,
RUS,GEO,migrazione,2020,238,,
RUS,GEO,migrazione,2021,223,,
RUS,GEO,migrazione,2022,212,,
RUS,GEO,migrazione,2023,156,,
RUS,GEO,migrazione,2024,148,,
RUS,DEU,cyber,2014-Q4,,,APT 28
RUS,DEU,cyber,,,Espionage,Targeting of Ukrainian institutions and U.S. and European foreign policy institutions and think tanks
RUS,DEU,cyber,2019-Q1,,Espionage,Targeting of U.S. and European think tanks
RUS,DEU,cyber,2014-Q3,,Espionage,Turla
RUS,DEU,cyber,2014-Q3,,Espionage,Crouching Yeti
RUS,DEU,cyber,2018-Q2,,Espionage,Targeting of financial and chemical organizations in Europe
RUS,DEU,cyber,,,Espionage,"Targeting of Teamviewer, a German-based company that makes widely used remote-access tools for companies"
RUS,DEU,cyber,,,Sabotage,"Targeting of Czech and German political entities, state institutions, critical infrastructure, and German companies in the logistics, armaments, aerospace, and IT sectors"
RUS,DEU,cyber,,,Espionage,Targeting of German critical infrastructure owners
RUS,DEU,cyber,2018-Q4,,Doxing,"Targeting of emails of German lawmakers, military officials, and embassy staff"
RUS,DEU,cyber,2018-Q3,,Espionage,Targeting of chemical research and media organizations in Germany
RUS,DEU,cyber,2018-Q2,,Espionage,Targeting of German critical infrastructure sectors
RUS,DEU,cyber,2018-Q1,,Espionage,Compromise of the German Foreign Office
RUS,DEU,cyber,2018-Q1,,Espionage,Compromise of an air-gapped German government network
RUS,DEU,migrazione,2018,8119,,
RUS,DEU,migrazione,2019,8722,,
RUS,DEU,migrazione,2020,9172,,
RUS,DEU,migrazione,2021,9584,,
RUS,DEU,migrazione,2022,12637,,
RUS,DEU,migrazione,2023,17437,,
RUS,DEU,migrazione,2024,18700,,
RUS,HUN,cyber,2014-Q4,,,APT 28
RUS,HUN,cyber,,,Espionage,Targeting of Hungary’s foreign ministry networks
RUS,HUN,cyber,,,Espionage,Targeting of Hungarian Foreign Ministry networks
RUS,HUN,cyber,2013-Q1,,Espionage,Team Spy Crew
RUS,HUN,migrazione,2018,36,,
RUS,HUN,migrazione,2019,36,,
RUS,HUN,migrazione,2020,36,,
RUS,HUN,migrazione,2021,37,,
RUS,HUN,migrazione,2022,105,,
RUS,HUN,migrazione,2023,126,,
RUS,HUN,migrazione,2024,149,,
RUS,JPN,cyber,2014-Q4,,,APT 28
RUS,JPN,cyber,2014-Q3,,Espionage,Crouching Yeti
RUS,JPN,cyber,2017-Q4,,Sabotage,Bad Rabbit
RUS,JOR,cyber,2014-Q4,,,APT 28
RUS,JOR,migrazione,2018,25,,
RUS,JOR,migrazione,2019,24,,
RUS,JOR,migrazione,2020,24,,
RUS,JOR,migrazione,2021,24,,
RUS,JOR,migrazione,2022,23,,
RUS,JOR,migrazione,2023,27,,
RUS,JOR,migrazione,2024,26,,
RUS,KAZ,cyber,2014-Q4,,,APT 28
RUS,KAZ,cyber,2014-Q3,,Espionage,Turla
RUS,MNG,cyber,2014-Q4,,,APT 28
RUS,PAK,cyber,2014-Q4,,,APT 28
RUS,PAK,migrazione,2018,7,,
RUS,PAK,migrazione,2019,6,,
RUS,PAK,migrazione,2020,6,,
RUS,PAK,migrazione,2021,6,,
RUS,PAK,migrazione,2022,6,,
RUS,PAK,migrazione,2023,6,,
RUS,PAK,migrazione,2024,6,,
RUS,POL,cyber,2014-Q4,,,APT 28
RUS,POL,cyber,2014-Q3,,Espionage,Turla
RUS,POL,cyber,2014-Q3,,Espionage,Crouching Yeti
RUS,POL,cyber,,,Espionage,Targeting of Polish and Ukrainian transportation companies
RUS,POL,cyber,,,Denial of service,"Targeting of TVP, a public service broadcaster in Poland"
RUS,POL,cyber,,,Espionage,Targeting of Polish government institutions
RUS,POL,cyber,,,Espionage,Targeting of Polish government organizations with PlugX malware
RUS,POL,cyber,,,Espionage,Targeting of Polish government agencies using compromised Ukrainian email accounts
RUS,POL,cyber,,,Espionage,Targeting of European government agencies and diplomats
RUS,POL,cyber,,,,Ghostwriter
RUS,POL,cyber,,,Defacement,"Targeting of websites in Latvia, Lithuania, and Poland"
RUS,POL,cyber,,,Defacement,Targeting of Poland’s War Studies University
RUS,POL,migrazione,2018,9893,,
RUS,POL,migrazione,2019,9870,,
RUS,POL,migrazione,2020,1052,,
RUS,POL,migrazione,2021,1078,,
RUS,POL,migrazione,2022,2660,,
RUS,POL,migrazione,2023,2432,,
RUS,POL,migrazione,2024,2911,,
RUS,TJK,cyber,2014-Q4,,,APT 28
RUS,TJK,cyber,2014-Q3,,Espionage,Turla
RUS,TUR,cyber,2014-Q4,,,APT 28
RUS,TUR,cyber,2014-Q3,,Espionage,Crouching Yeti
RUS,TUR,cyber,2017-Q4,,Sabotage,Bad Rabbit
RUS,TUR,migrazione,2018,5,,
RUS,UKR,cyber,2014-Q4,,,APT 28
RUS,UKR,cyber,,,Espionage,UAC-0188
RUS,UKR,cyber,2018-Q2,,Sabotage,Alleged Russian compromise of networking equipment
RUS,UKR,cyber,2017-Q3,,Data destruction,NotPetya
RUS,UKR,cyber,2014-Q3,,Espionage,Crouching Yeti
RUS,UKR,cyber,,,Espionage,FlyingYeti
RUS,UKR,cyber,,,Espionage,Targeting of Ukrainian citizens who were concerned about facing loss of housing in Ukraine
RUS,UKR,cyber,,,Data destruction,Targeting of Ukrainian telecommunications operator Kyivstar
RUS,UKR,cyber,,,Espionage,Targeting of Polish government organizations with Follina vulnerability
RUS,UKR,cyber,,,Data destruction,Targeting of Ukrainian power grid
RUS,UKR,cyber,,,Espionage,"Targeting of French think tanks, government agencies, universities, and businesses"
RUS,UKR,cyber,,,Sabotage,Targeting of Ukrainian telecommunications providers
RUS,UKR,cyber,,,Espionage,Targeting of foreign embassies in Kyiv
RUS,UKR,cyber,,,Espionage,Targeting of Ukrainian energy facility
RUS,UKR,cyber,,,Espionage,Targeting of Ukrainian armed forces planning operations system with Infamous Chisel
RUS,UKR,cyber,,,Espionage,Targeting of diplomatic agencies in Eastern Europe
RUS,UKR,cyber,,,Espionage,Targeting of Ukrainian defense forces with Capibar and Kazuar spyware
RUS,UKR,cyber,,,Espionage,Targeting of Ukrainian government agencies in phishing attack
RUS,UKR,cyber,,,Espionage,Targeting of Ukrainian email servers
RUS,UKR,cyber,,,Espionage,Targeting of Ukrainian civil-society groups
RUS,UKR,cyber,,,Data destruction,Targeting of the Ukrainian public sector
RUS,UKR,cyber,,,Espionage,Targeting of Ukrainian government bodies
RUS,UKR,cyber,,,Espionage,Targeting of European diplomatic entities
RUS,UKR,cyber,,,Defacement,Targeting of Ukrainian government websites using two-year-old backdoors
RUS,UKR,cyber,,,Data destruction,Nodaria
RUS,UKR,cyber,,,Espionage,Targeting of Ukrainian government authorities
RUS,UKR,cyber,,,Data destruction,"Targeting of Ukrainian national news agency, Ukrinform"
RUS,UKR,cyber,,,Espionage,Targeting of Ukrainian organizations with old cybercrime malware
RUS,UKR,cyber,,,Data destruction,Targeting of Ukrainian local government organization
RUS,UKR,cyber,,,Espionage,Targeting of Polish and Ukrainian transportation companies
RUS,UKR,cyber,,,Espionage,Targeting of Ukrainian networks via fake telecommunications firms
RUS,UKR,cyber,,,Espionage,Targeting of Ukrainian government agencies in espionage campaign
RUS,UKR,cyber,,,Espionage,Targeting of Ukrainian government agencies
RUS,UKR,cyber,,,Espionage,Targeting of the Ukrainian Azov Regiment
RUS,UKR,cyber,,,Espionage,Targeting of media stations such as newspapers and radio stations in Ukraine
RUS,UKR,cyber,,,Espionage,Targeting of Ukrainian organizations in phishing campaign
RUS,UKR,cyber,,,Espionage,"Targeting of Ukrainian users of Chrome, Edge, and Firefox browsers"
RUS,UKR,cyber,,,Sabotage,"Targeting of government network in Vinnytsia, Ukraine"
RUS,UKR,cyber,,,Sabotage,Targeting of major Ukrainian broadcasting company
RUS,UKR,cyber,,,Data destruction,Targeting of Ukrainian agricultural firm
RUS,UKR,cyber,,,Sabotage,Targeting of Ukrainian power stations
RUS,UKR,cyber,,,Espionage,Targeting of Ukrainian organizations
RUS,UKR,cyber,,,Denial of service,Targeting of Ukrainian telecommunication company’s internet service
RUS,UKR,cyber,,,Espionage,Targeting of Ukrainian state bodies
RUS,UKR,cyber,,,Sabotage,Targeting of Ukrainian organizations with CaddyWiper
RUS,UKR,cyber,,,Sabotage,Targeting of Viasat’s satellite broadband service
RUS,UKR,cyber,,,Data destruction,"Targeting of Latvian, Lithuanian, and Ukrainian computer systems"
RUS,UKR,cyber,,,Denial of service,Targeting of Ukrainian government websites
RUS,UKR,cyber,,,Data destruction,"Targeting of Ukrainian, Latvian, and Lithuanian computer systems"
RUS,UKR,cyber,,,Denial of service,Targeting of Ukrainian banks and defense ministry
RUS,UKR,cyber,,,Espionage,Targeting of Ukrainian organizations and Western government entity
RUS,UKR,cyber,,,Data destruction,Targeting of Ukrainian government and information technology (IT) sector systems with WhisperGate malware
RUS,UKR,cyber,,,Defacement,Targeting of Ukrainian naval exercises
RUS,UKR,cyber,,,Espionage,Targeting of Ukrainian agencies in Russian spear-phishing campaign
RUS,UKR,cyber,,,Espionage,Targeting of Ukrainian elected officials by Russian-sponsored hackers
RUS,UKR,cyber,,,Espionage,Targeting of classified government data in Ukraine
RUS,UKR,cyber,,,Espionage,Targeting of Ukrainian government document management system
RUS,UKR,cyber,,,Denial of service,Targeting of Ukrainian web servers
RUS,UKR,cyber,,,Espionage,Targeting of Ukrainian government organizations
RUS,UKR,cyber,,,Espionage,Targeting of Ukraine with coronavirus phishing emails
RUS,UKR,cyber,,,Sabotage,Intensified attacks against Ukrainian national security targets
RUS,UKR,cyber,,,Espionage,Targeting of Burisma
RUS,UKR,cyber,,,Espionage,Targeting of Ukrainian government entities
RUS,UKR,cyber,2018-Q4,,Espionage,Attempt to compromise Ukraine’s judicial system
RUS,UKR,cyber,2018-Q4,,Espionage,Compromise of Ukrainian government
RUS,UKR,cyber,2018-Q3,,Sabotage,Targeting of a chemical plant in Ukraine
RUS,UKR,cyber,2018-Q2,,Espionage,Targeting of financial and chemical organizations in Europe
RUS,UKR,cyber,2017-Q4,,Sabotage,Bad Rabbit
RUS,UKR,cyber,2017-Q1,,Espionage,Operation BugDrop
RUS,UKR,cyber,2016-Q4,,Espionage,Compromise of a mobile app used by Ukrainian artillery units
RUS,UKR,cyber,2016-Q4,,Sabotage,"A compromise causes a power outage in Kiev, Ukraine"
RUS,UKR,cyber,2016-Q4,,Data destruction,Compromise of Ukrainian banks
RUS,UKR,cyber,2015-Q4,,Sabotage,Compromise of a power grid in eastern Ukraine
RUS,UKR,cyber,2015-Q2,,Espionage,Gamaredon
RUS,UKR,cyber,2015-Q1,,Espionage,Targeting of Ukrainian law enforcement and government officials
RUS,UKR,cyber,2014-Q4,,Espionage,Attempted compromise of Ukrainian email accounts
RUS,UKR,migrazione,2018,137,,
RUS,UKR,migrazione,2019,122,,
RUS,UKR,migrazione,2020,165,,
RUS,UKR,migrazione,2021,175,,
RUS,UKR,migrazione,2022,170,,
RUS,UKR,migrazione,2023,197,,
RUS,UKR,migrazione,2024,233,,
RUS,UKR,coinvolgimento_militare,2018-Q4,10,,
RUS,UKR,coinvolgimento_militare,2018-Q3,5,,
RUS,UKR,coinvolgimento_militare,2018-Q1,6,,
RUS,UKR,coinvolgimento_militare,2019-Q1,1,,
RUS,UKR,coinvolgimento_militare,2021-Q2,5,,
RUS,UKR,coinvolgimento_militare,2018-Q2,2,,
RUS,UKR,coinvolgimento_militare,2022-Q1,2665,,
RUS,UKR,coinvolgimento_militare,2022-Q2,7944,,
RUS,UKR,coinvolgimento_militare,2019-Q3,1,,
RUS,UKR,coinvolgimento_militare,2022-Q3,13606,,
RUS,UKR,coinvolgimento_militare,2022-Q4,11830,,
RUS,UKR,coinvolgimento_militare,2023-Q1,12527,,
RUS,UKR,coinvolgimento_militare,2023-Q2,13758,,
RUS,UKR,coinvolgimento_militare,2023-Q3,14500,,
RUS,UKR,coinvolgimento_militare,2023-Q4,12871,,
RUS,UKR,coinvolgimento_militare,2024-Q1,12914,,
RUS,UKR,coinvolgimento_militare,2024-Q2,11787,,
RUS,UKR,coinvolgimento_militare,2024-Q3,13892,,
RUS,UKR,coinvolgimento_militare,2021-Q1,1,,
RUS,UKR,coinvolgimento_militare,2024-Q4,14516,,
RUS,AUS,cyber,,,Espionage,Targeting of government networks with Snake malware
RUS,AUS,migrazione,2018,54,,
RUS,AUS,migrazione,2019,49,,
RUS,AUS,migrazione,2020,57,,
RUS,AUS,migrazione,2021,53,,
RUS,AUS,migrazione,2022,59,,
RUS,AUS,migrazione,2023,84,,
RUS,AUS,migrazione,2024,72,,
RUS,IND,cyber,,,Espionage,Targeting of Asus routers
RUS,IND,cyber,2014-Q3,,Espionage,Turla
RUS,KOR,cyber,2017-Q3,,Espionage,WhiteBear
RUS,KOR,cyber,2018-Q1,,Sabotage,Compromise of computer networks associated with the 2018 Pyeongchang Winter Olympics
RUS,KOR,migrazione,2018,13,,
RUS,KOR,migrazione,2019,13,,
RUS,KOR,migrazione,2020,13,,
RUS,KOR,migrazione,2021,13,,
RUS,KOR,migrazione,2022,14,,
RUS,KOR,migrazione,2023,18,,
RUS,KOR,migrazione,2024,20,,
RUS,UZB,cyber,2017-Q3,,Espionage,WhiteBear
RUS,UZB,cyber,2014-Q3,,Espionage,Turla
RUS,ARG,cyber,2017-Q3,,Data destruction,NotPetya
RUS,ARG,migrazione,2018,70,,
RUS,ARG,migrazione,2019,79,,
RUS,ARG,migrazione,2020,79,,
RUS,ARG,migrazione,2021,81,,
RUS,ARG,migrazione,2022,82,,
RUS,ARG,migrazione,2023,107,,
RUS,ARG,migrazione,2024,386,,
RUS,DNK,cyber,2017-Q3,,Data destruction,NotPetya
RUS,DNK,migrazione,2018,923,,
RUS,DNK,migrazione,2019,855,,
RUS,DNK,migrazione,2020,748,,
RUS,DNK,migrazione,2021,630,,
RUS,DNK,migrazione,2022,560,,
RUS,DNK,migrazione,2023,314,,
RUS,DNK,migrazione,2024,1077,,
RUS,AUT,cyber,2014-Q3,,Espionage,Turla
RUS,AUT,cyber,2017-Q1,,Espionage,Operation BugDrop
RUS,AUT,cyber,,,Espionage,Attack on Austrian foreign ministry
RUS,AUT,cyber,2018-Q1,,Espionage,Targeting of international sports federations
RUS,AUT,migrazione,2018,9946,,
RUS,AUT,migrazione,2019,8664,,
RUS,AUT,migrazione,2020,7513,,
RUS,AUT,migrazione,2021,6526,,
RUS,AUT,migrazione,2022,6276,,
RUS,AUT,migrazione,2023,4146,,
RUS,AUT,migrazione,2024,4633,,
RUS,BLR,cyber,2014-Q3,,Espionage,Turla
RUS,BLR,cyber,,,,DarkUniverse
RUS,BLR,cyber,2013-Q1,,Espionage,Team Spy Crew
RUS,BLR,migrazione,2021,5,,
RUS,BLR,migrazione,2022,9,,
RUS,BLR,migrazione,2023,9,,
RUS,BLR,migrazione,2024,8,,
RUS,IRN,cyber,2014-Q3,,Espionage,Turla
RUS,IRN,cyber,,,,DarkUniverse
RUS,IRQ,cyber,2014-Q3,,Espionage,Turla
RUS,NLD,cyber,2014-Q3,,Espionage,Turla
RUS,NLD,cyber,2018-Q2,,Espionage,Targeting of financial and chemical organizations in Europe
RUS,NLD,cyber,,,Espionage,Targeting of Dutch police in the investigation of flight MH17 shootdown
RUS,NLD,cyber,2018-Q4,,Espionage,Targeting of the Organization for the Prohibition of Chemical Weapons
RUS,NLD,migrazione,2018,284,,
RUS,NLD,migrazione,2019,300,,
RUS,NLD,migrazione,2020,356,,
RUS,NLD,migrazione,2021,467,,
RUS,NLD,migrazione,2022,1060,,
RUS,NLD,migrazione,2023,906,,
RUS,NLD,migrazione,2024,1301,,
RUS,ROU,cyber,2014-Q3,,Espionage,Turla
RUS,ROU,migrazione,2022,306,,
RUS,ROU,migrazione,2023,419,,
RUS,ROU,migrazione,2024,461,,
RUS,SAU,cyber,2014-Q3,,Espionage,Turla
RUS,SAU,cyber,2017-Q1,,Espionage,Operation BugDrop
RUS,SAU,cyber,,,Sabotage,Trisis
RUS,GRC,cyber,2014-Q3,,Espionage,Crouching Yeti
RUS,GRC,migrazione,2018,12,,
RUS,GRC,migrazione,2019,18,,
RUS,GRC,migrazione,2020,16,,
RUS,GRC,migrazione,2021,21,,
RUS,GRC,migrazione,2022,24,,
RUS,GRC,migrazione,2023,151,,
RUS,GRC,migrazione,2024,36,,
RUS,IRL,cyber,2014-Q3,,Espionage,Crouching Yeti
RUS,IRL,migrazione,2018,70,,
RUS,IRL,migrazione,2019,74,,
RUS,IRL,migrazione,2020,82,,
RUS,IRL,migrazione,2021,83,,
RUS,IRL,migrazione,2022,77,,
RUS,IRL,migrazione,2023,261,,
RUS,IRL,migrazione,2024,266,,
RUS,ITA,cyber,2014-Q3,,Espionage,Crouching Yeti
RUS,ITA,cyber,2017-Q1,,Espionage,Compromise of the Italian Ministry of Foreign Affairs
RUS,ITA,migrazione,2018,269,,
RUS,ITA,migrazione,2019,357,,
RUS,ITA,migrazione,2020,214,,
RUS,ITA,migrazione,2021,248,,
RUS,ITA,migrazione,2022,547,,
RUS,ITA,migrazione,2023,513,,
RUS,ITA,migrazione,2024,861,,
RUS,ESP,cyber,2014-Q3,,Espionage,Crouching Yeti
RUS,ESP,migrazione,2018,154,,
RUS,ESP,migrazione,2019,211,,
RUS,ESP,migrazione,2020,356,,
RUS,ESP,migrazione,2021,450,,
RUS,ESP,migrazione,2022,1746,,
RUS,ESP,migrazione,2023,2842,,
RUS,ESP,migrazione,2024,3317,,
RUS,EST,cyber,,,Espionage,Targeting of diplomatic agencies in Eastern Europe
RUS,EST,cyber,,,Espionage,Targeting of a defense and cybersecurity organization in the Baltics
RUS,EST,cyber,2007-Q2,,Denial of service,Estonian denial of service incident
RUS,EST,migrazione,2018,22,,
RUS,EST,migrazione,2019,30,,
RUS,EST,migrazione,2020,40,,
RUS,EST,migrazione,2021,53,,
RUS,EST,migrazione,2022,158,,
RUS,EST,migrazione,2023,204,,
RUS,EST,migrazione,2024,213,,
RUS,EST,coinvolgimento_militare,2024-Q3,1,,
RUS,LVA,cyber,,,Espionage,Targeting of diplomatic agencies in Eastern Europe
RUS,LVA,cyber,,,Data destruction,"Targeting of Latvian, Lithuanian, and Ukrainian computer systems"
RUS,LVA,cyber,,,Data destruction,"Targeting of Ukrainian, Latvian, and Lithuanian computer systems"
RUS,LVA,cyber,,,Espionage,Targeting of a defense and cybersecurity organization in the Baltics
RUS,LVA,cyber,,,,Ghostwriter
RUS,LVA,cyber,,,Defacement,"Targeting of websites in Latvia, Lithuania, and Poland"
RUS,LVA,migrazione,2018,33,,
RUS,LVA,migrazione,2019,56,,
RUS,LVA,migrazione,2020,58,,
RUS,LVA,migrazione,2021,59,,
RUS,LVA,migrazione,2022,253,,
RUS,LVA,migrazione,2023,341,,
RUS,LVA,migrazione,2024,348,,
RUS,LTU,cyber,,,Espionage,Targeting of diplomatic agencies in Eastern Europe
RUS,LTU,cyber,,,Data destruction,"Targeting of Latvian, Lithuanian, and Ukrainian computer systems"
RUS,LTU,cyber,,,Data destruction,"Targeting of Ukrainian, Latvian, and Lithuanian computer systems"
RUS,LTU,cyber,,,Espionage,Targeting of a defense and cybersecurity organization in the Baltics
RUS,LTU,cyber,,,,Ghostwriter
RUS,LTU,cyber,,,Defacement,"Targeting of websites in Latvia, Lithuania, and Poland"
RUS,LTU,migrazione,2018,659,,
RUS,LTU,migrazione,2019,668,,
RUS,LTU,migrazione,2020,688,,
RUS,LTU,migrazione,2021,688,,
RUS,LTU,migrazione,2022,839,,
RUS,LTU,migrazione,2023,895,,
RUS,LTU,migrazione,2024,923,,
RUS,SVK,cyber,,,Espionage,Targeting of diplomatic agencies in Eastern Europe
RUS,SVK,cyber,,,Espionage,Targeting of Slovakian government agencies
RUS,SVK,migrazione,2018,37,,
RUS,SVK,migrazione,2019,37,,
RUS,SVK,migrazione,2020,38,,
RUS,SVK,migrazione,2021,38,,
RUS,SVK,migrazione,2022,306,,
RUS,SVK,migrazione,2023,418,,
RUS,SVK,migrazione,2024,503,,
RUS,KGZ,cyber,,,Data destruction,Nodaria
RUS,CHE,cyber,2018-Q2,,Espionage,Targeting of financial and chemical organizations in Europe
RUS,CHE,cyber,2018-Q4,,Doxing,Compromise of the Court of Arbitration for Sport
RUS,CHE,cyber,2018-Q4,,Espionage,Compromise of FIFA
RUS,CHE,cyber,2018-Q1,,Espionage,Targeting of international sports federations
RUS,CHE,cyber,2017-Q3,,Espionage,Targeting of a Swiss federal agency
RUS,CHE,cyber,2017-Q2,,Espionage,Compromise of the International Association of Athletics Federations
RUS,CHE,cyber,2016-Q2,,Espionage,RUAG espionage
RUS,CHE,migrazione,2018,749,,
RUS,CHE,migrazione,2019,723,,
RUS,CHE,migrazione,2020,753,,
RUS,CHE,migrazione,2021,738,,
RUS,CHE,migrazione,2022,1064,,
RUS,CHE,migrazione,2023,709,,
RUS,CHE,migrazione,2024,1033,,
RUS,BGR,cyber,2017-Q4,,Sabotage,Bad Rabbit
RUS,BGR,migrazione,2021,12,,
RUS,BGR,migrazione,2022,289,,
RUS,BGR,migrazione,2023,38,,
RUS,BGR,migrazione,2024,282,,
RUS,ETH,cyber,,,,DarkUniverse
RUS,SDN,cyber,,,,DarkUniverse
RUS,SDN,coinvolgimento_militare,2024-Q3,1,,
RUS,SYR,cyber,,,,DarkUniverse
RUS,SYR,coinvolgimento_militare,2024-Q2,73,,
RUS,SYR,coinvolgimento_militare,2024-Q1,98,,
RUS,SYR,coinvolgimento_militare,2023-Q4,213,,
RUS,SYR,coinvolgimento_militare,2018-Q1,622,,
RUS,SYR,coinvolgimento_militare,2018-Q2,157,,
RUS,SYR,coinvolgimento_militare,2018-Q3,91,,
RUS,SYR,coinvolgimento_militare,2019-Q1,78,,
RUS,SYR,coinvolgimento_militare,2018-Q4,22,,
RUS,SYR,coinvolgimento_militare,2019-Q3,249,,
RUS,SYR,coinvolgimento_militare,2019-Q2,400,,
RUS,SYR,coinvolgimento_militare,2019-Q4,511,,
RUS,SYR,coinvolgimento_militare,2020-Q3,126,,
RUS,SYR,coinvolgimento_militare,2020-Q2,111,,
RUS,SYR,coinvolgimento_militare,2020-Q1,581,,
RUS,SYR,coinvolgimento_militare,2021-Q1,178,,
RUS,SYR,coinvolgimento_militare,2020-Q4,130,,
RUS,SYR,coinvolgimento_militare,2022-Q1,139,,
RUS,SYR,coinvolgimento_militare,2021-Q4,207,,
RUS,SYR,coinvolgimento_militare,2021-Q3,237,,
RUS,SYR,coinvolgimento_militare,2021-Q2,167,,
RUS,SYR,coinvolgimento_militare,2022-Q3,113,,
RUS,SYR,coinvolgimento_militare,2022-Q2,174,,
RUS,SYR,coinvolgimento_militare,2023-Q2,72,,
RUS,SYR,coinvolgimento_militare,2023-Q1,34,,
RUS,SYR,coinvolgimento_militare,2022-Q4,77,,
RUS,SYR,coinvolgimento_militare,2023-Q3,69,,
RUS,SYR,coinvolgimento_militare,2024-Q3,129,,
RUS,SYR,coinvolgimento_militare,2024-Q4,196,,
RUS,TZA,cyber,,,,DarkUniverse
RUS,TZA,cyber,,,,DarkUniverse
RUS,ARE,cyber,,,,DarkUniverse
RUS,CZE,cyber,,,Sabotage,"Targeting of Czech and German political entities, state institutions, critical infrastructure, and German companies in the logistics, armaments, aerospace, and IT sectors"
RUS,CZE,cyber,,,Espionage,Targeting of Czech Foreign Ministry
RUS,CZE,cyber,2017-Q1,,Espionage,Compromise of the Czech foreign minister’s computer
RUS,CZE,migrazione,2018,148,,
RUS,CZE,migrazione,2019,164,,
RUS,CZE,migrazione,2020,177,,
RUS,CZE,migrazione,2021,173,,
RUS,CZE,migrazione,2022,173,,
RUS,CZE,migrazione,2023,560,,
RUS,CZE,migrazione,2024,559,,
RUS,MNE,cyber,,,Data destruction,Targeting of Montenegrin government infrastructure
RUS,MNE,cyber,2017-Q2,,Espionage,Phishing campaign against Montenegro
RUS,MNE,cyber,2017-Q1,,Denial of service,Distributed denial of service against the government of Montenegro
RUS,MNE,migrazione,2021,6,,
RUS,MNE,migrazione,2022,10,,
RUS,MNE,migrazione,2023,20,,
RUS,MNE,migrazione,2024,28,,
RUS,BRA,cyber,,,Espionage,Targeting of high-profile individuals at European embassies
RUS,BRA,migrazione,2018,13,,
RUS,BRA,migrazione,2019,13,,
RUS,BRA,migrazione,2020,19,,
RUS,BRA,migrazione,2021,21,,
RUS,BRA,migrazione,2022,23,,
RUS,BRA,migrazione,2023,16,,
RUS,BRA,migrazione,2024,35,,
RUS,PRT,cyber,,,Espionage,Targeting of high-profile individuals at European embassies
RUS,PRT,migrazione,2018,16,,
RUS,PRT,migrazione,2019,16,,
RUS,PRT,migrazione,2020,23,,
RUS,PRT,migrazione,2021,22,,
RUS,PRT,migrazione,2022,668,,
RUS,PRT,migrazione,2023,571,,
RUS,PRT,migrazione,2024,612,,
RUS,NOR,cyber,,,Espionage,Targeting of the Norwegian parliament’s email system
RUS,NOR,cyber,2017-Q1,,Espionage,Attempted compromise of Norwegian government networks
RUS,NOR,migrazione,2018,766,,
RUS,NOR,migrazione,2019,587,,
RUS,NOR,migrazione,2020,432,,
RUS,NOR,migrazione,2021,311,,
RUS,NOR,migrazione,2022,351,,
RUS,NOR,migrazione,2023,242,,
RUS,NOR,migrazione,2024,1374,,
RUS,AZE,cyber,,,Espionage,Targeting of Azerbaijani government networks
RUS,AZE,migrazione,2018,392,,
RUS,AZE,migrazione,2019,372,,
RUS,AZE,migrazione,2020,350,,
RUS,AZE,migrazione,2021,317,,
RUS,AZE,migrazione,2022,310,,
RUS,AZE,migrazione,2023,268,,
RUS,AZE,migrazione,2024,274,,
RUS,SWE,cyber,2016-Q1,,Denial of service,Denial of service incident against media websites in Sweden
RUS,SWE,migrazione,2018,1554,,
RUS,SWE,migrazione,2019,1506,,
RUS,SWE,migrazione,2020,1427,,
RUS,SWE,migrazione,2021,1314,,
RUS,SWE,migrazione,2022,1341,,
RUS,SWE,migrazione,2023,1019,,
RUS,SWE,migrazione,2024,1126,,
RUS,EGY,migrazione,2018,7,,
RUS,EGY,migrazione,2019,8,,
RUS,EGY,migrazione,2020,8,,
RUS,EGY,migrazione,2021,9,,
RUS,EGY,migrazione,2022,9,,
RUS,EGY,migrazione,2023,9,,
RUS,EGY,migrazione,2024,9,,
RUS,BOL,migrazione,2018,5,,
RUS,BOL,migrazione,2019,14,,
RUS,BOL,migrazione,2020,14,,
RUS,BOL,migrazione,2021,14,,
RUS,BOL,migrazione,2022,14,,
RUS,BOL,migrazione,2023,14,,
RUS,BOL,migrazione,2024,14,,
RUS,CHL,migrazione,2018,5,,
RUS,CHL,migrazione,2019,5,,
RUS,CHL,migrazione,2020,5,,
RUS,CHL,migrazione,2021,5,,
RUS,CHL,migrazione,2022,5,,
RUS,CHL,migrazione,2023,5,,
RUS,CHL,migrazione,2024,5,,
RUS,CRI,migrazione,2018,19,,
RUS,CRI,migrazione,2019,25,,
RUS,CRI,migrazione,2020,27,,
RUS,CRI,migrazione,2021,27,,
RUS,CRI,migrazione,2022,27,,
RUS,CRI,migrazione,2023,27,,
RUS,CRI,migrazione,2024,38,,
RUS,CYP,migrazione,2018,77,,
RUS,CYP,migrazione,2019,77,,
RUS,CYP,migrazione,2020,77,,
RUS,CYP,migrazione,2021,77,,
RUS,CYP,migrazione,2022,78,,
RUS,CYP,migrazione,2023,88,,
RUS,CYP,migrazione,2024,272,,
RUS,ECU,migrazione,2018,31,,
RUS,ECU,migrazione,2019,35,,
RUS,ECU,migrazione,2020,34,,
RUS,ECU,migrazione,2021,36,,
RUS,ECU,migrazione,2022,42,,
RUS,ECU,migrazione,2023,87,,
RUS,ECU,migrazione,2024,76,,
RUS,FIN,migrazione,2018,730,,
RUS,FIN,migrazione,2019,833,,
RUS,FIN,migrazione,2020,885,,
RUS,FIN,migrazione,2021,844,,
RUS,FIN,migrazione,2022,980,,
RUS,FIN,migrazione,2023,1258,,
RUS,FIN,migrazione,2024,1224,,
RUS,HRV,migrazione,2018,15,,
RUS,HRV,migrazione,2019,15,,
RUS,HRV,migrazione,2020,15,,
RUS,HRV,migrazione,2021,15,,
RUS,HRV,migrazione,2022,84,,
RUS,HRV,migrazione,2023,119,,
RUS,HRV,migrazione,2024,192,,
RUS,ISL,migrazione,2018,10,,
RUS,ISL,migrazione,2019,11,,
RUS,ISL,migrazione,2020,14,,
RUS,ISL,migrazione,2021,20,,
RUS,ISL,migrazione,2022,25,,
RUS,ISL,migrazione,2023,38,,
RUS,ISL,migrazione,2024,29,,
RUS,IDN,migrazione,2018,5,,
RUS,IDN,migrazione,2019,5,,
RUS,IDN,migrazione,2020,5,,
RUS,IDN,migrazione,2021,5,,
RUS,IDN,migrazione,2022,5,,
RUS,IDN,migrazione,2023,5,,
RUS,IDN,migrazione,2024,5,,
RUS,LUX,migrazione,2018,33,,
RUS,LUX,migrazione,2019,20,,
RUS,LUX,migrazione,2020,17,,
RUS,LUX,migrazione,2021,17,,
RUS,LUX,migrazione,2022,39,,
RUS,LUX,migrazione,2023,44,,
RUS,LUX,migrazione,2024,35,,
RUS,MDA,migrazione,2018,5,,
RUS,MDA,migrazione,2019,5,,
RUS,MDA,migrazione,2020,5,,
RUS,MDA,migrazione,2021,5,,
RUS,MDA,migrazione,2022,995,,
RUS,MDA,migrazione,2023,5,,
RUS,MDA,migrazione,2024,5,,
RUS,MEX,migrazione,2018,30,,
RUS,MEX,migrazione,2019,39,,
RUS,MEX,migrazione,2020,41,,
RUS,MEX,migrazione,2021,44,,
RUS,MEX,migrazione,2022,49,,
RUS,MEX,migrazione,2023,118,,
RUS,MEX,migrazione,2024,158,,
RUS,MYS,migrazione,2018,5,,
RUS,MYS,migrazione,2019,6,,
RUS,MYS,migrazione,2020,6,,
RUS,MYS,migrazione,2021,6,,
RUS,MYS,migrazione,2022,5,,
RUS,MYS,migrazione,2023,5,,
RUS,MYS,migrazione,2024,5,,
RUS,MLT,migrazione,2018,18,,
RUS,MLT,migrazione,2019,18,,
RUS,MLT,migrazione,2020,18,,
RUS,MLT,migrazione,2021,18,,
RUS,MLT,migrazione,2022,19,,
RUS,MLT,migrazione,2023,22,,
RUS,MLT,migrazione,2024,7,,
RUS,NZL,migrazione,2018,19,,
RUS,NZL,migrazione,2019,26,,
RUS,NZL,migrazione,2020,27,,
RUS,NZL,migrazione,2021,32,,
RUS,NZL,migrazione,2022,34,,
RUS,NZL,migrazione,2023,45,,
RUS,NZL,migrazione,2024,55,,
RUS,PRY,migrazione,2018,8,,
RUS,PER,migrazione,2018,16,,
RUS,PER,migrazione,2023,5,,
RUS,PER,migrazione,2024,5,,
RUS,SVN,migrazione,2018,17,,
RUS,SVN,migrazione,2019,19,,
RUS,SVN,migrazione,2020,21,,
RUS,SVN,migrazione,2021,21,,
RUS,SVN,migrazione,2022,50,,
RUS,SVN,migrazione,2023,78,,
RUS,SVN,migrazione,2024,90,,
RUS,THA,migrazione,2018,5,,
RUS,THA,migrazione,2022,5,,
RUS,URY,migrazione,2018,12,,
RUS,URY,migrazione,2019,12,,
RUS,URY,migrazione,2020,12,,
RUS,URY,migrazione,2021,13,,
RUS,URY,migrazione,2022,13,,
RUS,URY,migrazione,2023,13,,
RUS,URY,migrazione,2024,13,,
RUS,GTM,migrazione,2019,5,,
RUS,GTM,migrazione,2020,5,,
RUS,GTM,migrazione,2021,5,,
RUS,GTM,migrazione,2022,5,,
RUS,GTM,migrazione,2023,5,,
RUS,GTM,migrazione,2024,5,,
RUS,PHL,migrazione,2019,5,,
RUS,PHL,migrazione,2020,5,,
RUS,PHL,migrazione,2021,5,,
RUS,PHL,migrazione,2022,5,,
RUS,PHL,migrazione,2023,5,,
RUS,PHL,migrazione,2024,5,,
RUS,ZAF,migrazione,2019,10,,
RUS,ZAF,migrazione,2020,10,,
RUS,ZAF,migrazione,2021,10,,
RUS,ZAF,migrazione,2022,9,,
RUS,ZAF,migrazione,2023,9,,
RUS,ZAF,migrazione,2024,9,,
RUS,SRB,migrazione,2019,5,,
RUS,SRB,migrazione,2020,5,,
RUS,SRB,migrazione,2021,5,,
RUS,SRB,migrazione,2022,28,,
RUS,SRB,migrazione,2023,28,,
RUS,SRB,migrazione,2024,39,,
RUS,ISR,migrazione,2020,5,,
RUS,ISR,migrazione,2021,5,,
RUS,ISR,migrazione,2022,5,,
RUS,ISR,migrazione,2023,5,,
RUS,ISR,migrazione,2024,6,,
RUS,MRT,migrazione,2021,11,,
RUS,MRT,migrazione,2022,11,,
RUS,MRT,migrazione,2023,11,,
RUS,MRT,migrazione,2024,11,,
RUS,COL,migrazione,2022,9,,
RUS,COL,migrazione,2023,9,,
RUS,COL,migrazione,2024,11,,
RUS,ZMB,migrazione,2022,5,,
RUS,ZMB,migrazione,2023,5,,
RUS,BIH,migrazione,2023,10,,
RUS,BIH,migrazione,2024,53,,
RUS,DOM,migrazione,2023,5,,
RUS,DOM,migrazione,2024,5,,
RUS,LIE,migrazione,2023,5,,
RUS,CUB,migrazione,2024,5,,
RUS,VEN,coinvolgimento_militare,2019-Q3,1,,
RUS,VEN,coinvolgimento_militare,2019-Q4,1,,
RUS,VEN,coinvolgimento_militare,2019-Q2,1,,
RUS,VEN,coinvolgimento_militare,2019-Q1,1,,
CHN,IND,cyber,,,Espionage,"Targeting of humanitarian, think tank, and governmental organizations"
CHN,IND,cyber,,,Espionage,Red Menshen
CHN,IND,cyber,,,Espionage,"Targeting of telecommunications providers across the United States, Asia, and the Middle East"
CHN,IND,cyber,,,Espionage,Targeting of telecommunications companies’ employees
CHN,IND,cyber,,,Espionage,Targeting of over seventy-five organizations
CHN,IND,cyber,2018-Q4,,Espionage,Compromise of Managed Service Providers and technology companies
CHN,IND,cyber,2017-Q2,,Espionage,APT 10
CHN,IND,cyber,2015-Q2,,Espionage,Hellsing
CHN,IND,cyber,2015-Q2,,Espionage,APT 30
CHN,IND,cyber,2013-Q1,,Espionage,PLA Unit 61398
CHN,IND,cyber,2012-Q2,,Espionage,SabPub
CHN,IND,cyber,2011-Q4,,Espionage,Nitro attacks
CHN,IND,cyber,2011-Q3,,Espionage,Shady RAT
CHN,IND,cyber,,,Espionage,Targeting of Indian media organizations
CHN,IND,cyber,,,Espionage,Targeting of Air India
CHN,IND,cyber,,,Espionage,Targeting of major companies and government organizations in seven countries
CHN,IND,cyber,,,Espionage,RedFoxTrot
CHN,IND,cyber,,,Espionage,Targeting of Indian vaccine makers
CHN,IND,cyber,,,Sabotage,Targeting of India’s power infrastructure
CHN,IND,cyber,,,Espionage,"Targeting of entities in India, Kazakhstan, Kyrgyzstan, Malaysia, Russia, and Ukraine"
CHN,IND,cyber,,,Espionage,Targeting of nongovernmental organizations and political and law enforcement agencies in East and South Asia
CHN,IND,cyber,,,Espionage,Targeting of telecommunications operators in countries through which Uighurs are known to travel
CHN,IND,cyber,2018-Q2,,Espionage,RedAlpha
CHN,IND,cyber,2013-Q1,,Espionage,Compromise of the Indian Defense Research and Development Organization
CHN,IND,cyber,2012-Q1,,Espionage,Lucky Cat
CHN,IND,cyber,2010-Q2,,Espionage,Shadow Network
CHN,IND,migrazione,2018,108008,,
CHN,IND,migrazione,2019,108008,,
CHN,IND,migrazione,2020,73407,,
CHN,IND,migrazione,2021,73407,,
CHN,IND,migrazione,2022,72294,,
CHN,IND,migrazione,2023,73406,,
CHN,IND,migrazione,2024,63169,,
CHN,TWN,cyber,,,Espionage,"Targeting of humanitarian, think tank, and governmental organizations"
CHN,TWN,cyber,,,Espionage,Targeting of organizations using Barracuda email security gateway devices
CHN,TWN,cyber,,,Espionage,Targeting of government organizations in Eastern Europe and Western Asia
CHN,TWN,cyber,2016-Q4,,Espionage,Compromise of gaming companies
CHN,TWN,cyber,2013-Q1,,Espionage,PLA Unit 61398
CHN,TWN,cyber,2011-Q4,,Espionage,Nitro attacks
CHN,TWN,cyber,2011-Q3,,Espionage,Shady RAT
CHN,TWN,cyber,,,Espionage,Targeting of financial institutions in Taiwan
CHN,TWN,cyber,,,Espionage,Chimera
CHN,TWN,cyber,,,Espionage,Targeting of semiconductor manufacturing firms in East Asia
CHN,TWN,cyber,,,Espionage,Flax Typhoon
CHN,TWN,cyber,,,Espionage,Targeting of Taiwanese government and critical infrastructure operators
CHN,TWN,cyber,,,Espionage,"Targeting East Asian and Southeast Asian health-care, manufacturing, technology, and government organizations"
CHN,TWN,cyber,,,Espionage,Targeting of a Taiwanese media organization
CHN,TWN,cyber,,,Espionage,Targeting of Asian and Australian governments and government partners
CHN,TWN,cyber,,,Espionage,"Targeting of Australian, Malaysian, and European organizations and organizations operating in and around the South China Sea."
CHN,TWN,cyber,,,Espionage,Targeting of Taiwanese financial institutions
CHN,TWN,cyber,,,Espionage,"Targeting of civil society groups in Nepal, the Philippines, Taiwan, and Hong Kong"
CHN,TWN,cyber,,,Espionage,BlackTech
CHN,TWN,cyber,,,Espionage,Targeting of Taiwanese government agencies and officials’ email accounts
CHN,TWN,cyber,,,Espionage,Targeting of entities focusing on Taiwan
CHN,TWN,cyber,,,Espionage,Targeting of Asian videogame companies
CHN,TWN,cyber,,,Sabotage,Targeting of CPC Corporation
CHN,TWN,cyber,,,Espionage,Attacks in East and Southeast Asia
CHN,TWN,cyber,2016-Q4,,Espionage,APT 16
CHN,TWN,cyber,2014-Q3,,Espionage,DragonOK
CHN,TWN,cyber,2014-Q3,,Espionage,Lotus Blossom
CHN,TWN,cyber,2011-Q3,,Espionage,Compromise of a Taiwanese political party
CHN,USA,cyber,,,Espionage,"Targeting of humanitarian, think tank, and governmental organizations"
CHN,USA,cyber,,,Espionage,Targeting of home internet routers to add to a botnet
CHN,USA,cyber,,,Espionage,Targeting of subsidiaries of global companies
CHN,USA,cyber,,,Espionage,Targeting of organizations using Barracuda email security gateway devices
CHN,USA,cyber,,,Espionage,Targeting of government organizations in Eastern Europe and Western Asia
CHN,USA,cyber,,,Espionage,Volt Typhoon
CHN,USA,cyber,,,Espionage,Targeting of telecommunications equipment in Guam
CHN,USA,cyber,,,Espionage,Targeting of organizations of strategic interest to the Chinese government
CHN,USA,cyber,,,Espionage,Targeting of U.S. federal civilian agency
CHN,USA,cyber,,,Financial Theft,Targeting of U.S. COVID relief funds
CHN,USA,cyber,,,Espionage,Targeting of U.S. political reporters and White House correspondents
CHN,USA,cyber,,,Espionage,Targeting of major telecommunications and network service providers
CHN,USA,cyber,,,Espionage,Red Menshen
CHN,USA,cyber,,,Espionage,"Targeting of telecommunications providers across the United States, Asia, and the Middle East"
CHN,USA,cyber,,,Espionage,"Targeting of technology and manufacturing companies in Asia, Europe, and North America"
CHN,USA,cyber,,,Espionage,"Targeting of telecommunication companies, internet service providers, and the data services sector"
CHN,USA,cyber,,,Espionage,"Targeting of organizations in Asia, Europe, and North America"
CHN,USA,cyber,,,Espionage,Targeting of American state governments’ networks
CHN,USA,cyber,,,Espionage,Targeting of journalists at News Corp
CHN,USA,cyber,,,Espionage,IronHusky
CHN,USA,cyber,,,Espionage,Targeting of Microsoft Exchange and MySQL servers
CHN,USA,cyber,,,Espionage,Targeting of U.S. computer retail business
CHN,USA,cyber,,,Espionage,"Targeting of the United States, Belarus, Canada, Mongolia, and Russia in an espionage operation"
CHN,USA,cyber,,,Espionage,Targeting of U.S. oil and gas companies
CHN,USA,cyber,,,Espionage,Targeting of U.S. federal agencies via PulseSecure VPN
CHN,USA,cyber,,,Espionage,"Targeting of Uyghur activists, journalists, and dissidents"
CHN,USA,cyber,,,Espionage,Targeting of telecommunications companies’ employees
CHN,USA,cyber,,,Espionage,Hafnium
CHN,USA,cyber,,,Espionage,Targeting of SolarWinds
CHN,USA,cyber,,,Espionage,Targeting of U.S. government agency networks
CHN,USA,cyber,,,Espionage,Zirconium
CHN,USA,cyber,,,Espionage,Targeting of former Vice President Joe Biden’s campaign staff and U.S. international affairs community
CHN,USA,cyber,,,Espionage,Targeting of over seventy-five organizations
CHN,USA,cyber,,,Espionage,Targeting of U.S. manufacturing group
CHN,USA,cyber,,,Espionage,APT 41
CHN,USA,cyber,2019-Q1,,Espionage,Targeting of universities’ maritime military secrets
CHN,USA,cyber,2018-Q4,,Espionage,Compromise of Managed Service Providers and technology companies
CHN,USA,cyber,2018-Q4,,Espionage,Targeting of U.S. Navy contractors
CHN,USA,cyber,2018-Q4,,Espionage,Compromise of American aerospace companies
CHN,USA,cyber,2018-Q3,,Espionage,Targeting of organizations associated with trade activity with China
CHN,USA,cyber,2018-Q2,,Espionage,Thrip
CHN,USA,cyber,2018-Q2,,Espionage,Mustang Panda
CHN,USA,cyber,2018-Q2,,Espionage,Compromise of a U.S. Navy contractor
CHN,USA,cyber,2018-Q2,,Espionage,Winnti Umbrella
CHN,USA,cyber,2017-Q4,,Espionage,Indictment of APT 3 threat actors
CHN,USA,cyber,2017-Q4,,Espionage,APT 40
CHN,USA,cyber,2017-Q3,,Espionage,Targeting of Chinese-language news websites
CHN,USA,cyber,2017-Q2,,Espionage,APT 10
CHN,USA,cyber,2016-Q4,,Espionage,Compromise of gaming companies
CHN,USA,cyber,2015-Q3,,Espionage,Emissary Panda
CHN,USA,cyber,2015-Q3,,Espionage,Compromise of United Airlines
CHN,USA,cyber,2015-Q2,,Espionage,APT 3
CHN,USA,cyber,2015-Q2,,Espionage,APT 17
CHN,USA,cyber,2015-Q2,,Espionage,Hellsing
CHN,USA,cyber,2015-Q2,,Espionage,APT 30
CHN,USA,cyber,2015-Q1,,Denial of service,Disruption of GitHub
CHN,USA,cyber,2015-Q1,,Espionage,Compromise of Anthem
CHN,USA,cyber,2014-Q4,,Espionage,Compromise of the U.S. Postal Service
CHN,USA,cyber,2014-Q3,,Espionage,Compromise of U.S. Transportation Command Contractors
CHN,USA,cyber,2014-Q3,,Espionage,Moafee
CHN,USA,cyber,2014-Q3,,Espionage,Compromise of Community Health Systems
CHN,USA,cyber,2014-Q3,,Espionage,APT 18
CHN,USA,cyber,2014-Q3,,Espionage,Compromise of U.S. Investigations Services
CHN,USA,cyber,2014-Q3,,Espionage,Compromise of Boeing
CHN,USA,cyber,2014-Q2,,Espionage,Putter Panda
CHN,USA,cyber,2014-Q2,,Espionage,Indictment of PLA officers
CHN,USA,cyber,2013-Q4,,Espionage,admin@338
CHN,USA,cyber,2013-Q1,,Espionage,Anchor Panda
CHN,USA,cyber,2013-Q1,,Espionage,PLA Unit 61398
CHN,USA,cyber,2012-Q4,,Espionage,Compromise of Coca-Cola
CHN,USA,cyber,2012-Q2,,Espionage,SabPub
CHN,USA,cyber,2011-Q4,,Espionage,Compromise of the U.S. Chamber of Commerce
CHN,USA,cyber,2011-Q4,,Espionage,Interference with NASA satellite Landsat 7
CHN,USA,cyber,2011-Q4,,Espionage,Interference with NASA satellite Terra (EOS AM-1)
CHN,USA,cyber,2011-Q4,,Espionage,Nitro attacks
CHN,USA,cyber,2011-Q3,,Espionage,Shady RAT
CHN,USA,cyber,2011-Q2,,Espionage,Compromise of Oak Ridge National Laboratory
CHN,USA,cyber,2007-Q2,,Espionage,Secretary of defense email incident
CHN,USA,cyber,2007-Q1,,Espionage,Compromise of National Defense University
CHN,USA,cyber,2006-Q4,,Espionage,Compromise at U.S. Naval War College
CHN,USA,cyber,2006-Q3,,Espionage,Compromise of the Pentagon’s NIPRNet
CHN,USA,cyber,2006-Q3,,Espionage,Compromise at the State Department
CHN,USA,cyber,2005-Q3,,Espionage,Titan Rain
CHN,USA,migrazione,2018,77710,,
CHN,USA,migrazione,2019,78752,,
CHN,USA,migrazione,2020,74948,,
CHN,USA,migrazione,2021,68937,,
CHN,USA,migrazione,2022,64066,,
CHN,USA,migrazione,2023,61378,,
CHN,USA,migrazione,2024,60044,,
CHN,JPN,cyber,,,Espionage,Targeting of subsidiaries of global companies
CHN,JPN,cyber,,,Espionage,Targeting of government organizations in Eastern Europe and Western Asia
CHN,JPN,cyber,,,Espionage,"Targeting of technology and manufacturing companies in Asia, Europe, and North America"
CHN,JPN,cyber,,,Espionage,"Targeting of organizations in Asia, Europe, and North America"
CHN,JPN,cyber,,,Espionage,Targeting of over seventy-five organizations
CHN,JPN,cyber,,,Espionage,APT 41
CHN,JPN,cyber,2018-Q4,,Espionage,Compromise of Managed Service Providers and technology companies
CHN,JPN,cyber,2018-Q2,,Espionage,Winnti Umbrella
CHN,JPN,cyber,2017-Q2,,Espionage,APT 10
CHN,JPN,cyber,2013-Q1,,Espionage,PLA Unit 61398
CHN,JPN,cyber,2011-Q3,,Espionage,Shady RAT
CHN,JPN,cyber,,,Espionage,Targeting of Japan’s National Center of Incident Readiness and Strategy for Cybersecurity
CHN,JPN,cyber,,,Espionage,Targeting of Asian and Australian governments and government partners
CHN,JPN,cyber,,,Espionage,Targeting of Japanese businesses and research groups
CHN,JPN,cyber,,,Espionage,Targeting of Japanese companies involved in COVID-19 vaccine development
CHN,JPN,cyber,,,Espionage,"Targeting of Japan, Russia, and South Korean entities"
CHN,JPN,cyber,,,,Tonto Team
CHN,JPN,cyber,,,Espionage,Stolen data on nearly two thousand Mitsubishi employees
CHN,JPN,cyber,,,Espionage,Targeting of Japanese organizations
CHN,JPN,cyber,2018-Q2,,Espionage,Targeting of Japanese companies
CHN,JPN,cyber,,,Espionage,Tick
CHN,JPN,cyber,2016-Q4,,Espionage,APT 16
CHN,JPN,cyber,2014-Q3,,Espionage,DragonOK
CHN,JPN,cyber,2014-Q3,,Espionage,APT 12
CHN,JPN,cyber,2014-Q3,,Espionage,Lotus Blossom
CHN,JPN,cyber,2012-Q1,,Espionage,Lucky Cat
CHN,JPN,migrazione,2018,73,,
CHN,JPN,migrazione,2019,56,,
CHN,JPN,migrazione,2020,55,,
CHN,JPN,migrazione,2021,77,,
CHN,JPN,migrazione,2022,86,,
CHN,JPN,migrazione,2023,92,,
CHN,JPN,migrazione,2024,97,,
CHN,KOR,cyber,,,Espionage,Targeting of subsidiaries of global companies
CHN,KOR,cyber,,,Espionage,Red Menshen
CHN,KOR,cyber,,,Espionage,"Targeting of telecommunications providers across the United States, Asia, and the Middle East"
CHN,KOR,cyber,,,Espionage,"Targeting of technology and manufacturing companies in Asia, Europe, and North America"
CHN,KOR,cyber,2018-Q2,,Espionage,Winnti Umbrella
CHN,KOR,cyber,2017-Q2,,Espionage,APT 10
CHN,KOR,cyber,2016-Q4,,Espionage,Compromise of gaming companies
CHN,KOR,cyber,2015-Q2,,Espionage,APT 30
CHN,KOR,cyber,2011-Q4,,Espionage,Nitro attacks
CHN,KOR,cyber,2011-Q3,,Espionage,Shady RAT
CHN,KOR,cyber,,,Espionage,"Targeting of South Korean academics, government agencies, and political groups"
CHN,KOR,cyber,,,Espionage,Targeting of Asian videogame companies
CHN,KOR,cyber,,,Espionage,"Targeting of Japan, Russia, and South Korean entities"
CHN,KOR,cyber,,,,Tonto Team
CHN,KOR,cyber,,,Espionage,Tick
CHN,KOR,migrazione,2018,43,,
CHN,KOR,migrazione,2019,44,,
CHN,KOR,migrazione,2020,46,,
CHN,KOR,migrazione,2021,50,,
CHN,KOR,migrazione,2022,51,,
CHN,KOR,migrazione,2023,54,,
CHN,KOR,migrazione,2024,55,,
CHN,HKG,cyber,,,Espionage,Targeting of organizations using Barracuda email security gateway devices
CHN,HKG,cyber,,,Espionage,Red Menshen
CHN,HKG,cyber,,,Espionage,"Targeting of telecommunications providers across the United States, Asia, and the Middle East"
CHN,HKG,cyber,,,Espionage,Targeting of telecommunications companies’ employees
CHN,HKG,cyber,,,Espionage,APT 41
CHN,HKG,cyber,2018-Q2,,Espionage,Winnti Umbrella
CHN,HKG,cyber,2017-Q4,,Espionage,APT 40
CHN,HKG,cyber,2015-Q2,,Espionage,APT 3
CHN,HKG,cyber,2013-Q4,,Espionage,admin@338
CHN,HKG,cyber,2011-Q4,,Espionage,Nitro attacks
CHN,HKG,cyber,2011-Q3,,Espionage,Shady RAT
CHN,HKG,cyber,,,Espionage,Targeting of companies in Hong Kong
CHN,HKG,cyber,,,Espionage,"Targeting of civil society groups in Nepal, the Philippines, Taiwan, and Hong Kong"
CHN,HKG,cyber,,,Espionage,Targeting of Hong Kong citizens with mobile malware
CHN,HKG,cyber,,,Espionage,Infection of computer systems belonging to universities in Hong Kong
CHN,HKG,cyber,,,Denial of service,Attack on forum of Hong Kong protesters
CHN,HKG,cyber,2019-Q2,,Espionage,Compromise of Amnesty International Hong Kong
CHN,HKG,cyber,2014-Q3,,Espionage,Fake Occupy Central apps
CHN,HKG,cyber,2014-Q3,,Espionage,Lotus Blossom
CHN,EST,cyber,,,Espionage,Targeting of government organizations in Eastern Europe and Western Asia
CHN,GRC,cyber,,,Espionage,Targeting of government organizations in Eastern Europe and Western Asia
CHN,GRC,migrazione,2018,71,,
CHN,GRC,migrazione,2019,85,,
CHN,GRC,migrazione,2020,113,,
CHN,GRC,migrazione,2021,114,,
CHN,GRC,migrazione,2022,114,,
CHN,GRC,migrazione,2023,112,,
CHN,GRC,migrazione,2024,63,,
CHN,LVA,cyber,,,Espionage,Targeting of government organizations in Eastern Europe and Western Asia
CHN,LVA,migrazione,2021,5,,
CHN,LVA,migrazione,2022,5,,
CHN,LVA,migrazione,2023,5,,
CHN,LVA,migrazione,2024,5,,
CHN,TUR,cyber,,,Espionage,Targeting of government organizations in Eastern Europe and Western Asia
CHN,TUR,cyber,,,Espionage,Red Menshen
CHN,TUR,cyber,,,Espionage,"Targeting of telecommunications providers across the United States, Asia, and the Middle East"
CHN,TUR,cyber,,,Espionage,"Targeting of Uyghur activists, journalists, and dissidents"
CHN,TUR,cyber,,,Espionage,Calypso
CHN,TUR,cyber,,,Espionage,Targeting of telecommunications operators in countries through which Uighurs are known to travel
CHN,TUR,migrazione,2018,13,,
CHN,GUM,cyber,,,Espionage,Targeting of telecommunications equipment in Guam
CHN,MMR,cyber,,,Espionage,Red Menshen
CHN,MMR,cyber,,,Espionage,"Targeting of telecommunications providers across the United States, Asia, and the Middle East"
CHN,MMR,cyber,,,Espionage,Targeting of telecommunications companies’ employees
CHN,MMR,cyber,2015-Q2,,Espionage,APT 30
CHN,MMR,cyber,,,Espionage,Targeting of Asian and Australian governments and government partners
CHN,MMR,cyber,,,Espionage,Targeting of Myanmar government agencies
CHN,MMR,cyber,,,Espionage,Aoqin Dragon
CHN,MMR,cyber,,,Espionage,Targeting of Philippine and Nepalese governments
CHN,MMR,cyber,,,Espionage,Targeting of Myanmar’s presidential website
CHN,MMR,cyber,,,,KillSomeOne
CHN,MMR,cyber,,,Espionage,Targeting of nongovernmental organizations in Myanmar
CHN,MMR,cyber,,,Espionage,Targeting of government bodies in Australia and Southeast Asia
CHN,MMR,cyber,,,Espionage,Attacks in East and Southeast Asia
CHN,VNM,cyber,,,Espionage,Red Menshen
CHN,VNM,cyber,,,Espionage,"Targeting of telecommunications providers across the United States, Asia, and the Middle East"
CHN,VNM,cyber,2015-Q2,,Espionage,APT 30
CHN,VNM,cyber,2011-Q3,,Espionage,Shady RAT
CHN,VNM,cyber,,,Espionage,"Targeting of infrastructure projects in Indonesia, Thailand, and Vietnam"
CHN,VNM,cyber,,,Espionage,Targeting of telecommunications and media firms in Vietnam
CHN,VNM,cyber,,,Espionage,Aoqin Dragon
CHN,VNM,cyber,,,Espionage,Targeting of the Vietnamese and Thai governments and military
CHN,VNM,cyber,,,Espionage,Targeting of government bodies in Australia and Southeast Asia
CHN,VNM,cyber,,,,Pirate Panda
CHN,VNM,cyber,,,Espionage,Phishing of Vietnamese government officials
CHN,VNM,cyber,,,Espionage,Attacks in East and Southeast Asia
CHN,VNM,cyber,2019-Q2,,Espionage,Chinese intelligence repurposed NSA tools to attack private companies
CHN,VNM,cyber,2015-Q2,,,Goblin Panda
CHN,VNM,cyber,2014-Q3,,Espionage,Lotus Blossom
CHN,DEU,cyber,,,Espionage,"Targeting of technology and manufacturing companies in Asia, Europe, and North America"
CHN,DEU,cyber,2013-Q1,,Espionage,Anchor Panda
CHN,DEU,cyber,2011-Q4,,Espionage,Nitro attacks
CHN,DEU,cyber,2011-Q3,,Espionage,Shady RAT
CHN,DEU,cyber,,,Espionage,Targeting of the German Federal Agency for Cartography and Geodesy
CHN,DEU,cyber,,,Espionage,Targeting of German pharmaceutical and technology firms
CHN,DEU,cyber,,,Espionage,Targeting of German companies
CHN,DEU,cyber,,,Espionage,"Targeting of German energy technology, chemicals, and consumer goods companies, among others"
CHN,DEU,cyber,2019-Q2,,Data destruction,Compromise of Bayer Pharmaceuticals
CHN,DEU,cyber,2013-Q1,,Espionage,Compromise of EADS and ThyssenKrupp
CHN,DEU,cyber,2007-Q3,,Espionage,Compromise of German government networks
CHN,DEU,migrazione,2018,1620,,
CHN,DEU,migrazione,2019,1760,,
CHN,DEU,migrazione,2020,1986,,
CHN,DEU,migrazione,2021,2019,,
CHN,DEU,migrazione,2022,1667,,
CHN,DEU,migrazione,2023,2333,,
CHN,DEU,migrazione,2024,2325,,
CHN,AUS,cyber,,,Espionage,"Targeting of organizations in Asia, Europe, and North America"
CHN,AUS,cyber,,,Espionage,"Targeting of Uyghur activists, journalists, and dissidents"
CHN,AUS,cyber,,,Espionage,Targeting of over seventy-five organizations
CHN,AUS,cyber,2017-Q2,,Espionage,APT 10
CHN,AUS,cyber,2013-Q1,,Espionage,Anchor Panda
CHN,AUS,cyber,,,Espionage,Targeting of Asian and Australian governments and government partners
CHN,AUS,cyber,,,Espionage,"Targeting of Australian, Malaysian, and European organizations and organizations operating in and around the South China Sea."
CHN,AUS,cyber,,,Espionage,Aoqin Dragon
CHN,AUS,cyber,,,Espionage,Targeting of Palauans via an Australian telecommunications company
CHN,AUS,cyber,,,Espionage,Targeting of Australian media outlet
CHN,AUS,cyber,,,Espionage,Targeting of the Parliament of Western Australia
CHN,AUS,cyber,,,Espionage,Targeting of Australian government agencies and private companies
CHN,AUS,cyber,,,Espionage,Targeting of government bodies in Australia and Southeast Asia
CHN,AUS,cyber,,,Espionage,"Targeting of the Australian Parliament, including the Liberal, National, and Labor Parties"
CHN,AUS,cyber,2018-Q3,,Espionage,Compromise of Australian National University
CHN,AUS,cyber,2015-Q4,,Espionage,Network compromise at the Australian Bureau of Meteorology
CHN,AUS,cyber,2013-Q2,,Espionage,Compromise of Australian government agencies
CHN,AUS,migrazione,2018,2304,,
CHN,AUS,migrazione,2019,2016,,
CHN,AUS,migrazione,2020,1780,,
CHN,AUS,migrazione,2021,1579,,
CHN,AUS,migrazione,2022,1656,,
CHN,AUS,migrazione,2023,738,,
CHN,AUS,migrazione,2024,847,,
CHN,GBR,cyber,,,Espionage,"Targeting of organizations in Asia, Europe, and North America"
CHN,GBR,cyber,,,Espionage,Targeting of journalists at News Corp
CHN,GBR,cyber,,,Espionage,Targeting of over seventy-five organizations
CHN,GBR,cyber,,,Espionage,APT 41
CHN,GBR,cyber,2018-Q2,,Espionage,Winnti Umbrella
CHN,GBR,cyber,2017-Q2,,Espionage,APT 10
CHN,GBR,cyber,2015-Q3,,Espionage,Emissary Panda
CHN,GBR,cyber,2015-Q2,,Espionage,APT 3
CHN,GBR,cyber,2013-Q1,,Espionage,Anchor Panda
CHN,GBR,cyber,2013-Q1,,Espionage,PLA Unit 61398
CHN,GBR,cyber,2012-Q2,,Espionage,SabPub
CHN,GBR,cyber,2011-Q4,,Espionage,Nitro attacks
CHN,GBR,cyber,2011-Q3,,Espionage,Shady RAT
CHN,GBR,cyber,2005-Q3,,Espionage,Titan Rain
CHN,GBR,cyber,,,Espionage,Targeting of government agencies across Eastern Europe
CHN,GBR,migrazione,2018,1465,,
CHN,GBR,migrazione,2019,1389,,
CHN,GBR,migrazione,2020,1286,,
CHN,GBR,migrazione,2021,1026,,
CHN,GBR,migrazione,2022,928,,
CHN,GBR,migrazione,2023,1050,,
CHN,GBR,migrazione,2024,1081,,
CHN,BLR,cyber,,,Espionage,"Targeting of the United States, Belarus, Canada, Mongolia, and Russia in an espionage operation"
CHN,BLR,cyber,,,Espionage,Targeting of industrial enterprises and public institutions in Central Asia and Eastern Europe
CHN,CAN,cyber,,,Espionage,"Targeting of the United States, Belarus, Canada, Mongolia, and Russia in an espionage operation"
CHN,CAN,cyber,,,Espionage,"Targeting of Uyghur activists, journalists, and dissidents"
CHN,CAN,cyber,,,Espionage,Targeting of over seventy-five organizations
CHN,CAN,cyber,2019-Q1,,Espionage,Targeting of universities’ maritime military secrets
CHN,CAN,cyber,2017-Q2,,Espionage,APT 10
CHN,CAN,cyber,2013-Q1,,Espionage,PLA Unit 61398
CHN,CAN,cyber,2011-Q3,,Espionage,Shady RAT
CHN,CAN,cyber,,,Espionage,Targeting of Amnesty International Canada
CHN,CAN,cyber,2014-Q3,,Espionage,Compromise of Canada’s National Research Council
CHN,CAN,cyber,2012-Q1,,Espionage,Compromise of Nortel
CHN,CAN,migrazione,2018,7192,,
CHN,CAN,migrazione,2019,6060,,
CHN,CAN,migrazione,2020,5916,,
CHN,CAN,migrazione,2021,5925,,
CHN,CAN,migrazione,2022,2154,,
CHN,CAN,migrazione,2023,2349,,
CHN,CAN,migrazione,2024,4958,,
CHN,MNG,cyber,,,Espionage,"Targeting of the United States, Belarus, Canada, Mongolia, and Russia in an espionage operation"
CHN,MNG,cyber,2018-Q3,,Espionage,Targeting of organizations associated with trade activity with China
CHN,MNG,cyber,,,Espionage,Space Pirates
CHN,MNG,cyber,,,,Vicious Panda
CHN,MNG,cyber,,,Espionage,Targeting of the Mongolian government using coronavirus-related lures
CHN,MNG,cyber,,,Espionage,Targeting of nongovernmental organizations and political and law enforcement agencies in East and South Asia
CHN,MNG,cyber,2018-Q2,,Espionage,Compromise of Mongolian government data center
CHN,MNG,migrazione,2022,5,,
CHN,MNG,migrazione,2023,5,,
CHN,MNG,migrazione,2024,5,,
CHN,RUS,cyber,,,Espionage,"Targeting of the United States, Belarus, Canada, Mongolia, and Russia in an espionage operation"
CHN,RUS,cyber,2016-Q4,,Espionage,Compromise of gaming companies
CHN,RUS,cyber,,,Espionage,Space Pirates
CHN,RUS,cyber,,,Espionage,Targeting of industrial enterprises and public institutions in Central Asia and Eastern Europe
CHN,RUS,cyber,,,Espionage,Targeting of Rostec
CHN,RUS,cyber,,,Espionage,Targeting of Russian military officials
CHN,RUS,cyber,,,Espionage,Calypso
CHN,RUS,cyber,,,Espionage,Targeting of Russian government agencies
CHN,RUS,cyber,,,Espionage,Targeting of Russian submarine designer
CHN,RUS,cyber,,,Espionage,"Targeting of entities in India, Kazakhstan, Kyrgyzstan, Malaysia, Russia, and Ukraine"
CHN,RUS,cyber,,,Espionage,"Targeting of Japan, Russia, and South Korean entities"
CHN,RUS,cyber,,,,Tonto Team
CHN,RUS,cyber,,,Espionage,Tick
CHN,RUS,cyber,2014-Q3,,Espionage,DragonOK
CHN,RUS,migrazione,2018,5,,
CHN,RUS,migrazione,2020,19,,
CHN,RUS,migrazione,2021,23,,
CHN,RUS,migrazione,2022,14,,
CHN,RUS,migrazione,2023,5,,
CHN,RUS,migrazione,2024,5,,
CHN,KAZ,cyber,,,Espionage,"Targeting of Uyghur activists, journalists, and dissidents"
CHN,KAZ,cyber,,,Espionage,Targeting of major companies and government organizations in seven countries
CHN,KAZ,cyber,,,Espionage,RedFoxTrot
CHN,KAZ,cyber,,,Espionage,"Targeting of entities in India, Kazakhstan, Kyrgyzstan, Malaysia, Russia, and Ukraine"
CHN,KAZ,cyber,,,Espionage,Targeting of telecommunications operators in countries through which Uighurs are known to travel
CHN,KAZ,migrazione,2020,5,,
CHN,KAZ,migrazione,2021,6,,
CHN,KAZ,migrazione,2022,5,,
CHN,KAZ,migrazione,2023,6,,
CHN,KAZ,migrazione,2024,5,,
CHN,SYR,cyber,,,Espionage,"Targeting of Uyghur activists, journalists, and dissidents"
CHN,DNK,cyber,,,Espionage,Targeting of over seventy-five organizations
CHN,DNK,migrazione,2018,16,,
CHN,DNK,migrazione,2019,19,,
CHN,DNK,migrazione,2020,17,,
CHN,DNK,migrazione,2021,19,,
CHN,DNK,migrazione,2022,17,,
CHN,DNK,migrazione,2023,16,,
CHN,DNK,migrazione,2024,80,,
CHN,FIN,cyber,,,Espionage,Targeting of over seventy-five organizations
CHN,FIN,cyber,2017-Q2,,Espionage,APT 10
CHN,FIN,cyber,2011-Q4,,Espionage,Nitro attacks
CHN,FIN,migrazione,2018,125,,
CHN,FIN,migrazione,2019,179,,
CHN,FIN,migrazione,2020,186,,
CHN,FIN,migrazione,2021,190,,
CHN,FIN,migrazione,2022,175,,
CHN,FIN,migrazione,2023,199,,
CHN,FIN,migrazione,2024,199,,
CHN,FRA,cyber,,,Espionage,Targeting of over seventy-five organizations
CHN,FRA,cyber,,,Espionage,APT 41
CHN,FRA,cyber,2017-Q2,,Espionage,APT 10
CHN,FRA,cyber,2015-Q3,,Espionage,Emissary Panda
CHN,FRA,cyber,2013-Q1,,Espionage,PLA Unit 61398
CHN,FRA,cyber,2012-Q2,,Espionage,SabPub
CHN,FRA,cyber,2011-Q4,,Espionage,Nitro attacks
CHN,FRA,cyber,,,Espionage,Targeting of French corporations using compromised Wi-Fi routers
CHN,FRA,migrazione,2018,5810,,
CHN,FRA,migrazione,2019,6918,,
CHN,FRA,migrazione,2020,8343,,
CHN,FRA,migrazione,2021,10015,,
CHN,FRA,migrazione,2022,11161,,
CHN,FRA,migrazione,2023,12217,,
CHN,FRA,migrazione,2024,14101,,
CHN,ITA,cyber,,,Espionage,Targeting of over seventy-five organizations
CHN,ITA,cyber,,,,Targeting of Vatican City computer networks
CHN,ITA,migrazione,2018,184,,
CHN,ITA,migrazione,2019,241,,
CHN,ITA,migrazione,2020,400,,
CHN,ITA,migrazione,2021,397,,
CHN,ITA,migrazione,2022,462,,
CHN,ITA,migrazione,2023,474,,
CHN,ITA,migrazione,2024,585,,
CHN,MYS,cyber,,,Espionage,Targeting of over seventy-five organizations
CHN,MYS,cyber,2017-Q4,,Espionage,APT 40
CHN,MYS,cyber,2015-Q2,,Espionage,Hellsing
CHN,MYS,cyber,2015-Q2,,Espionage,APT 30
CHN,MYS,cyber,,,Espionage,"Targeting of Australian, Malaysian, and European organizations and organizations operating in and around the South China Sea."
CHN,MYS,cyber,,,Espionage,"Targeting of entities in India, Kazakhstan, Kyrgyzstan, Malaysia, Russia, and Ukraine"
CHN,MYS,cyber,,,Espionage,Targeting of Malaysian government officials
CHN,MYS,cyber,,,Espionage,Targeting of telecommunications operators in countries through which Uighurs are known to travel
CHN,MYS,cyber,2014-Q3,,Espionage,Lotus Blossom
CHN,MYS,migrazione,2018,27,,
CHN,MYS,migrazione,2019,44,,
CHN,MYS,migrazione,2020,44,,
CHN,MYS,migrazione,2021,46,,
CHN,MYS,migrazione,2022,38,,
CHN,MYS,migrazione,2023,20,,
CHN,MYS,migrazione,2024,16,,
CHN,MEX,cyber,,,Espionage,Targeting of over seventy-five organizations
CHN,MEX,migrazione,2018,5,,
CHN,MEX,migrazione,2019,5,,
CHN,MEX,migrazione,2020,5,,
CHN,MEX,migrazione,2021,5,,
CHN,MEX,migrazione,2022,5,,
CHN,POL,cyber,,,Espionage,Targeting of over seventy-five organizations
CHN,POL,migrazione,2018,18,,
CHN,POL,migrazione,2019,21,,
CHN,POL,migrazione,2020,16,,
CHN,POL,migrazione,2021,17,,
CHN,POL,migrazione,2022,32,,
CHN,POL,migrazione,2023,39,,
CHN,POL,migrazione,2024,59,,
CHN,QAT,cyber,,,Espionage,Targeting of over seventy-five organizations
CHN,SAU,cyber,,,Espionage,Targeting of over seventy-five organizations
CHN,SAU,cyber,2015-Q2,,Espionage,APT 30
CHN,SAU,migrazione,2018,14,,
CHN,SAU,migrazione,2019,14,,
CHN,SAU,migrazione,2020,14,,
CHN,SAU,migrazione,2021,14,,
CHN,SAU,migrazione,2022,14,,
CHN,SAU,migrazione,2023,14,,
CHN,SAU,migrazione,2024,14,,
CHN,SGP,cyber,,,Espionage,Targeting of over seventy-five organizations
CHN,SGP,cyber,,,Espionage,APT 41
CHN,SGP,cyber,2015-Q2,,Espionage,APT 30
CHN,SGP,cyber,2013-Q1,,Espionage,PLA Unit 61398
CHN,SGP,cyber,2011-Q4,,Espionage,Nitro attacks
CHN,SGP,cyber,2011-Q3,,Espionage,Shady RAT
CHN,SGP,cyber,2018-Q2,,Espionage,Rancor
CHN,SWE,cyber,,,Espionage,Targeting of over seventy-five organizations
CHN,SWE,cyber,2018-Q4,,Espionage,Compromise of Managed Service Providers and technology companies
CHN,SWE,cyber,2017-Q2,,Espionage,APT 10
CHN,SWE,cyber,2013-Q1,,Espionage,Anchor Panda
CHN,SWE,migrazione,2018,282,,
CHN,SWE,migrazione,2019,285,,
CHN,SWE,migrazione,2020,276,,
CHN,SWE,migrazione,2021,248,,
CHN,SWE,migrazione,2022,183,,
CHN,SWE,migrazione,2023,164,,
CHN,SWE,migrazione,2024,191,,
CHN,CHE,cyber,,,Espionage,Targeting of over seventy-five organizations
CHN,CHE,cyber,2017-Q2,,Espionage,APT 10
CHN,CHE,cyber,2013-Q1,,Espionage,PLA Unit 61398
CHN,CHE,cyber,2011-Q3,,Espionage,Shady RAT
CHN,CHE,migrazione,2018,2957,,
CHN,CHE,migrazione,2019,2825,,
CHN,CHE,migrazione,2020,2665,,
CHN,CHE,migrazione,2021,2443,,
CHN,CHE,migrazione,2022,2253,,
CHN,CHE,migrazione,2023,2093,,
CHN,CHE,migrazione,2024,1921,,
CHN,PHL,cyber,,,Espionage,Targeting of over seventy-five organizations
CHN,PHL,cyber,2017-Q4,,Espionage,APT 40
CHN,PHL,cyber,2015-Q2,,Espionage,Hellsing
CHN,PHL,cyber,,,Espionage,"Targeting East Asian and Southeast Asian health-care, manufacturing, technology, and government organizations"
CHN,PHL,cyber,,,Espionage,Targeting of Asian and Australian governments and government partners
CHN,PHL,cyber,,,Espionage,Targeting of Philippine and Nepalese governments
CHN,PHL,cyber,,,Espionage,"Targeting of civil society groups in Nepal, the Philippines, Taiwan, and Hong Kong"
CHN,PHL,cyber,,,Espionage,Targeting of government bodies in Australia and Southeast Asia
CHN,PHL,cyber,2019-Q2,,Espionage,Chinese intelligence repurposed NSA tools to attack private companies
CHN,PHL,cyber,2016-Q3,,Espionage,Compromise of entities involved in the China-Philippines territorial dispute
CHN,PHL,cyber,2014-Q3,,Espionage,Lotus Blossom
CHN,PHL,migrazione,2018,5,,
CHN,PHL,migrazione,2019,5,,
CHN,PHL,migrazione,2020,5,,
CHN,PHL,migrazione,2021,5,,
CHN,PHL,migrazione,2022,5,,
CHN,PHL,migrazione,2023,6,,
CHN,PHL,migrazione,2024,8,,
CHN,ARE,cyber,,,Espionage,Targeting of over seventy-five organizations
CHN,ARE,cyber,2013-Q1,,Espionage,PLA Unit 61398
CHN,ZAF,cyber,2018-Q4,,Espionage,Compromise of Managed Service Providers and technology companies
CHN,ZAF,cyber,2017-Q2,,Espionage,APT 10
CHN,ZAF,cyber,2013-Q1,,Espionage,PLA Unit 61398
CHN,ZAF,cyber,,,Espionage,Targeting Linux systems in Nepal and South Africa
CHN,BRA,cyber,2018-Q3,,Espionage,Targeting of organizations associated with trade activity with China
CHN,BRA,cyber,2017-Q2,,Espionage,APT 10
CHN,BRA,cyber,,,Espionage,Calypso
CHN,BRA,migrazione,2018,7,,
CHN,BRA,migrazione,2019,9,,
CHN,BRA,migrazione,2020,11,,
CHN,BRA,migrazione,2021,23,,
CHN,BRA,migrazione,2022,24,,
CHN,BRA,migrazione,2023,38,,
CHN,BRA,migrazione,2024,43,,
CHN,KEN,cyber,2018-Q3,,Espionage,Targeting of organizations associated with trade activity with China
CHN,KEN,cyber,,,Espionage,Targeting of Kenyan government
CHN,NZL,cyber,2017-Q2,,Espionage,APT 10
CHN,NZL,migrazione,2018,192,,
CHN,NZL,migrazione,2019,228,,
CHN,NZL,migrazione,2020,238,,
CHN,NZL,migrazione,2021,255,,
CHN,NZL,migrazione,2022,271,,
CHN,NZL,migrazione,2023,296,,
CHN,NZL,migrazione,2024,388,,
CHN,NOR,cyber,2017-Q2,,Espionage,APT 10
CHN,NOR,cyber,2013-Q1,,Espionage,PLA Unit 61398
CHN,NOR,cyber,,,Espionage,Targeting of Norwegian government’s IT network
CHN,NOR,cyber,2019-Q1,,Espionage,Targeting of Visma
CHN,NOR,migrazione,2018,594,,
CHN,NOR,migrazione,2019,565,,
CHN,NOR,migrazione,2020,465,,
CHN,NOR,migrazione,2021,281,,
CHN,NOR,migrazione,2022,288,,
CHN,NOR,migrazione,2023,233,,
CHN,NOR,migrazione,2024,202,,
CHN,THA,cyber,2017-Q2,,Espionage,APT 10
CHN,THA,cyber,2015-Q2,,Espionage,APT 30
CHN,THA,cyber,,,Espionage,"Targeting East Asian and Southeast Asian health-care, manufacturing, technology, and government organizations"
CHN,THA,cyber,,,Espionage,"Targeting of infrastructure projects in Indonesia, Thailand, and Vietnam"
CHN,THA,cyber,,,Espionage,Calypso
CHN,THA,cyber,,,Espionage,Targeting of the Vietnamese and Thai governments and military
CHN,THA,cyber,,,Espionage,Targeting of government bodies in Australia and Southeast Asia
CHN,THA,cyber,,,Espionage,Targeting of telecommunications operators in countries through which Uighurs are known to travel
CHN,THA,cyber,2015-Q4,,Espionage,Targeting of the government of Thailand
CHN,THA,migrazione,2018,186,,
CHN,THA,migrazione,2019,174,,
CHN,THA,migrazione,2020,177,,
CHN,THA,migrazione,2021,181,,
CHN,THA,migrazione,2022,172,,
CHN,THA,migrazione,2023,140,,
CHN,THA,migrazione,2024,128,,
CHN,IDN,cyber,2015-Q2,,Espionage,Hellsing
CHN,IDN,cyber,2015-Q2,,Espionage,APT 30
CHN,IDN,cyber,2011-Q3,,Espionage,Shady RAT
CHN,IDN,cyber,,,Espionage,Aoqin Dragon
CHN,IDN,cyber,,,Espionage,Calypso
CHN,IDN,cyber,,,Espionage,Targeting of Indonesian intelligence agencies
CHN,IDN,cyber,,,Espionage,Targeting of government bodies in Australia and Southeast Asia
CHN,IDN,cyber,,,Espionage,Attacks in East and Southeast Asia
CHN,IDN,cyber,2014-Q3,,Espionage,Lotus Blossom
CHN,IDN,migrazione,2018,12,,
CHN,IDN,migrazione,2019,12,,
CHN,IDN,migrazione,2020,11,,
CHN,IDN,migrazione,2021,11,,
CHN,IDN,migrazione,2022,10,,
CHN,IDN,migrazione,2023,7,,
CHN,IDN,migrazione,2024,7,,
CHN,KHM,cyber,2015-Q2,,Espionage,APT 30
CHN,KHM,cyber,,,Espionage,Targeting of Cambodian government agencies
CHN,KHM,cyber,,,Espionage,Aoqin Dragon
CHN,KHM,cyber,,,Espionage,Targeting of the Cambodian government
CHN,KHM,cyber,2018-Q3,,Espionage,Compromise of Cambodian election organizations
CHN,KHM,cyber,2018-Q2,,Espionage,Rancor
CHN,BEL,cyber,2013-Q1,,Espionage,PLA Unit 61398
CHN,BEL,cyber,,,Espionage,Targeting of the Belgian Federal Public Service Interior as part of espionage campaign
CHN,BEL,cyber,,,Espionage,Targeting of Belgian member of Parliament
CHN,BEL,cyber,,,Espionage,Targeting of the Belgian Federal Public Service Interior by Chinese threat actors
CHN,BEL,cyber,,,Espionage,Targeting of the Belgian Federal Public Service Interior in Chinese espionage campaign
CHN,BEL,cyber,,,Espionage,Targeting of Belgian Defense Ministry
CHN,BEL,cyber,2019-Q2,,Espionage,Chinese intelligence repurposed NSA tools to attack private companies
CHN,BEL,migrazione,2018,1197,,
CHN,BEL,migrazione,2019,1283,,
CHN,BEL,migrazione,2020,1151,,
CHN,BEL,migrazione,2021,1206,,
CHN,BEL,migrazione,2022,1068,,
CHN,BEL,migrazione,2023,1006,,
CHN,BEL,migrazione,2024,831,,
CHN,ISR,cyber,2013-Q1,,Espionage,PLA Unit 61398
CHN,ISR,cyber,,,Espionage,Targeting of Israeli entities
CHN,LUX,cyber,2013-Q1,,Espionage,PLA Unit 61398
CHN,LUX,cyber,2019-Q2,,Espionage,Chinese intelligence repurposed NSA tools to attack private companies
CHN,LUX,migrazione,2018,5,,
CHN,LUX,migrazione,2019,5,,
CHN,LUX,migrazione,2020,7,,
CHN,LUX,migrazione,2021,7,,
CHN,LUX,migrazione,2022,7,,
CHN,LUX,migrazione,2023,7,,
CHN,LUX,migrazione,2024,7,,
CHN,ESP,cyber,2012-Q2,,Espionage,SabPub
CHN,ESP,migrazione,2018,20,,
CHN,ESP,migrazione,2019,20,,
CHN,ESP,migrazione,2020,27,,
CHN,ESP,migrazione,2021,32,,
CHN,ESP,migrazione,2022,109,,
CHN,ESP,migrazione,2023,163,,
CHN,ESP,migrazione,2024,197,,
CHN,ARG,cyber,2011-Q4,,Espionage,Nitro attacks
CHN,BGD,cyber,2011-Q4,,Espionage,Nitro attacks
CHN,CZE,cyber,2011-Q4,,Espionage,Nitro attacks
CHN,CZE,cyber,,,Espionage,Targeting of government agencies across Eastern Europe
CHN,CZE,cyber,,,Espionage,Targeting of Avast
CHN,CZE,migrazione,2018,20,,
CHN,CZE,migrazione,2019,30,,
CHN,CZE,migrazione,2020,22,,
CHN,CZE,migrazione,2021,62,,
CHN,CZE,migrazione,2022,64,,
CHN,CZE,migrazione,2023,82,,
CHN,CZE,migrazione,2024,85,,
CHN,NLD,cyber,2011-Q4,,Espionage,Nitro attacks
CHN,NLD,cyber,,,Espionage,Targeting of Dutch chipmaker NXP
CHN,NLD,migrazione,2018,1106,,
CHN,NLD,migrazione,2019,1004,,
CHN,NLD,migrazione,2020,879,,
CHN,NLD,migrazione,2021,770,,
CHN,NLD,migrazione,2022,915,,
CHN,NLD,migrazione,2023,993,,
CHN,NLD,migrazione,2024,910,,
CHN,BRB,cyber,,,,Sharp Panda
CHN,GUY,cyber,,,Espionage,Targeting of government agency in Guyana
CHN,HUN,cyber,,,Espionage,Targeting of government agencies across Eastern Europe
CHN,HUN,migrazione,2018,5,,
CHN,HUN,migrazione,2019,5,,
CHN,HUN,migrazione,2020,5,,
CHN,HUN,migrazione,2021,5,,
CHN,HUN,migrazione,2022,15,,
CHN,HUN,migrazione,2023,16,,
CHN,HUN,migrazione,2024,18,,
CHN,SVK,cyber,,,Espionage,Targeting of government agencies across Eastern Europe
CHN,SVK,migrazione,2018,5,,
CHN,SVK,migrazione,2019,5,,
CHN,SVK,migrazione,2020,5,,
CHN,SVK,migrazione,2021,5,,
CHN,SVK,migrazione,2022,15,,
CHN,SVK,migrazione,2023,15,,
CHN,SVK,migrazione,2024,15,,
CHN,UKR,cyber,,,Espionage,Targeting of government agencies across Eastern Europe
CHN,UKR,cyber,,,Espionage,Targeting of industrial enterprises and public institutions in Central Asia and Eastern Europe
CHN,UKR,cyber,,,Espionage,Targeting of Ukrainian government officials
CHN,UKR,cyber,,,Espionage,"Targeting of entities in India, Kazakhstan, Kyrgyzstan, Malaysia, Russia, and Ukraine"
CHN,FJI,cyber,,,Espionage,"Targeting East Asian and Southeast Asian health-care, manufacturing, technology, and government organizations"
CHN,NPL,cyber,,,Espionage,Targeting Linux systems in Nepal and South Africa
CHN,NPL,cyber,,,Espionage,Targeting of Philippine and Nepalese governments
CHN,NPL,cyber,,,Espionage,"Targeting of civil society groups in Nepal, the Philippines, Taiwan, and Hong Kong"
CHN,IRN,cyber,,,Espionage,Targeting of the Iranian government
CHN,LKA,cyber,,,Espionage,Targeting of Sri Lankan government
CHN,GEO,cyber,,,Espionage,Space Pirates
CHN,AFG,cyber,,,Espionage,Targeting of military and public institutions in Afghanistan and several east European countries
CHN,AFG,cyber,,,Espionage,Calypso
CHN,AFG,cyber,,,Espionage,Targeting of Afghan telecommunication firm Roshan
CHN,AFG,cyber,,,Espionage,Targeting of the Afghan National Security Council
CHN,AFG,cyber,,,Espionage,IndigoZebra
CHN,AFG,cyber,,,Espionage,Targeting of major companies and government organizations in seven countries
CHN,AFG,cyber,,,Espionage,RedFoxTrot
CHN,LAO,cyber,,,Espionage,Aoqin Dragon
CHN,PLW,cyber,,,Espionage,Targeting of Palauans via an Australian telecommunications company
CHN,KGZ,cyber,,,Espionage,IndigoZebra
CHN,KGZ,cyber,,,Espionage,Targeting of major companies and government organizations in seven countries
CHN,KGZ,cyber,,,Espionage,RedFoxTrot
CHN,UZB,cyber,,,Espionage,IndigoZebra
CHN,UZB,cyber,,,Espionage,Targeting of major companies and government organizations in seven countries
CHN,UZB,cyber,,,Espionage,RedFoxTrot
CHN,PAK,cyber,,,Espionage,Targeting of major companies and government organizations in seven countries
CHN,PAK,cyber,,,Espionage,RedFoxTrot
CHN,PAK,cyber,,,Espionage,Targeting of Uyghurs in China and Pakistan
CHN,PAK,migrazione,2019,5,,
CHN,PAK,migrazione,2020,5,,
CHN,TJK,cyber,,,Espionage,Targeting of major companies and government organizations in seven countries
CHN,TJK,cyber,,,Espionage,RedFoxTrot
CHN,BRN,cyber,,,Espionage,Targeting of government bodies in Australia and Southeast Asia
CHN,ALB,migrazione,2018,12,,
CHN,ALB,migrazione,2019,12,,
CHN,ALB,migrazione,2020,14,,
CHN,ALB,migrazione,2021,14,,
CHN,ALB,migrazione,2022,14,,
CHN,ALB,migrazione,2023,14,,
CHN,ALB,migrazione,2024,14,,
CHN,AUT,migrazione,2018,610,,
CHN,AUT,migrazione,2019,651,,
CHN,AUT,migrazione,2020,660,,
CHN,AUT,migrazione,2021,642,,
CHN,AUT,migrazione,2022,677,,
CHN,AUT,migrazione,2023,572,,
CHN,AUT,migrazione,2024,664,,
CHN,CYP,migrazione,2018,5,,
CHN,CYP,migrazione,2019,5,,
CHN,CYP,migrazione,2020,5,,
CHN,CYP,migrazione,2021,5,,
CHN,CYP,migrazione,2022,5,,
CHN,CYP,migrazione,2023,5,,
CHN,CYP,migrazione,2024,5,,
CHN,ECU,migrazione,2018,12,,
CHN,ECU,migrazione,2019,12,,
CHN,ECU,migrazione,2020,12,,
CHN,ECU,migrazione,2021,12,,
CHN,ECU,migrazione,2022,12,,
CHN,ECU,migrazione,2023,12,,
CHN,ISL,migrazione,2018,5,,
CHN,ISL,migrazione,2020,5,,
CHN,ISL,migrazione,2021,5,,
CHN,ISL,migrazione,2022,5,,
CHN,ISL,migrazione,2023,6,,
CHN,IRL,migrazione,2018,54,,
CHN,IRL,migrazione,2019,63,,
CHN,IRL,migrazione,2020,68,,
CHN,IRL,migrazione,2021,71,,
CHN,IRL,migrazione,2022,63,,
CHN,IRL,migrazione,2023,66,,
CHN,IRL,migrazione,2024,64,,
CHN,LIE,migrazione,2018,28,,
CHN,LIE,migrazione,2019,27,,
CHN,LIE,migrazione,2020,35,,
CHN,LIE,migrazione,2021,35,,
CHN,LIE,migrazione,2022,33,,
CHN,LIE,migrazione,2024,25,,
CHN,MLT,migrazione,2018,17,,
CHN,MLT,migrazione,2019,17,,
CHN,MLT,migrazione,2020,17,,
CHN,MLT,migrazione,2021,17,,
CHN,MLT,migrazione,2022,17,,
CHN,MLT,migrazione,2023,17,,
CHN,MLT,migrazione,2024,6,,
CHN,MRT,migrazione,2019,5,,
CHN,MRT,migrazione,2020,5,,
CHN,MRT,migrazione,2021,5,,
CHN,MRT,migrazione,2022,5,,
CHN,MRT,migrazione,2023,5,,
CHN,MRT,migrazione,2024,5,,
CHN,ROU,migrazione,2020,5,,
CHN,ROU,migrazione,2021,5,,
CHN,ROU,migrazione,2022,39,,
CHN,ROU,migrazione,2023,36,,
CHN,ROU,migrazione,2024,39,,
CHN,PRT,migrazione,2021,6,,
CHN,PRT,migrazione,2022,65,,
CHN,PRT,migrazione,2023,56,,
CHN,PRT,migrazione,2024,57,,
CHN,MDA,migrazione,2022,78,,
CHN,SRB,migrazione,2022,5,,
CHN,MAR,migrazione,2023,5,,
CHN,MAR,migrazione,2024,5,,
CHN,EGY,migrazione,2024,11,,
CHN,GTM,migrazione,2024,5,,
CHN,VEN,coinvolgimento_militare,2019-Q3,1,,
PRK,FRA,cyber,,,,Kimusky
PRK,FRA,cyber,,,Espionage,Zinc
PRK,FRA,cyber,,,Espionage,Cerium
PRK,FRA,cyber,,,,Autumn Aperture—use of malicious websites to target foreign ministries and other entities
PRK,FRA,cyber,2018-Q2,,Espionage,Operation GhostSecret
PRK,FRA,cyber,2017-Q2,,Data destruction,WannaCry
PRK,SVK,cyber,,,,Kimusky
PRK,SVK,cyber,,,,Autumn Aperture—use of malicious websites to target foreign ministries and other entities
PRK,GBR,cyber,,,,Kimusky
PRK,GBR,cyber,2018-Q2,,Espionage,Operation GhostSecret
PRK,GBR,cyber,2017-Q2,,Data destruction,WannaCry
PRK,GBR,cyber,2018-Q3,,Espionage,Targeting of Mammoth Screen
PRK,GBR,migrazione,2018,81,,
PRK,GBR,migrazione,2019,78,,
PRK,GBR,migrazione,2020,72,,
PRK,GBR,migrazione,2021,51,,
PRK,GBR,migrazione,2022,35,,
PRK,GBR,migrazione,2023,24,,
PRK,GBR,migrazione,2024,15,,
PRK,USA,cyber,,,,Kimusky
PRK,USA,cyber,,,Espionage,Targeting of American defense industry
PRK,USA,cyber,,,Espionage,"Targeting of Google Chrome users in the United States, South Korea, and Europe, particularly those involved in research into North Korean affairs"
PRK,USA,cyber,,,Financial Theft,Targeting of blockchain engineers at a cryptocurrency exchange
PRK,USA,cyber,,,Financial Theft,Targeting of Stake virtual currency service
PRK,USA,cyber,,,Espionage,Targeting of GitHub users with an interest in cryptocurrency
PRK,USA,cyber,,,Financial Theft,Targeting of IT company as part of a supply-chain attack
PRK,USA,cyber,,,Financial Theft,Targeting of Atomic Wallet cryptocurrency users
PRK,USA,cyber,,,Espionage,Targeting of Mac users at financial institutions
PRK,USA,cyber,,,Espionage,Targeting of experts in North Korea policy issues
PRK,USA,cyber,,,Espionage,Targeting of 3CXDesktopApp customers and crypto firms
PRK,USA,cyber,,,Financial Theft,Targeting of Harmony cryptocurrency bridge
PRK,USA,cyber,,,Financial Theft,Targeting of various industries with Maui ransomware
PRK,USA,cyber,,,Financial Theft,Targeting of specialized engineering companies
PRK,USA,cyber,,,Financial Theft,Targeting of cryptocurrency company employees
PRK,USA,cyber,,,Financial Theft,Targeting of Axie Infinity’s Ronin Network
PRK,USA,cyber,,,Espionage,Targeting of American news media and IT companies
PRK,USA,cyber,,,Financial Theft,Targeting of cryptocurrency start-ups
PRK,USA,cyber,,,Espionage,Targeting of prospective engineers and programmers
PRK,USA,cyber,,,Espionage,Targeting of Pfizer vaccine data
PRK,USA,cyber,,,Espionage,Zinc
PRK,USA,cyber,,,Espionage,Cerium
PRK,USA,cyber,2018-Q3,,Espionage,Targeting of U.S. defense contractors
PRK,USA,cyber,,,Espionage,Spear-phishing campaign against unnamed U.S. government agency
PRK,USA,cyber,,,,Autumn Aperture—malware embedded in antiquated file types
PRK,USA,cyber,,,,Autumn Aperture—use of malicious websites to target foreign ministries and other entities
PRK,USA,cyber,2018-Q4,,Financial Theft,Global bank attacks
PRK,USA,cyber,2018-Q3,,Espionage,Targeting of AMC Theatres
PRK,USA,cyber,2018-Q3,,Espionage,Targeting of U.S. defense contractors
PRK,USA,cyber,2018-Q2,,Espionage,Operation GhostSecret
PRK,USA,cyber,2017-Q4,,Espionage,Targeting of U.S. electric companies
PRK,USA,cyber,2017-Q2,,Data destruction,WannaCry
PRK,USA,cyber,2016-Q1,,Espionage,Lazarus Group
PRK,USA,cyber,2014-Q4,,Doxing,Compromise of Sony Pictures Entertainment
PRK,USA,cyber,2011-Q2,,Denial of service,Denial of service incident against South Korean and U.S. targets
PRK,USA,migrazione,2018,8,,
PRK,USA,migrazione,2019,6,,
PRK,USA,migrazione,2020,6,,
PRK,USA,migrazione,2021,6,,
PRK,USA,migrazione,2022,7,,
PRK,USA,migrazione,2023,7,,
PRK,USA,migrazione,2024,7,,
PRK,KOR,cyber,,,Espionage,"Targeting of Google Chrome users in the United States, South Korea, and Europe, particularly those involved in research into North Korean affairs"
PRK,KOR,cyber,,,Espionage,Targeting of experts in North Korea policy issues
PRK,KOR,cyber,,,Financial Theft,Targeting of cryptocurrency company employees
PRK,KOR,cyber,,,Espionage,Zinc
PRK,KOR,cyber,,,Espionage,Cerium
PRK,KOR,cyber,2016-Q1,,Espionage,Lazarus Group
PRK,KOR,cyber,2011-Q2,,Denial of service,Denial of service incident against South Korean and U.S. targets
PRK,KOR,cyber,,,Espionage,Targeting of South Korean individuals and organizations with fake Itaewon disaster documents
PRK,KOR,cyber,,,Espionage,Targeting of South Korean defense industry
PRK,KOR,cyber,,,Espionage,Targeting of South Korean research institutes
PRK,KOR,cyber,,,Espionage,Targeting of customers of a South Korean asset management program
PRK,KOR,cyber,,,Espionage,Targeting of South Korean defense industry and an electronics manufacturer
PRK,KOR,cyber,,,Espionage,Targeting of users of Naver
PRK,KOR,cyber,,,Espionage,"Targeting of South Korean professors, dissidents, and human rights advocates"
PRK,KOR,cyber,,,Espionage,Targeting of analysts of North Korean affairs
PRK,KOR,cyber,,,Espionage,Targeting of South Korean hospital network
PRK,KOR,cyber,,,Espionage,Targeting of South Korean institutions
PRK,KOR,cyber,,,Espionage,Targeting of human rights groups and activists related to human rights advocacy in North Korea
PRK,KOR,cyber,,,Espionage,Targeting of users of Kakao
PRK,KOR,cyber,,,Espionage,"Targeting of South Korean diplomats, professors, and researchers"
PRK,KOR,cyber,,,Espionage,Targeting of South Korea with multiple spear-phishing campaigns
PRK,KOR,cyber,,,Espionage,Targeting of journalists reporting on North Korea
PRK,KOR,cyber,,,Espionage,Targeting of South Korean chemical sector organizations
PRK,KOR,cyber,,,Espionage,Targeting of the International Atomic Energy Agency and South Korean defense contractor
PRK,KOR,cyber,,,Espionage,Targeting of South Korean company recruiters
PRK,KOR,cyber,,,Espionage,Targeting of South Korean think tank
PRK,KOR,cyber,,,Espionage,Targeting of South Korean nuclear research center
PRK,KOR,cyber,,,Espionage,Targeting of South Korean companies with ransomware
PRK,KOR,cyber,,,Espionage,Targeting of South Korean government
PRK,KOR,cyber,,,Espionage,Targeting of South Korean supply chains using stolen security certificates
PRK,KOR,cyber,,,Financial Theft,Targeting of automated teller machines worldwide
PRK,KOR,cyber,,,Espionage,Targeting of South Korean macOS users
PRK,KOR,cyber,2018-Q4,,Doxing,Compromise of South Korean resettlement agency
PRK,KOR,cyber,2018-Q2,,Espionage,Targeting of North Korean defectors and journalists
PRK,KOR,cyber,2018-Q1,,,APT 37
PRK,KOR,cyber,2017-Q3,,Financial Theft,Compromise of cryptocurrency exchanges in South Korea
PRK,KOR,cyber,2016-Q3,,Espionage,"Compromise of computer networks associated with diplomats, journalists, and others in South Korea"
PRK,KOR,cyber,2015-Q4,,Espionage,Compromise of South Korean government computers (2015)
PRK,KOR,cyber,2015-Q4,,Espionage,Compromise of the Seoul subway system
PRK,KOR,cyber,2013-Q2,,Denial of service,Unresponsive computer networks in South Korea
PRK,KOR,coinvolgimento_militare,2022-Q4,2,,
PRK,KOR,coinvolgimento_militare,2024-Q3,17,,
PRK,KOR,coinvolgimento_militare,2024-Q4,11,,
PRK,KOR,coinvolgimento_militare,2024-Q2,7,,
PRK,KOR,coinvolgimento_militare,2019-Q3,1,,
PRK,KOR,coinvolgimento_militare,2020-Q2,1,,
PRK,JPN,cyber,,,Financial Theft,Targeting of cryptocurrency company employees
PRK,JPN,cyber,2018-Q2,,Espionage,Operation GhostSecret
PRK,JPN,cyber,2017-Q2,,Data destruction,WannaCry
PRK,JPN,cyber,,,Espionage,Targeting of cryptocurrency exchanges in DangerousPassword campaign
PRK,JPN,cyber,,,Financial Theft,Targeting of Japanese crypto-asset businesses
PRK,JPN,cyber,,,Financial Theft,Targeting of automated teller machines worldwide
PRK,JPN,cyber,2018-Q1,,,APT 37
PRK,CAN,cyber,,,Espionage,Zinc
PRK,CAN,cyber,,,Espionage,Cerium
PRK,CAN,cyber,2018-Q2,,Espionage,Operation GhostSecret
PRK,CAN,migrazione,2018,478,,
PRK,CAN,migrazione,2019,412,,
PRK,CAN,migrazione,2020,370,,
PRK,CAN,migrazione,2021,255,,
PRK,CAN,migrazione,2022,33,,
PRK,CAN,migrazione,2023,26,,
PRK,CAN,migrazione,2024,88,,
PRK,IND,cyber,,,Espionage,Zinc
PRK,IND,cyber,,,Espionage,Cerium
PRK,IND,cyber,2018-Q2,,Espionage,Operation GhostSecret
PRK,IND,cyber,,,Espionage,Targeting of manufacturing and real-estate sectors in India and telecommunications companies in Bulgaria and Pakistan
PRK,IND,cyber,,,Espionage,Targeting of an Indian medical research organization and technology and energy sectors
PRK,IND,cyber,,,Financial Theft,Targeting of automated teller machines worldwide
PRK,IND,cyber,,,Espionage,Compromise of Indian nuclear power plant
PRK,IND,cyber,,,Espionage,Targeting of Indian space agency
PRK,CHN,cyber,,,,Autumn Aperture—use of malicious websites to target foreign ministries and other entities
PRK,CHN,cyber,2018-Q2,,Espionage,Operation GhostSecret
PRK,CHN,cyber,2017-Q2,,Data destruction,WannaCry
PRK,CHN,cyber,,,Espionage,Targeting of Chinese cybersecurity researchers.
PRK,ZAF,cyber,,,,Autumn Aperture—use of malicious websites to target foreign ministries and other entities
PRK,ZAF,cyber,,,Espionage,Targeting of South African freight companies
PRK,ZAF,cyber,,,Financial Theft,Targeting of automated teller machines worldwide
PRK,BGD,cyber,2018-Q4,,Financial Theft,Global bank attacks
PRK,BGD,cyber,2018-Q2,,Espionage,Operation GhostSecret
PRK,BGD,cyber,2016-Q1,,Espionage,Lazarus Group
PRK,BGD,cyber,,,Financial Theft,Targeting of automated teller machines worldwide
PRK,BGD,cyber,2016-Q2,,Financial Theft,SWIFT-related bank heists
PRK,BRA,cyber,2018-Q4,,Financial Theft,Global bank attacks
PRK,BRA,cyber,2018-Q2,,Espionage,Operation GhostSecret
PRK,BRA,cyber,,,Financial Theft,Targeting of automated teller machines worldwide
PRK,CHL,cyber,2018-Q4,,Financial Theft,Global bank attacks
PRK,CHL,cyber,,,Financial Theft,Targeting of automated teller machines worldwide
PRK,MYS,cyber,2018-Q4,,Financial Theft,Global bank attacks
PRK,MYS,cyber,,,Financial Theft,Targeting of automated teller machines worldwide
PRK,MEX,cyber,2018-Q4,,Financial Theft,Global bank attacks
PRK,MEX,cyber,,,Financial Theft,Targeting of automated teller machines worldwide
PRK,POL,cyber,2018-Q4,,Financial Theft,Global bank attacks
PRK,POL,cyber,,,Espionage,Targeting of European Union (EU) member states
PRK,POL,cyber,2016-Q2,,Financial Theft,SWIFT-related bank heists
PRK,RUS,cyber,2018-Q4,,Financial Theft,Global bank attacks
PRK,RUS,cyber,2017-Q2,,Data destruction,WannaCry
PRK,RUS,cyber,,,Espionage,Targeting of Russian missile design firm
PRK,RUS,cyber,,,Espionage,Targeting of Russian diplomats in Asia
PRK,RUS,cyber,,,Espionage,Targeting of Russian aerospace and defense companies
PRK,RUS,migrazione,2018,57,,
PRK,RUS,migrazione,2019,50,,
PRK,RUS,migrazione,2020,53,,
PRK,RUS,migrazione,2021,43,,
PRK,RUS,migrazione,2022,37,,
PRK,RUS,migrazione,2023,28,,
PRK,RUS,coinvolgimento_militare,2024-Q4,4,,
PRK,TWN,cyber,2018-Q4,,Financial Theft,Global bank attacks
PRK,TWN,cyber,,,,Targeting of CyberLink customers in supply-chain attack
PRK,TWN,cyber,,,Espionage,Targeting of Danish critical infrastructure companies
PRK,TWN,cyber,,,Financial Theft,Targeting of automated teller machines worldwide
PRK,TWN,cyber,2017-Q4,,Financial Theft,Compromise of Far Eastern International Bank
PRK,PHL,cyber,2018-Q4,,Financial Theft,Global bank attacks
PRK,PHL,cyber,,,Financial Theft,Targeting of automated teller machines worldwide
PRK,TUR,cyber,2018-Q4,,Financial Theft,Global bank attacks
PRK,TUR,cyber,,,Financial Theft,Targeting of automated teller machines worldwide
PRK,URY,cyber,2018-Q4,,Financial Theft,Global bank attacks
PRK,URY,cyber,,,Financial Theft,Targeting of automated teller machines worldwide
PRK,VNM,cyber,2018-Q4,,Financial Theft,Global bank attacks
PRK,VNM,cyber,,,Financial Theft,Targeting of automated teller machines worldwide
PRK,VNM,cyber,2018-Q1,,,APT 37
PRK,VNM,cyber,2016-Q2,,Financial Theft,SWIFT-related bank heists
PRK,AUS,cyber,2018-Q2,,Espionage,Operation GhostSecret
PRK,AUS,migrazione,2018,19,,
PRK,AUS,migrazione,2019,18,,
PRK,AUS,migrazione,2020,7,,
PRK,DEU,cyber,2018-Q2,,Espionage,Operation GhostSecret
PRK,DEU,cyber,2017-Q2,,Data destruction,WannaCry
PRK,DEU,migrazione,2018,34,,
PRK,DEU,migrazione,2019,85,,
PRK,DEU,migrazione,2020,85,,
PRK,DEU,migrazione,2021,89,,
PRK,DEU,migrazione,2022,91,,
PRK,DEU,migrazione,2023,89,,
PRK,DEU,migrazione,2024,93,,
PRK,GTM,cyber,2018-Q2,,Espionage,Operation GhostSecret
PRK,HKG,cyber,2018-Q2,,Espionage,Operation GhostSecret
PRK,HKG,cyber,,,Financial Theft,Targeting of Mixin cryptocurrency network
PRK,THA,cyber,2018-Q2,,Espionage,Operation GhostSecret
PRK,ESP,cyber,2017-Q2,,Data destruction,WannaCry
PRK,ESP,cyber,,,Financial Theft,Targeting of automated teller machines worldwide
PRK,ISR,cyber,2016-Q1,,Espionage,Lazarus Group
PRK,ISR,cyber,,,Espionage,Targeting of defense companies in Israel and the Middle East
PRK,ISR,migrazione,2018,5,,
PRK,ISR,migrazione,2019,5,,
PRK,ISR,migrazione,2020,5,,
PRK,ISR,migrazione,2021,5,,
PRK,ISR,migrazione,2022,5,,
PRK,ISR,migrazione,2023,5,,
PRK,ISR,migrazione,2024,5,,
PRK,BGR,cyber,,,Espionage,Targeting of manufacturing and real-estate sectors in India and telecommunications companies in Bulgaria and Pakistan
PRK,BGR,cyber,,,Financial Theft,Targeting of automated teller machines worldwide
PRK,PAK,cyber,,,Espionage,Targeting of manufacturing and real-estate sectors in India and telecommunications companies in Bulgaria and Pakistan
PRK,PAK,cyber,,,Financial Theft,Targeting of automated teller machines worldwide
PRK,CZE,cyber,,,Espionage,Targeting of European Union (EU) member states
PRK,AUT,cyber,,,Espionage,Targeting of the International Atomic Energy Agency and South Korean defense contractor
PRK,IDN,cyber,,,Espionage,Targeting of Russian diplomats in Asia
PRK,IDN,cyber,,,Financial Theft,Targeting of automated teller machines worldwide
PRK,LVA,cyber,,,Espionage,Targeting of South Korean think tank
PRK,ARG,cyber,,,Financial Theft,Targeting of automated teller machines worldwide
PRK,BIH,cyber,,,Financial Theft,Targeting of automated teller machines worldwide
PRK,CRI,cyber,,,Financial Theft,Targeting of automated teller machines worldwide
PRK,ECU,cyber,,,Financial Theft,Targeting of automated teller machines worldwide
PRK,ECU,cyber,2016-Q2,,Financial Theft,SWIFT-related bank heists
PRK,GHA,cyber,,,Financial Theft,Targeting of automated teller machines worldwide
PRK,JOR,cyber,,,Financial Theft,Targeting of automated teller machines worldwide
PRK,KEN,cyber,,,Financial Theft,Targeting of automated teller machines worldwide
PRK,KWT,cyber,,,Financial Theft,Targeting of automated teller machines worldwide
PRK,MLT,cyber,,,Financial Theft,Targeting of automated teller machines worldwide
PRK,MOZ,cyber,,,Financial Theft,Targeting of automated teller machines worldwide
PRK,NPL,cyber,,,Financial Theft,Targeting of automated teller machines worldwide
PRK,NIC,cyber,,,Financial Theft,Targeting of automated teller machines worldwide
PRK,NGA,cyber,,,Financial Theft,Targeting of automated teller machines worldwide
PRK,PAN,cyber,,,Financial Theft,Targeting of automated teller machines worldwide
PRK,PER,cyber,,,Financial Theft,Targeting of automated teller machines worldwide
PRK,SGP,cyber,,,Financial Theft,Targeting of automated teller machines worldwide
PRK,TZA,cyber,,,Financial Theft,Targeting of automated teller machines worldwide
PRK,TZA,cyber,,,Financial Theft,Targeting of automated teller machines worldwide
PRK,TGO,cyber,,,Financial Theft,Targeting of automated teller machines worldwide
PRK,UGA,cyber,,,Financial Theft,Targeting of automated teller machines worldwide
PRK,ZMB,cyber,,,Financial Theft,Targeting of automated teller machines worldwide
PRK,BEL,migrazione,2018,36,,
PRK,BEL,migrazione,2019,34,,
PRK,BEL,migrazione,2020,32,,
PRK,BEL,migrazione,2021,32,,
PRK,BEL,migrazione,2022,28,,
PRK,BEL,migrazione,2023,18,,
PRK,BEL,migrazione,2024,16,,
PRK,DNK,migrazione,2018,9,,
PRK,DNK,migrazione,2019,8,,
PRK,DNK,migrazione,2020,6,,
PRK,DNK,migrazione,2024,8,,
PRK,IRL,migrazione,2018,7,,
PRK,IRL,migrazione,2019,7,,
PRK,IRL,migrazione,2020,7,,
PRK,IRL,migrazione,2021,9,,
PRK,IRL,migrazione,2022,8,,
PRK,IRL,migrazione,2023,11,,
PRK,IRL,migrazione,2024,9,,
PRK,LUX,migrazione,2018,12,,
PRK,LUX,migrazione,2019,11,,
PRK,LUX,migrazione,2020,11,,
PRK,LUX,migrazione,2021,11,,
PRK,LUX,migrazione,2022,11,,
PRK,LUX,migrazione,2023,11,,
PRK,LUX,migrazione,2024,8,,
PRK,NLD,migrazione,2018,46,,
PRK,NLD,migrazione,2019,39,,
PRK,NLD,migrazione,2020,35,,
PRK,NLD,migrazione,2021,27,,
PRK,NLD,migrazione,2022,12,,
PRK,NLD,migrazione,2023,20,,
PRK,NLD,migrazione,2024,24,,
PRK,SWE,migrazione,2018,5,,
PRK,SWE,migrazione,2019,5,,
PRK,SWE,migrazione,2024,10,,
IRN,USA,cyber,,,Espionage,"Targeting of U.S. Departments of Treasury and State, defense contractors, and two New York–based companies"
IRN,USA,cyber,,,Espionage,Targeting of nuclear security experts in phishing campaign
IRN,USA,cyber,,,Financial Theft,Targeting of PaperCut MF and NG print management servers by an Islamic Revolutionary Guard Corps–affiliated actor
IRN,USA,cyber,,,Financial Theft,Targeting of PaperCut MF and NG print management servers by a Ministry of Intelligence and Security–affiliated actor
IRN,USA,cyber,,,Espionage,Targeting of U.S. critical infrastructure and civil-society groups
IRN,USA,cyber,,,Espionage,Targeting of U.S. federal agency
IRN,USA,cyber,,,Espionage,Targeting of medical professionals
IRN,USA,cyber,,,Espionage,APT 42
IRN,USA,cyber,,,Financial Theft,Targeting of organizations in an Iranian ransomware campaign
IRN,USA,cyber,,,Financial Theft,Targeting of Boston Children’s Hospital
IRN,USA,cyber,,,Espionage,Emennet Pasargad
IRN,USA,cyber,,,Espionage,Targeting of U.S. newspaper chain
IRN,USA,cyber,,,Financial Theft,Targeting of U.S. and Australian critical infrastructure
IRN,USA,cyber,,,,"Targeting of major aerospace companies in the United States, Russia, Europe, and the Middle East"
IRN,USA,cyber,,,Espionage,Targeting of U.S. defense industry using Facebook
IRN,USA,cyber,,,Espionage,Targeting of U.S. and Israeli medical researchers
IRN,USA,cyber,,,,"Targeting of U.S. information technology, government, health-care, finance, and media industries"
IRN,USA,cyber,,,Espionage,Targeting of the Donald J. Trump presidential campaign
IRN,USA,cyber,,,Espionage,Targeting of U.S. companies and government agencies
IRN,USA,cyber,,,Espionage,"Targeting of companies in the United States, Israel, Saudi Arabia, and elsewhere"
IRN,USA,cyber,,,Espionage,Fox Kitten
IRN,USA,cyber,,,Espionage,Targeting of U.S. government employees
IRN,USA,cyber,,,Espionage,Impersonation of journalists to compromise public figures
IRN,USA,cyber,,,Espionage,Targeting of U.S. grid
IRN,USA,cyber,,,Espionage,Targeting of U.S. government and private entities and other victims
IRN,USA,cyber,,,Espionage,Targeting of a U.S. presidential campaign
IRN,USA,cyber,,,Espionage,"Attack on U.S. presidential campaign government officials, journalists, and prominent expatriate Iranians"
IRN,USA,cyber,,,Espionage,"Targeting of over sixty universities in multiple countries, including the United States and United Kingdom"
IRN,USA,cyber,2019-Q2,,Data destruction,Attacks on private U.S. companies
IRN,USA,cyber,2019-Q1,,Espionage,Global hijacking of domain name system (DNS)
IRN,USA,cyber,2018-Q3,,Espionage,Cobalt Dickens
IRN,USA,cyber,2018-Q1,,Espionage,Indictment of officials from the Mabna Institute
IRN,USA,cyber,,,Espionage,APT 35
IRN,USA,cyber,2017-Q4,,Espionage,MuddyWater
IRN,USA,cyber,2017-Q3,,Espionage,APT 33
IRN,USA,cyber,2017-Q3,,Espionage,CopyKittens
IRN,USA,cyber,2016-Q1,,Espionage,OilRig
IRN,USA,cyber,2015-Q4,,Espionage,Compromise of social media accounts of State Department officials
IRN,USA,cyber,2014-Q4,,Data destruction,Compromise of the Sands Casino
IRN,USA,cyber,2014-Q4,,Espionage,Operation Cleaver
IRN,USA,cyber,,,Espionage,Charming Kitten
IRN,USA,cyber,2014-Q2,,Espionage,Saffron Rose
IRN,USA,cyber,2013-Q3,,Espionage,Compromise of unclassified U.S. Navy network
IRN,USA,cyber,2012-Q3,,Denial of service,Denial of service attacks against U.S. banks in 2012–2013
IRN,USA,cyber,2012-Q3,,Espionage,Madi
IRN,USA,migrazione,2018,5648,,
IRN,USA,migrazione,2019,5824,,
IRN,USA,migrazione,2020,5582,,
IRN,USA,migrazione,2021,5331,,
IRN,USA,migrazione,2022,5275,,
IRN,USA,migrazione,2023,5396,,
IRN,USA,migrazione,2024,5347,,
IRN,FRA,cyber,,,Espionage,Targeting of nuclear security experts in phishing campaign
IRN,FRA,cyber,2014-Q4,,Espionage,Operation Cleaver
IRN,FRA,migrazione,2018,2757,,
IRN,FRA,migrazione,2019,2970,,
IRN,FRA,migrazione,2020,3122,,
IRN,FRA,migrazione,2021,3967,,
IRN,FRA,migrazione,2022,4185,,
IRN,FRA,migrazione,2023,4637,,
IRN,FRA,migrazione,2024,5062,,
IRN,DEU,cyber,,,Espionage,Targeting of nuclear security experts in phishing campaign
IRN,DEU,cyber,,,Espionage,Impersonation of journalists to compromise public figures
IRN,DEU,cyber,2018-Q1,,Espionage,Indictment of officials from the Mabna Institute
IRN,DEU,cyber,2017-Q3,,Espionage,CopyKittens
IRN,DEU,cyber,2014-Q4,,Espionage,Operation Cleaver
IRN,DEU,cyber,,,Espionage,Targeting of Dutch data center
IRN,DEU,migrazione,2018,41150,,
IRN,DEU,migrazione,2019,43244,,
IRN,DEU,migrazione,2020,44965,,
IRN,DEU,migrazione,2021,46223,,
IRN,DEU,migrazione,2022,25452,,
IRN,DEU,migrazione,2023,48224,,
IRN,DEU,migrazione,2024,47068,,
IRN,GBR,cyber,,,Espionage,Targeting of nuclear security experts in phishing campaign
IRN,GBR,cyber,,,Espionage,APT 42
IRN,GBR,cyber,,,Espionage,Targeting of U.S. defense industry using Facebook
IRN,GBR,cyber,,,Espionage,Impersonation of journalists to compromise public figures
IRN,GBR,cyber,,,Espionage,"Targeting of over sixty universities in multiple countries, including the United States and United Kingdom"
IRN,GBR,cyber,2018-Q3,,Espionage,Cobalt Dickens
IRN,GBR,cyber,2018-Q1,,Espionage,Indictment of officials from the Mabna Institute
IRN,GBR,cyber,2014-Q4,,Espionage,Operation Cleaver
IRN,GBR,cyber,,,Espionage,Charming Kitten
IRN,GBR,cyber,2015-Q4,,Espionage,Rocket Kitten
IRN,GBR,cyber,2018-Q4,,Espionage,Attack on Italian oil firm Saipem
IRN,GBR,cyber,,,Espionage,Targeting of academics focusing on the Middle East
IRN,GBR,cyber,2019-Q2,,Espionage,Compromise of British infrastructure
IRN,GBR,cyber,2017-Q2,,Espionage,Attempted compromise of email accounts associated with the UK Parliament
IRN,GBR,cyber,2012-Q1,,Denial of service,Attempted compromise of the BBC Persian TV service
IRN,GBR,migrazione,2018,17231,,
IRN,GBR,migrazione,2019,19744,,
IRN,GBR,migrazione,2020,20433,,
IRN,GBR,migrazione,2021,21434,,
IRN,GBR,migrazione,2022,22707,,
IRN,GBR,migrazione,2023,31741,,
IRN,GBR,migrazione,2024,37779,,
IRN,AUS,cyber,,,Espionage,APT 42
IRN,AUS,cyber,,,Financial Theft,Targeting of U.S. and Australian critical infrastructure
IRN,AUS,cyber,,,Espionage,"Targeting of over sixty universities in multiple countries, including the United States and United Kingdom"
IRN,AUS,cyber,2018-Q3,,Espionage,Cobalt Dickens
IRN,AUS,cyber,2018-Q1,,Espionage,Indictment of officials from the Mabna Institute
IRN,AUS,cyber,2018-Q4,,,APT 39
IRN,AUS,migrazione,2018,10702,,
IRN,AUS,migrazione,2019,11866,,
IRN,AUS,migrazione,2020,12606,,
IRN,AUS,migrazione,2021,12701,,
IRN,AUS,migrazione,2022,12023,,
IRN,AUS,migrazione,2023,7187,,
IRN,AUS,migrazione,2024,7725,,
IRN,BGR,cyber,,,Espionage,APT 42
IRN,BGR,migrazione,2018,64,,
IRN,BGR,migrazione,2019,85,,
IRN,BGR,migrazione,2020,77,,
IRN,BGR,migrazione,2021,81,,
IRN,BGR,migrazione,2022,91,,
IRN,BGR,migrazione,2023,100,,
IRN,BGR,migrazione,2024,116,,
IRN,ISR,cyber,,,Espionage,APT 42
IRN,ISR,cyber,,,Espionage,Targeting of U.S. and Israeli medical researchers
IRN,ISR,cyber,,,Espionage,"Targeting of companies in the United States, Israel, Saudi Arabia, and elsewhere"
IRN,ISR,cyber,,,Espionage,Impersonation of journalists to compromise public figures
IRN,ISR,cyber,2018-Q3,,Espionage,Cobalt Dickens
IRN,ISR,cyber,2018-Q1,,Espionage,Indictment of officials from the Mabna Institute
IRN,ISR,cyber,2017-Q4,,Espionage,MuddyWater
IRN,ISR,cyber,2017-Q3,,Espionage,CopyKittens
IRN,ISR,cyber,2016-Q1,,Espionage,OilRig
IRN,ISR,cyber,2014-Q4,,Espionage,Operation Cleaver
IRN,ISR,cyber,,,Espionage,Charming Kitten
IRN,ISR,cyber,2012-Q3,,Espionage,Madi
IRN,ISR,cyber,,,,Leafminer
IRN,ISR,cyber,,,,Agrius
IRN,ISR,cyber,,,Espionage,Storm-842
IRN,ISR,cyber,,,Data destruction,Targeting of Israeli organizations
IRN,ISR,cyber,,,Espionage,"Targeting of telecommunications firms and government agencies in Israel, Turkey, and Africa"
IRN,ISR,cyber,,,Data destruction,Targeting of Israeli education and technology sectors
IRN,ISR,cyber,,,Espionage,Targeting of government employees and researchers
IRN,ISR,cyber,,,Espionage,"Targeting of organizations in Brazil, Israel, and the United Arab Emirates"
IRN,ISR,cyber,,,Espionage,Targeting of users of Israeli shipping and logistics websites
IRN,ISR,cyber,,,Espionage,"Targeting of high-profile government, aviation, energy, telecoms and banking-sector entities in the Middle East and North Africa"
IRN,ISR,cyber,,,Financial Theft,"Targeting of the Technion, the Israeli Institute of Technology"
IRN,ISR,cyber,,,Espionage,Targeting of Israeli organizations using SysAid
IRN,ISR,cyber,,,Espionage,Targeting of Israeli companies and government agencies
IRN,ISR,cyber,,,Espionage,Targeting of telecommunication companies in Asia and the Middle East
IRN,ISR,cyber,,,Espionage,Targeting of Israeli software supply chain
IRN,ISR,cyber,,,Espionage,Siamesekitten
IRN,ISR,cyber,,,Espionage,Targeting of Israeli organizations with ransomware
IRN,ISR,cyber,,,Espionage,Pioneer Kitten
IRN,ISR,cyber,,,Sabotage,Targeting of Israeli water management facilities
IRN,ISR,cyber,,,Sabotage,Attack on Israeli water utilities
IRN,ISR,cyber,2015-Q4,,Espionage,Chafer
IRN,ISR,cyber,2015-Q4,,Espionage,Rocket Kitten
IRN,ISR,migrazione,2018,6,,
IRN,ISR,migrazione,2019,6,,
IRN,ISR,migrazione,2020,6,,
IRN,ISR,migrazione,2021,6,,
IRN,ISR,migrazione,2022,6,,
IRN,ISR,migrazione,2023,6,,
IRN,ISR,migrazione,2024,6,,
IRN,ISR,coinvolgimento_militare,2024-Q2,17,,
IRN,ISR,coinvolgimento_militare,2024-Q4,16,,
IRN,ITA,cyber,,,Espionage,APT 42
IRN,ITA,cyber,2018-Q1,,Espionage,Indictment of officials from the Mabna Institute
IRN,ITA,cyber,2018-Q4,,Espionage,Attack on Italian oil firm Saipem
IRN,ITA,migrazione,2018,1907,,
IRN,ITA,migrazione,2019,2094,,
IRN,ITA,migrazione,2020,1313,,
IRN,ITA,migrazione,2021,1278,,
IRN,ITA,migrazione,2022,1213,,
IRN,ITA,migrazione,2023,1493,,
IRN,ITA,migrazione,2024,1452,,
IRN,MYS,cyber,,,Espionage,APT 42
IRN,MYS,cyber,2018-Q1,,Espionage,Indictment of officials from the Mabna Institute
IRN,MYS,cyber,,,Espionage,"Targeting of high-profile government, aviation, energy, telecoms and banking-sector entities in the Middle East and North Africa"
IRN,MYS,migrazione,2018,210,,
IRN,MYS,migrazione,2019,246,,
IRN,MYS,migrazione,2020,253,,
IRN,MYS,migrazione,2021,274,,
IRN,MYS,migrazione,2022,252,,
IRN,MYS,migrazione,2023,243,,
IRN,MYS,migrazione,2024,238,,
IRN,NOR,cyber,,,Espionage,APT 42
IRN,NOR,cyber,2018-Q1,,Espionage,Indictment of officials from the Mabna Institute
IRN,NOR,cyber,2018-Q4,,,APT 39
IRN,NOR,migrazione,2018,1966,,
IRN,NOR,migrazione,2019,1810,,
IRN,NOR,migrazione,2020,1647,,
IRN,NOR,migrazione,2021,1496,,
IRN,NOR,migrazione,2022,1369,,
IRN,NOR,migrazione,2023,1173,,
IRN,NOR,migrazione,2024,897,,
IRN,QAT,cyber,,,Espionage,APT 42
IRN,QAT,cyber,2016-Q1,,Espionage,OilRig
IRN,QAT,cyber,2014-Q4,,Espionage,Operation Cleaver
IRN,QAT,cyber,,,,Leafminer
IRN,RUS,cyber,,,,"Targeting of major aerospace companies in the United States, Russia, Europe, and the Middle East"
IRN,RUS,cyber,,,Espionage,"Compromises of government embassies, telecommunications companies, and a Russian oil company"
IRN,RUS,migrazione,2018,5,,
IRN,RUS,migrazione,2019,5,,
IRN,RUS,migrazione,2020,5,,
IRN,RUS,migrazione,2021,5,,
IRN,RUS,migrazione,2022,5,,
IRN,RUS,migrazione,2023,6,,
IRN,RUS,migrazione,2024,8,,
IRN,SAU,cyber,,,Espionage,"Targeting of companies in the United States, Israel, Saudi Arabia, and elsewhere"
IRN,SAU,cyber,,,Espionage,Impersonation of journalists to compromise public figures
IRN,SAU,cyber,2017-Q4,,Espionage,MuddyWater
IRN,SAU,cyber,2017-Q3,,Espionage,APT 33
IRN,SAU,cyber,2017-Q3,,Espionage,CopyKittens
IRN,SAU,cyber,2016-Q1,,Espionage,OilRig
IRN,SAU,cyber,2014-Q4,,Espionage,Operation Cleaver
IRN,SAU,cyber,,,Espionage,Charming Kitten
IRN,SAU,cyber,,,,Leafminer
IRN,SAU,cyber,,,Espionage,"Targeting of high-profile government, aviation, energy, telecoms and banking-sector entities in the Middle East and North Africa"
IRN,SAU,cyber,,,Espionage,Targeting of telecommunication companies in Asia and the Middle East
IRN,SAU,cyber,2015-Q4,,Espionage,Chafer
IRN,SAU,cyber,2015-Q4,,Espionage,Rocket Kitten
IRN,SAU,cyber,2018-Q4,,Espionage,Attack on Italian oil firm Saipem
IRN,SAU,cyber,,,Espionage,"Compromises of government embassies, telecommunications companies, and a Russian oil company"
IRN,SAU,cyber,,,Espionage,Targeting   of entities   in Turkey   and the   Arabian   Peninsula
IRN,SAU,cyber,,,,Targeting of air transportation and government agencies in Kuwait and Saudi Arabia
IRN,SAU,cyber,2018-Q4,,,APT 39
IRN,SAU,cyber,2017-Q1,,Espionage,Magic Hound
IRN,SAU,cyber,2015-Q2,,Espionage,Compromise of networks in the Saudi government ministries
IRN,SAU,cyber,2012-Q3,,Data destruction,Compromise of Saudi Aramco and RasGas
IRN,SAU,coinvolgimento_militare,2019-Q3,1,,
IRN,CAN,cyber,,,Espionage,"Targeting of over sixty universities in multiple countries, including the United States and United Kingdom"
IRN,CAN,cyber,2019-Q1,,Espionage,Global hijacking of domain name system (DNS)
IRN,CAN,cyber,2018-Q3,,Espionage,Cobalt Dickens
IRN,CAN,cyber,2018-Q1,,Espionage,Indictment of officials from the Mabna Institute
IRN,CAN,cyber,2014-Q4,,Espionage,Operation Cleaver
IRN,CAN,cyber,,,Espionage,"Targeting of high-profile government, aviation, energy, telecoms and banking-sector entities in the Middle East and North Africa"
IRN,CAN,cyber,2015-Q4,,Espionage,Rocket Kitten
IRN,CAN,migrazione,2018,2538,,
IRN,CAN,migrazione,2019,3846,,
IRN,CAN,migrazione,2020,5085,,
IRN,CAN,migrazione,2021,7134,,
IRN,CAN,migrazione,2022,6377,,
IRN,CAN,migrazione,2023,9754,,
IRN,CAN,migrazione,2024,11447,,
IRN,HKG,cyber,,,Espionage,"Targeting of over sixty universities in multiple countries, including the United States and United Kingdom"
IRN,CHE,cyber,,,Espionage,"Targeting of over sixty universities in multiple countries, including the United States and United Kingdom"
IRN,CHE,cyber,2018-Q3,,Espionage,Cobalt Dickens
IRN,CHE,cyber,2018-Q1,,Espionage,Indictment of officials from the Mabna Institute
IRN,CHE,cyber,,,Espionage,Targeting of World Health Organization (WHO) Staff Emails
IRN,CHE,migrazione,2018,1687,,
IRN,CHE,migrazione,2019,1800,,
IRN,CHE,migrazione,2020,2089,,
IRN,CHE,migrazione,2021,2246,,
IRN,CHE,migrazione,2022,2310,,
IRN,CHE,migrazione,2023,2353,,
IRN,CHE,migrazione,2024,2383,,
IRN,KOR,cyber,2019-Q1,,Espionage,Global hijacking of domain name system (DNS)
IRN,KOR,cyber,2018-Q1,,Espionage,Indictment of officials from the Mabna Institute
IRN,KOR,cyber,2017-Q3,,Espionage,APT 33
IRN,KOR,cyber,2014-Q4,,Espionage,Operation Cleaver
IRN,KOR,cyber,2018-Q4,,,APT 39
IRN,KOR,migrazione,2018,55,,
IRN,KOR,migrazione,2019,61,,
IRN,KOR,migrazione,2020,61,,
IRN,KOR,migrazione,2021,62,,
IRN,KOR,migrazione,2022,61,,
IRN,KOR,migrazione,2023,66,,
IRN,KOR,migrazione,2024,66,,
IRN,LBN,cyber,2019-Q1,,Espionage,Global hijacking of domain name system (DNS)
IRN,LBN,cyber,2016-Q1,,Espionage,OilRig
IRN,LBN,cyber,,,Espionage,Targeting of UN Interim Force in Lebanon (UNIFIL)
IRN,LBN,cyber,,,Espionage,Targeting of Lebanese job seekers
IRN,LBN,migrazione,2018,25,,
IRN,LBN,migrazione,2019,35,,
IRN,LBN,migrazione,2020,35,,
IRN,LBN,migrazione,2021,35,,
IRN,LBN,migrazione,2022,32,,
IRN,LBN,migrazione,2023,23,,
IRN,LBN,migrazione,2024,22,,
IRN,ARE,cyber,2019-Q1,,Espionage,Global hijacking of domain name system (DNS)
IRN,ARE,cyber,2017-Q4,,Espionage,MuddyWater
IRN,ARE,cyber,2016-Q1,,Espionage,OilRig
IRN,ARE,cyber,,,,Leafminer
IRN,ARE,cyber,,,Espionage,"Targeting of organizations in Brazil, Israel, and the United Arab Emirates"
IRN,ARE,cyber,,,Espionage,"Targeting of high-profile government, aviation, energy, telecoms and banking-sector entities in the Middle East and North Africa"
IRN,ARE,cyber,,,Espionage,Targeting of telecommunication companies in Asia and the Middle East
IRN,ARE,cyber,2015-Q4,,Espionage,Chafer
IRN,ARE,cyber,2015-Q4,,Espionage,Rocket Kitten
IRN,ARE,cyber,2018-Q4,,Espionage,Attack on Italian oil firm Saipem
IRN,ARE,cyber,,,Espionage,Targeting of United Arab Emirates government employees
IRN,ARE,migrazione,2018,8,,
IRN,ARE,migrazione,2019,7,,
IRN,ARE,migrazione,2020,7,,
IRN,ARE,migrazione,2021,5,,
IRN,ARE,migrazione,2022,5,,
IRN,ARE,migrazione,2023,5,,
IRN,CHN,cyber,2018-Q3,,Espionage,Cobalt Dickens
IRN,CHN,cyber,2014-Q4,,Espionage,Operation Cleaver
IRN,CHN,migrazione,2020,5,,
IRN,CHN,migrazione,2021,5,,
IRN,CHN,migrazione,2022,5,,
IRN,CHN,migrazione,2023,5,,
IRN,CHN,migrazione,2024,5,,
IRN,JPN,cyber,2018-Q3,,Espionage,Cobalt Dickens
IRN,JPN,cyber,2018-Q1,,Espionage,Indictment of officials from the Mabna Institute
IRN,JPN,migrazione,2018,17,,
IRN,JPN,migrazione,2019,17,,
IRN,JPN,migrazione,2020,14,,
IRN,JPN,migrazione,2021,19,,
IRN,JPN,migrazione,2022,20,,
IRN,JPN,migrazione,2023,25,,
IRN,JPN,migrazione,2024,30,,
IRN,TUR,cyber,2018-Q3,,Espionage,Cobalt Dickens
IRN,TUR,cyber,2018-Q1,,Espionage,Indictment of officials from the Mabna Institute
IRN,TUR,cyber,2017-Q4,,Espionage,MuddyWater
IRN,TUR,cyber,2016-Q1,,Espionage,OilRig
IRN,TUR,cyber,2014-Q4,,Espionage,Operation Cleaver
IRN,TUR,cyber,,,Espionage,"Targeting of telecommunications firms and government agencies in Israel, Turkey, and Africa"
IRN,TUR,cyber,,,Espionage,"Targeting of high-profile government, aviation, energy, telecoms and banking-sector entities in the Middle East and North Africa"
IRN,TUR,cyber,2015-Q4,,Espionage,Chafer
IRN,TUR,cyber,2015-Q4,,Espionage,Rocket Kitten
IRN,TUR,cyber,,,Espionage,"Compromises of government embassies, telecommunications companies, and a Russian oil company"
IRN,TUR,cyber,,,Espionage,Targeting   of entities   in Turkey   and the   Arabian   Peninsula
IRN,TUR,cyber,2018-Q4,,,APT 39
IRN,TUR,cyber,,,Espionage,Targeting of Turkish government organizations
IRN,TUR,migrazione,2018,8731,,
IRN,TUR,migrazione,2019,548,,
IRN,TUR,migrazione,2020,1693,,
IRN,TUR,migrazione,2021,3942,,
IRN,TUR,migrazione,2022,5114,,
IRN,TUR,migrazione,2023,5388,,
IRN,TUR,migrazione,2024,6072,,
IRN,DNK,cyber,2018-Q1,,Espionage,Indictment of officials from the Mabna Institute
IRN,DNK,migrazione,2018,3253,,
IRN,DNK,migrazione,2019,3240,,
IRN,DNK,migrazione,2020,3051,,
IRN,DNK,migrazione,2021,2790,,
IRN,DNK,migrazione,2022,2465,,
IRN,DNK,migrazione,2023,2145,,
IRN,DNK,migrazione,2024,4252,,
IRN,FIN,cyber,2018-Q1,,Espionage,Indictment of officials from the Mabna Institute
IRN,FIN,migrazione,2018,871,,
IRN,FIN,migrazione,2019,948,,
IRN,FIN,migrazione,2020,942,,
IRN,FIN,migrazione,2021,966,,
IRN,FIN,migrazione,2022,936,,
IRN,FIN,migrazione,2023,989,,
IRN,FIN,migrazione,2024,823,,
IRN,IRL,cyber,2018-Q1,,Espionage,Indictment of officials from the Mabna Institute
IRN,IRL,migrazione,2018,126,,
IRN,IRL,migrazione,2019,141,,
IRN,IRL,migrazione,2020,155,,
IRN,IRL,migrazione,2021,155,,
IRN,IRL,migrazione,2022,137,,
IRN,IRL,migrazione,2023,139,,
IRN,IRL,migrazione,2024,157,,
IRN,NLD,cyber,2018-Q1,,Espionage,Indictment of officials from the Mabna Institute
IRN,NLD,cyber,,,Espionage,Targeting of Dutch data center
IRN,NLD,migrazione,2018,4918,,
IRN,NLD,migrazione,2019,4783,,
IRN,NLD,migrazione,2020,4735,,
IRN,NLD,migrazione,2021,5438,,
IRN,NLD,migrazione,2022,5401,,
IRN,NLD,migrazione,2023,5366,,
IRN,NLD,migrazione,2024,4530,,
IRN,POL,cyber,2018-Q1,,Espionage,Indictment of officials from the Mabna Institute
IRN,POL,migrazione,2018,35,,
IRN,POL,migrazione,2019,54,,
IRN,POL,migrazione,2020,48,,
IRN,POL,migrazione,2021,50,,
IRN,POL,migrazione,2022,85,,
IRN,POL,migrazione,2023,96,,
IRN,POL,migrazione,2024,101,,
IRN,SGP,cyber,2018-Q1,,Espionage,Indictment of officials from the Mabna Institute
IRN,ESP,cyber,2018-Q1,,Espionage,Indictment of officials from the Mabna Institute
IRN,ESP,cyber,2018-Q4,,,APT 39
IRN,ESP,migrazione,2018,85,,
IRN,ESP,migrazione,2019,87,,
IRN,ESP,migrazione,2020,87,,
IRN,ESP,migrazione,2021,87,,
IRN,ESP,migrazione,2022,696,,
IRN,ESP,migrazione,2023,693,,
IRN,ESP,migrazione,2024,716,,
IRN,SWE,cyber,2018-Q1,,Espionage,Indictment of officials from the Mabna Institute
IRN,SWE,cyber,,,Espionage,Targeting of Dutch data center
IRN,SWE,migrazione,2018,6485,,
IRN,SWE,migrazione,2019,7408,,
IRN,SWE,migrazione,2020,7507,,
IRN,SWE,migrazione,2021,7350,,
IRN,SWE,migrazione,2022,6872,,
IRN,SWE,migrazione,2023,5465,,
IRN,SWE,migrazione,2024,4949,,
IRN,GEO,cyber,2017-Q4,,Espionage,MuddyWater
IRN,GEO,migrazione,2018,34,,
IRN,GEO,migrazione,2019,33,,
IRN,GEO,migrazione,2020,37,,
IRN,GEO,migrazione,2021,44,,
IRN,GEO,migrazione,2022,49,,
IRN,GEO,migrazione,2023,51,,
IRN,GEO,migrazione,2024,56,,
IRN,IND,cyber,2017-Q4,,Espionage,MuddyWater
IRN,IND,cyber,2014-Q4,,Espionage,Operation Cleaver
IRN,IND,cyber,2018-Q4,,Espionage,Attack on Italian oil firm Saipem
IRN,IND,cyber,,,Espionage,Targeting of Dutch data center
IRN,IND,migrazione,2018,53,,
IRN,IND,migrazione,2019,49,,
IRN,IND,migrazione,2020,49,,
IRN,IND,migrazione,2021,58,,
IRN,IND,migrazione,2022,60,,
IRN,IND,migrazione,2023,56,,
IRN,IND,migrazione,2024,50,,
IRN,IRQ,cyber,2017-Q4,,Espionage,MuddyWater
IRN,IRQ,cyber,,,Espionage,Charming Kitten
IRN,IRQ,cyber,2015-Q4,,Espionage,Rocket Kitten
IRN,IRQ,cyber,2018-Q4,,,APT 39
IRN,IRQ,migrazione,2018,7026,,
IRN,IRQ,migrazione,2019,5041,,
IRN,IRQ,migrazione,2020,5061,,
IRN,IRQ,migrazione,2021,4116,,
IRN,IRQ,migrazione,2022,3707,,
IRN,IRQ,migrazione,2023,3595,,
IRN,IRQ,migrazione,2024,3579,,
IRN,PAK,cyber,2017-Q4,,Espionage,MuddyWater
IRN,PAK,cyber,2014-Q4,,Espionage,Operation Cleaver
IRN,PAK,cyber,2012-Q3,,Espionage,Madi
IRN,PAK,cyber,,,Espionage,Targeting of telecommunication companies in Asia and the Middle East
IRN,PAK,cyber,,,Espionage,"Compromises of government embassies, telecommunications companies, and a Russian oil company"
IRN,PAK,migrazione,2018,38,,
IRN,PAK,migrazione,2019,40,,
IRN,PAK,migrazione,2020,39,,
IRN,PAK,migrazione,2021,39,,
IRN,PAK,migrazione,2022,39,,
IRN,PAK,migrazione,2023,39,,
IRN,PAK,migrazione,2024,39,,
IRN,JOR,cyber,2017-Q3,,Espionage,CopyKittens
IRN,JOR,cyber,,,Espionage,"Targeting of high-profile government, aviation, energy, telecoms and banking-sector entities in the Middle East and North Africa"
IRN,JOR,cyber,,,Espionage,Targeting of telecommunication companies in Asia and the Middle East
IRN,JOR,cyber,2015-Q4,,Espionage,Chafer
IRN,JOR,cyber,2015-Q4,,Espionage,Rocket Kitten
IRN,JOR,cyber,,,Espionage,Targeting of Jordanian government
IRN,JOR,migrazione,2018,7,,
IRN,JOR,migrazione,2019,5,,
IRN,JOR,migrazione,2020,5,,
IRN,JOR,migrazione,2021,5,,
IRN,JOR,migrazione,2022,5,,
IRN,JOR,migrazione,2023,5,,
IRN,JOR,migrazione,2024,5,,
IRN,KWT,cyber,2016-Q1,,Espionage,OilRig
IRN,KWT,cyber,2014-Q4,,Espionage,Operation Cleaver
IRN,KWT,cyber,,,Espionage,"Targeting of high-profile government, aviation, energy, telecoms and banking-sector entities in the Middle East and North Africa"
IRN,KWT,cyber,,,Espionage,Targeting of telecommunication companies in Asia and the Middle East
IRN,KWT,cyber,2015-Q4,,Espionage,Rocket Kitten
IRN,KWT,cyber,2018-Q4,,Espionage,Attack on Italian oil firm Saipem
IRN,KWT,cyber,,,,Targeting of air transportation and government agencies in Kuwait and Saudi Arabia
IRN,KWT,cyber,,,Espionage,Targeting of United Arab Emirates government employees
IRN,KWT,migrazione,2018,9,,
IRN,KWT,migrazione,2019,9,,
IRN,KWT,migrazione,2020,9,,
IRN,KWT,migrazione,2021,9,,
IRN,KWT,migrazione,2022,8,,
IRN,KWT,migrazione,2023,8,,
IRN,KWT,migrazione,2024,8,,
IRN,MEX,cyber,2014-Q4,,Espionage,Operation Cleaver
IRN,MEX,migrazione,2018,38,,
IRN,MEX,migrazione,2019,39,,
IRN,MEX,migrazione,2020,40,,
IRN,MEX,migrazione,2021,41,,
IRN,MEX,migrazione,2022,42,,
IRN,MEX,migrazione,2023,22,,
IRN,MEX,migrazione,2024,23,,
IRN,AFG,cyber,,,,Leafminer
IRN,AFG,cyber,2015-Q4,,Espionage,Rocket Kitten
IRN,AFG,migrazione,2018,34,,
IRN,AFG,migrazione,2019,36,,
IRN,AFG,migrazione,2020,37,,
IRN,AFG,migrazione,2021,38,,
IRN,AFG,migrazione,2022,35,,
IRN,AFG,migrazione,2023,35,,
IRN,AFG,migrazione,2024,39,,
IRN,AZE,cyber,,,,Leafminer
IRN,AZE,cyber,,,Espionage,"Targeting of high-profile government, aviation, energy, telecoms and banking-sector entities in the Middle East and North Africa"
IRN,AZE,cyber,,,Espionage,Targeting of Middle Eastern and Azerbaijani organizations
IRN,AZE,migrazione,2018,43,,
IRN,AZE,migrazione,2019,43,,
IRN,AZE,migrazione,2020,43,,
IRN,AZE,migrazione,2021,52,,
IRN,AZE,migrazione,2022,51,,
IRN,AZE,migrazione,2023,64,,
IRN,AZE,migrazione,2024,60,,
IRN,BHR,cyber,,,,Leafminer
IRN,BHR,cyber,,,Espionage,"Targeting of high-profile government, aviation, energy, telecoms and banking-sector entities in the Middle East and North Africa"
IRN,BHR,cyber,,,Espionage,Compromise of Bapco
IRN,BHR,cyber,,,Sabotage,Compromise of Bahraini government agencies and critical infrastructure
IRN,EGY,cyber,,,,Leafminer
IRN,EGY,cyber,,,Espionage,"Targeting of telecommunications firms and government agencies in Israel, Turkey, and Africa"
IRN,EGY,cyber,,,Espionage,"Targeting of high-profile government, aviation, energy, telecoms and banking-sector entities in the Middle East and North Africa"
IRN,EGY,cyber,2015-Q4,,Espionage,Rocket Kitten
IRN,EGY,cyber,,,Espionage,"Targeting of the telecommunications sector in Egypt, Sudan, and Tanzania"
IRN,EGY,cyber,2018-Q4,,,APT 39
IRN,ALB,cyber,,,Espionage,Storm-842
IRN,ALB,cyber,,,Data destruction,Targeting of Albanian government
IRN,ALB,migrazione,2018,12,,
IRN,BRA,cyber,,,Espionage,"Targeting of organizations in Brazil, Israel, and the United Arab Emirates"
IRN,BRA,migrazione,2018,64,,
IRN,BRA,migrazione,2019,67,,
IRN,BRA,migrazione,2020,69,,
IRN,BRA,migrazione,2021,69,,
IRN,BRA,migrazione,2022,69,,
IRN,BRA,migrazione,2023,45,,
IRN,BRA,migrazione,2024,57,,
IRN,ARM,cyber,,,Espionage,"Targeting of high-profile government, aviation, energy, telecoms and banking-sector entities in the Middle East and North Africa"
IRN,ARM,migrazione,2018,36,,
IRN,ARM,migrazione,2019,68,,
IRN,ARM,migrazione,2020,102,,
IRN,ARM,migrazione,2021,139,,
IRN,ARM,migrazione,2022,158,,
IRN,ARM,migrazione,2023,169,,
IRN,ARM,migrazione,2024,180,,
IRN,SYR,cyber,,,Espionage,"Targeting of high-profile government, aviation, energy, telecoms and banking-sector entities in the Middle East and North Africa"
IRN,SYR,cyber,2015-Q4,,Espionage,Rocket Kitten
IRN,SYR,migrazione,2018,46,,
IRN,SYR,migrazione,2019,44,,
IRN,SYR,migrazione,2020,45,,
IRN,SYR,migrazione,2021,43,,
IRN,SYR,migrazione,2022,45,,
IRN,SYR,migrazione,2023,38,,
IRN,SYR,migrazione,2024,39,,
IRN,SYR,coinvolgimento_militare,2024-Q2,22,,
IRN,SYR,coinvolgimento_militare,2024-Q1,37,,
IRN,SYR,coinvolgimento_militare,2023-Q4,24,,
IRN,SYR,coinvolgimento_militare,2018-Q1,39,,
IRN,SYR,coinvolgimento_militare,2018-Q3,5,,
IRN,SYR,coinvolgimento_militare,2018-Q2,9,,
IRN,SYR,coinvolgimento_militare,2019-Q1,8,,
IRN,SYR,coinvolgimento_militare,2018-Q4,16,,
IRN,SYR,coinvolgimento_militare,2019-Q2,4,,
IRN,SYR,coinvolgimento_militare,2019-Q4,8,,
IRN,SYR,coinvolgimento_militare,2019-Q3,12,,
IRN,SYR,coinvolgimento_militare,2020-Q2,11,,
IRN,SYR,coinvolgimento_militare,2021-Q1,29,,
IRN,SYR,coinvolgimento_militare,2020-Q3,8,,
IRN,SYR,coinvolgimento_militare,2022-Q3,11,,
IRN,SYR,coinvolgimento_militare,2023-Q2,23,,
IRN,SYR,coinvolgimento_militare,2023-Q1,14,,
IRN,SYR,coinvolgimento_militare,2022-Q4,10,,
IRN,SYR,coinvolgimento_militare,2023-Q3,14,,
IRN,SYR,coinvolgimento_militare,2024-Q3,23,,
IRN,SYR,coinvolgimento_militare,2021-Q4,7,,
IRN,SYR,coinvolgimento_militare,2021-Q3,11,,
IRN,SYR,coinvolgimento_militare,2020-Q4,8,,
IRN,SYR,coinvolgimento_militare,2020-Q1,12,,
IRN,SYR,coinvolgimento_militare,2022-Q2,8,,
IRN,SYR,coinvolgimento_militare,2024-Q4,25,,
IRN,SYR,coinvolgimento_militare,2021-Q2,3,,
IRN,SYR,coinvolgimento_militare,2022-Q1,7,,
IRN,LAO,cyber,,,Espionage,Targeting of telecommunication companies in Asia and the Middle East
IRN,THA,cyber,,,Espionage,Targeting of telecommunication companies in Asia and the Middle East
IRN,THA,migrazione,2018,63,,
IRN,THA,migrazione,2019,69,,
IRN,THA,migrazione,2020,76,,
IRN,THA,migrazione,2021,87,,
IRN,THA,migrazione,2022,82,,
IRN,THA,migrazione,2023,74,,
IRN,THA,migrazione,2024,66,,
IRN,YEM,cyber,2015-Q4,,Espionage,Rocket Kitten
IRN,YEM,migrazione,2018,5,,
IRN,YEM,migrazione,2019,5,,
IRN,YEM,migrazione,2020,5,,
IRN,YEM,migrazione,2021,5,,
IRN,YEM,migrazione,2022,5,,
IRN,YEM,coinvolgimento_militare,2021-Q2,1,,
IRN,YEM,coinvolgimento_militare,2023-Q3,1,,
IRN,YEM,coinvolgimento_militare,2020-Q1,1,,
IRN,YEM,coinvolgimento_militare,2024-Q3,1,,
IRN,YEM,coinvolgimento_militare,2023-Q4,1,,
IRN,SDN,cyber,,,Espionage,"Targeting of the telecommunications sector in Egypt, Sudan, and Tanzania"
IRN,SDN,coinvolgimento_militare,2024-Q2,1,,
IRN,SDN,coinvolgimento_militare,2023-Q4,1,,
IRN,SDN,coinvolgimento_militare,2024-Q1,2,,
IRN,SDN,coinvolgimento_militare,2024-Q3,2,,
IRN,TZA,cyber,,,Espionage,"Targeting of the telecommunications sector in Egypt, Sudan, and Tanzania"
IRN,TZA,cyber,,,Espionage,"Targeting of the telecommunications sector in Egypt, Sudan, and Tanzania"
IRN,TZA,migrazione,2021,5,,
IRN,TZA,migrazione,2022,5,,
IRN,TZA,migrazione,2023,5,,
IRN,TZA,migrazione,2024,5,,
IRN,ARG,migrazione,2018,23,,
IRN,ARG,migrazione,2019,24,,
IRN,ARG,migrazione,2020,24,,
IRN,ARG,migrazione,2021,30,,
IRN,ARG,migrazione,2022,29,,
IRN,ARG,migrazione,2023,31,,
IRN,ARG,migrazione,2024,31,,
IRN,AUT,migrazione,2018,5772,,
IRN,AUT,migrazione,2019,6393,,
IRN,AUT,migrazione,2020,6878,,
IRN,AUT,migrazione,2021,7209,,
IRN,AUT,migrazione,2022,7664,,
IRN,AUT,migrazione,2023,6897,,
IRN,AUT,migrazione,2024,7285,,
IRN,BEL,migrazione,2018,960,,
IRN,BEL,migrazione,2019,1700,,
IRN,BEL,migrazione,2020,1648,,
IRN,BEL,migrazione,2021,1843,,
IRN,BEL,migrazione,2022,1526,,
IRN,BEL,migrazione,2023,1730,,
IRN,BEL,migrazione,2024,1778,,
IRN,BLR,migrazione,2018,6,,
IRN,BLR,migrazione,2019,6,,
IRN,BLR,migrazione,2020,5,,
IRN,BLR,migrazione,2021,5,,
IRN,BLR,migrazione,2022,5,,
IRN,BLR,migrazione,2023,5,,
IRN,CMR,migrazione,2018,5,,
IRN,CMR,migrazione,2019,5,,
IRN,CMR,migrazione,2020,5,,
IRN,CMR,migrazione,2021,5,,
IRN,CMR,migrazione,2022,5,,
IRN,CMR,migrazione,2023,5,,
IRN,CRI,migrazione,2018,5,,
IRN,CRI,migrazione,2019,5,,
IRN,CRI,migrazione,2020,5,,
IRN,CRI,migrazione,2021,5,,
IRN,CRI,migrazione,2022,5,,
IRN,CRI,migrazione,2023,5,,
IRN,CRI,migrazione,2024,6,,
IRN,CUB,migrazione,2018,17,,
IRN,CUB,migrazione,2019,11,,
IRN,CUB,migrazione,2020,11,,
IRN,CUB,migrazione,2021,7,,
IRN,CUB,migrazione,2022,10,,
IRN,CUB,migrazione,2023,9,,
IRN,CUB,migrazione,2024,5,,
IRN,CYP,migrazione,2018,550,,
IRN,CYP,migrazione,2019,565,,
IRN,CYP,migrazione,2020,584,,
IRN,CYP,migrazione,2021,624,,
IRN,CYP,migrazione,2022,684,,
IRN,CYP,migrazione,2023,773,,
IRN,CYP,migrazione,2024,872,,
IRN,CZE,migrazione,2018,8,,
IRN,CZE,migrazione,2019,6,,
IRN,CZE,migrazione,2020,5,,
IRN,CZE,migrazione,2021,6,,
IRN,CZE,migrazione,2022,11,,
IRN,CZE,migrazione,2023,14,,
IRN,CZE,migrazione,2024,10,,
IRN,ECU,migrazione,2018,41,,
IRN,ECU,migrazione,2019,61,,
IRN,ECU,migrazione,2020,62,,
IRN,ECU,migrazione,2021,67,,
IRN,ECU,migrazione,2022,72,,
IRN,ECU,migrazione,2023,72,,
IRN,ECU,migrazione,2024,52,,
IRN,GRC,migrazione,2018,1532,,
IRN,GRC,migrazione,2019,1916,,
IRN,GRC,migrazione,2020,2476,,
IRN,GRC,migrazione,2021,3201,,
IRN,GRC,migrazione,2022,3581,,
IRN,GRC,migrazione,2023,3677,,
IRN,GRC,migrazione,2024,1234,,
IRN,HND,migrazione,2018,5,,
IRN,HRV,migrazione,2018,22,,
IRN,HRV,migrazione,2019,29,,
IRN,HRV,migrazione,2020,37,,
IRN,HRV,migrazione,2021,41,,
IRN,HRV,migrazione,2022,47,,
IRN,HRV,migrazione,2023,52,,
IRN,HRV,migrazione,2024,55,,
IRN,HUN,migrazione,2018,176,,
IRN,HUN,migrazione,2019,178,,
IRN,HUN,migrazione,2020,184,,
IRN,HUN,migrazione,2021,193,,
IRN,HUN,migrazione,2022,197,,
IRN,HUN,migrazione,2023,194,,
IRN,HUN,migrazione,2024,193,,
IRN,ISL,migrazione,2018,46,,
IRN,ISL,migrazione,2019,65,,
IRN,ISL,migrazione,2020,94,,
IRN,ISL,migrazione,2021,95,,
IRN,ISL,migrazione,2022,110,,
IRN,ISL,migrazione,2023,127,,
IRN,ISL,migrazione,2024,113,,
IRN,CIV,migrazione,2018,5,,
IRN,CIV,migrazione,2019,6,,
IRN,CIV,migrazione,2020,6,,
IRN,CIV,migrazione,2021,7,,
IRN,CIV,migrazione,2022,7,,
IRN,CIV,migrazione,2023,7,,
IRN,CIV,migrazione,2024,7,,
IRN,IDN,migrazione,2018,308,,
IRN,IDN,migrazione,2019,323,,
IRN,IDN,migrazione,2020,310,,
IRN,IDN,migrazione,2021,300,,
IRN,IDN,migrazione,2022,289,,
IRN,IDN,migrazione,2023,210,,
IRN,IDN,migrazione,2024,165,,
IRN,LIE,migrazione,2018,5,,
IRN,LIE,migrazione,2019,7,,
IRN,LIE,migrazione,2020,7,,
IRN,LIE,migrazione,2021,11,,
IRN,LIE,migrazione,2022,11,,
IRN,LIE,migrazione,2024,11,,
IRN,LKA,migrazione,2018,18,,
IRN,LKA,migrazione,2019,23,,
IRN,LKA,migrazione,2020,25,,
IRN,LKA,migrazione,2021,24,,
IRN,LKA,migrazione,2022,12,,
IRN,LKA,migrazione,2023,5,,
IRN,LTU,migrazione,2018,6,,
IRN,LTU,migrazione,2019,9,,
IRN,LTU,migrazione,2020,13,,
IRN,LTU,migrazione,2021,13,,
IRN,LTU,migrazione,2022,14,,
IRN,LTU,migrazione,2023,14,,
IRN,LTU,migrazione,2024,13,,
IRN,LUX,migrazione,2018,148,,
IRN,LUX,migrazione,2019,163,,
IRN,LUX,migrazione,2020,196,,
IRN,LUX,migrazione,2021,211,,
IRN,LUX,migrazione,2022,255,,
IRN,LUX,migrazione,2023,276,,
IRN,LUX,migrazione,2024,199,,
IRN,LVA,migrazione,2018,23,,
IRN,LVA,migrazione,2019,23,,
IRN,LVA,migrazione,2020,20,,
IRN,LVA,migrazione,2021,17,,
IRN,LVA,migrazione,2022,17,,
IRN,LVA,migrazione,2023,18,,
IRN,LVA,migrazione,2024,17,,
IRN,MDA,migrazione,2018,5,,
IRN,MDA,migrazione,2019,5,,
IRN,MDA,migrazione,2020,5,,
IRN,MDA,migrazione,2022,15,,
IRN,MNE,migrazione,2018,5,,
IRN,MNE,migrazione,2020,9,,
IRN,MNE,migrazione,2021,17,,
IRN,MNE,migrazione,2022,13,,
IRN,MNE,migrazione,2023,14,,
IRN,MNE,migrazione,2024,16,,
IRN,MLT,migrazione,2018,29,,
IRN,MLT,migrazione,2019,31,,
IRN,MLT,migrazione,2020,31,,
IRN,MLT,migrazione,2021,31,,
IRN,MLT,migrazione,2022,32,,
IRN,MLT,migrazione,2023,33,,
IRN,MLT,migrazione,2024,40,,
IRN,NPL,migrazione,2018,5,,
IRN,NPL,migrazione,2019,5,,
IRN,NPL,migrazione,2020,9,,
IRN,NPL,migrazione,2021,9,,
IRN,NPL,migrazione,2022,9,,
IRN,NPL,migrazione,2023,9,,
IRN,NPL,migrazione,2024,9,,
IRN,NRU,migrazione,2018,316,,
IRN,NRU,migrazione,2019,345,,
IRN,NRU,migrazione,2020,561,,
IRN,NRU,migrazione,2021,508,,
IRN,NRU,migrazione,2022,8,,
IRN,NZL,migrazione,2018,144,,
IRN,NZL,migrazione,2019,129,,
IRN,NZL,migrazione,2020,126,,
IRN,NZL,migrazione,2021,107,,
IRN,NZL,migrazione,2022,82,,
IRN,NZL,migrazione,2023,79,,
IRN,NZL,migrazione,2024,82,,
IRN,PAN,migrazione,2018,5,,
IRN,PAN,migrazione,2019,5,,
IRN,PAN,migrazione,2020,5,,
IRN,PAN,migrazione,2021,5,,
IRN,PAN,migrazione,2022,5,,
IRN,PAN,migrazione,2023,5,,
IRN,PER,migrazione,2018,10,,
IRN,PER,migrazione,2019,6,,
IRN,PER,migrazione,2020,6,,
IRN,PER,migrazione,2021,6,,
IRN,PER,migrazione,2022,6,,
IRN,PER,migrazione,2023,6,,
IRN,PER,migrazione,2024,7,,
IRN,PHL,migrazione,2018,69,,
IRN,PHL,migrazione,2019,68,,
IRN,PHL,migrazione,2020,56,,
IRN,PHL,migrazione,2021,73,,
IRN,PHL,migrazione,2022,77,,
IRN,PHL,migrazione,2023,81,,
IRN,PHL,migrazione,2024,79,,
IRN,PNG,migrazione,2018,159,,
IRN,PNG,migrazione,2019,100,,
IRN,PNG,migrazione,2020,90,,
IRN,PNG,migrazione,2021,74,,
IRN,PNG,migrazione,2022,21,,
IRN,PNG,migrazione,2023,11,,
IRN,PNG,migrazione,2024,7,,
IRN,PRT,migrazione,2018,37,,
IRN,PRT,migrazione,2019,41,,
IRN,PRT,migrazione,2020,43,,
IRN,PRT,migrazione,2021,50,,
IRN,PRT,migrazione,2022,100,,
IRN,PRT,migrazione,2023,86,,
IRN,PRT,migrazione,2024,85,,
IRN,ROU,migrazione,2018,93,,
IRN,ROU,migrazione,2019,116,,
IRN,ROU,migrazione,2020,121,,
IRN,ROU,migrazione,2021,120,,
IRN,ROU,migrazione,2022,133,,
IRN,ROU,migrazione,2023,123,,
IRN,ROU,migrazione,2024,96,,
IRN,SRB,migrazione,2018,1231,,
IRN,SRB,migrazione,2019,12,,
IRN,SRB,migrazione,2020,18,,
IRN,SRB,migrazione,2021,19,,
IRN,SRB,migrazione,2022,22,,
IRN,SRB,migrazione,2023,22,,
IRN,SRB,migrazione,2024,23,,
IRN,SVK,migrazione,2018,28,,
IRN,SVK,migrazione,2019,31,,
IRN,SVK,migrazione,2020,31,,
IRN,SVK,migrazione,2021,39,,
IRN,SVK,migrazione,2022,44,,
IRN,SVK,migrazione,2023,45,,
IRN,SVK,migrazione,2024,45,,
IRN,SVN,migrazione,2018,66,,
IRN,SVN,migrazione,2019,66,,
IRN,SVN,migrazione,2020,77,,
IRN,SVN,migrazione,2021,80,,
IRN,SVN,migrazione,2022,86,,
IRN,SVN,migrazione,2023,86,,
IRN,SVN,migrazione,2024,88,,
IRN,SXM,migrazione,2018,5,,
IRN,SXM,migrazione,2019,5,,
IRN,TJK,migrazione,2018,5,,
IRN,TJK,migrazione,2019,5,,
IRN,TJK,migrazione,2020,5,,
IRN,TJK,migrazione,2021,5,,
IRN,TJK,migrazione,2022,7,,
IRN,TJK,migrazione,2023,5,,
IRN,TJK,migrazione,2024,5,,
IRN,TUN,migrazione,2018,5,,
IRN,TUN,migrazione,2019,5,,
IRN,TUN,migrazione,2020,8,,
IRN,TUN,migrazione,2021,8,,
IRN,TUN,migrazione,2022,5,,
IRN,TUN,migrazione,2023,5,,
IRN,UKR,migrazione,2018,55,,
IRN,UKR,migrazione,2019,73,,
IRN,UKR,migrazione,2020,72,,
IRN,UKR,migrazione,2021,74,,
IRN,UKR,migrazione,2022,74,,
IRN,UKR,migrazione,2023,76,,
IRN,UKR,migrazione,2024,71,,
IRN,BIH,migrazione,2019,5,,
IRN,BIH,migrazione,2021,5,,
IRN,BIH,migrazione,2022,5,,
IRN,BIH,migrazione,2023,5,,
IRN,BIH,migrazione,2024,5,,
IRN,TCD,migrazione,2019,5,,
IRN,TCD,migrazione,2020,5,,
IRN,TCD,migrazione,2021,5,,
IRN,TCD,migrazione,2022,5,,
IRN,TCD,migrazione,2023,5,,
IRN,EST,migrazione,2019,5,,
IRN,EST,migrazione,2020,5,,
IRN,EST,migrazione,2021,5,,
IRN,EST,migrazione,2022,5,,
IRN,EST,migrazione,2023,6,,
IRN,EST,migrazione,2024,5,,
IRN,NGA,migrazione,2021,5,,
IRN,UGA,migrazione,2021,5,,
IRN,UGA,migrazione,2022,5,,
IRN,DOM,migrazione,2023,5,,
IRN,LBR,migrazione,2023,5,,
IRN,LBR,migrazione,2024,5,,
UKR,RUS,cyber,,,Denial of service,Targeting of Russian aerospace and defense conglomerate
UKR,RUS,cyber,,,Sabotage,Targeting of St. Petersburg Economic Forum
UKR,RUS,cyber,,,Denial of service,Targeting of Russian and Belarusian websites
UKR,RUS,cyber,,,Denial of service,Targeting of Moscow Stock Exchange and Sberbank websites
UKR,RUS,cyber,,,Denial of service,Ukrainian IT Army
UKR,RUS,migrazione,2018,75146,,
UKR,RUS,migrazione,2019,40393,,
UKR,RUS,migrazione,2020,18428,,
UKR,RUS,migrazione,2021,8921,,
UKR,RUS,migrazione,2022,1275315,,
UKR,RUS,migrazione,2023,1227554,,
UKR,RUS,migrazione,2024,6894,,
UKR,RUS,coinvolgimento_militare,2022-Q2,48,,
UKR,RUS,coinvolgimento_militare,2022-Q3,62,,
UKR,RUS,coinvolgimento_militare,2022-Q4,138,,
UKR,RUS,coinvolgimento_militare,2023-Q1,166,,
UKR,RUS,coinvolgimento_militare,2023-Q2,595,,
UKR,RUS,coinvolgimento_militare,2023-Q3,1249,,
UKR,RUS,coinvolgimento_militare,2023-Q4,1107,,
UKR,RUS,coinvolgimento_militare,2024-Q1,1791,,
UKR,RUS,coinvolgimento_militare,2024-Q2,3425,,
UKR,RUS,coinvolgimento_militare,2024-Q3,4689,,
UKR,RUS,coinvolgimento_militare,2024-Q4,4397,,
UKR,BLR,cyber,,,Denial of service,Targeting of Russian and Belarusian websites
UKR,BLR,cyber,,,Denial of service,Ukrainian IT Army
UKR,BLR,migrazione,2018,1804,,
UKR,BLR,migrazione,2019,2300,,
UKR,BLR,migrazione,2020,2471,,
UKR,BLR,migrazione,2021,2378,,
UKR,BLR,migrazione,2022,19384,,
UKR,BLR,migrazione,2023,39645,,
UKR,BLR,migrazione,2024,43114,,
UKR,ARG,migrazione,2018,106,,
UKR,ARG,migrazione,2019,117,,
UKR,ARG,migrazione,2020,118,,
UKR,ARG,migrazione,2021,121,,
UKR,ARG,migrazione,2022,121,,
UKR,ARG,migrazione,2023,121,,
UKR,ARG,migrazione,2024,121,,
UKR,ARM,migrazione,2018,115,,
UKR,ARM,migrazione,2019,116,,
UKR,ARM,migrazione,2020,115,,
UKR,ARM,migrazione,2021,117,,
UKR,ARM,migrazione,2022,406,,
UKR,ARM,migrazione,2023,599,,
UKR,ARM,migrazione,2024,706,,
UKR,AUS,migrazione,2018,22,,
UKR,AUS,migrazione,2019,24,,
UKR,AUS,migrazione,2020,24,,
UKR,AUS,migrazione,2021,18,,
UKR,AUS,migrazione,2022,1527,,
UKR,AUS,migrazione,2023,7472,,
UKR,AUS,migrazione,2024,34,,
UKR,AUT,migrazione,2018,282,,
UKR,AUT,migrazione,2019,265,,
UKR,AUT,migrazione,2020,251,,
UKR,AUT,migrazione,2021,253,,
UKR,AUT,migrazione,2022,89862,,
UKR,AUT,migrazione,2023,83748,,
UKR,AUT,migrazione,2024,84987,,
UKR,AZE,migrazione,2018,5,,
UKR,AZE,migrazione,2019,5,,
UKR,AZE,migrazione,2020,5,,
UKR,AZE,migrazione,2021,5,,
UKR,AZE,migrazione,2022,4770,,
UKR,AZE,migrazione,2023,4206,,
UKR,AZE,migrazione,2024,4906,,
UKR,BEL,migrazione,2018,166,,
UKR,BEL,migrazione,2019,254,,
UKR,BEL,migrazione,2020,254,,
UKR,BEL,migrazione,2021,289,,
UKR,BEL,migrazione,2022,61975,,
UKR,BEL,migrazione,2023,75260,,
UKR,BEL,migrazione,2024,85635,,
UKR,BRA,migrazione,2018,14,,
UKR,BRA,migrazione,2019,17,,
UKR,BRA,migrazione,2020,19,,
UKR,BRA,migrazione,2021,20,,
UKR,BRA,migrazione,2022,43,,
UKR,BRA,migrazione,2023,1129,,
UKR,BRA,migrazione,2024,1330,,
UKR,CAN,migrazione,2018,1319,,
UKR,CAN,migrazione,2019,1199,,
UKR,CAN,migrazione,2020,1205,,
UKR,CAN,migrazione,2021,1228,,
UKR,CAN,migrazione,2022,75098,,
UKR,CAN,migrazione,2023,75055,,
UKR,CAN,migrazione,2024,75221,,
UKR,CRI,migrazione,2018,17,,
UKR,CRI,migrazione,2019,13,,
UKR,CRI,migrazione,2020,13,,
UKR,CRI,migrazione,2021,13,,
UKR,CRI,migrazione,2022,13,,
UKR,CRI,migrazione,2023,13,,
UKR,CRI,migrazione,2024,35,,
UKR,CYP,migrazione,2018,30,,
UKR,CYP,migrazione,2019,30,,
UKR,CYP,migrazione,2020,30,,
UKR,CYP,migrazione,2021,31,,
UKR,CYP,migrazione,2022,12472,,
UKR,CYP,migrazione,2023,19019,,
UKR,CYP,migrazione,2024,21875,,
UKR,CZE,migrazione,2018,318,,
UKR,CZE,migrazione,2019,305,,
UKR,CZE,migrazione,2020,284,,
UKR,CZE,migrazione,2021,225,,
UKR,CZE,migrazione,2022,433501,,
UKR,CZE,migrazione,2023,374247,,
UKR,CZE,migrazione,2024,388388,,
UKR,DNK,migrazione,2018,27,,
UKR,DNK,migrazione,2019,28,,
UKR,DNK,migrazione,2020,29,,
UKR,DNK,migrazione,2021,29,,
UKR,DNK,migrazione,2022,32839,,
UKR,DNK,migrazione,2023,35940,,
UKR,DNK,migrazione,2024,36058,,
UKR,ECU,migrazione,2018,14,,
UKR,ECU,migrazione,2019,14,,
UKR,ECU,migrazione,2020,15,,
UKR,ECU,migrazione,2021,15,,
UKR,ECU,migrazione,2022,79,,
UKR,ECU,migrazione,2023,92,,
UKR,ECU,migrazione,2024,102,,
UKR,EST,migrazione,2018,64,,
UKR,EST,migrazione,2019,62,,
UKR,EST,migrazione,2020,29,,
UKR,EST,migrazione,2021,28,,
UKR,EST,migrazione,2022,40298,,
UKR,EST,migrazione,2023,41463,,
UKR,EST,migrazione,2024,41729,,
UKR,FIN,migrazione,2018,8,,
UKR,FIN,migrazione,2019,11,,
UKR,FIN,migrazione,2020,11,,
UKR,FIN,migrazione,2021,11,,
UKR,FIN,migrazione,2022,44953,,
UKR,FIN,migrazione,2023,63503,,
UKR,FIN,migrazione,2024,68589,,
UKR,FRA,migrazione,2018,1715,,
UKR,FRA,migrazione,2019,1839,,
UKR,FRA,migrazione,2020,1921,,
UKR,FRA,migrazione,2021,2801,,
UKR,FRA,migrazione,2022,69302,,
UKR,FRA,migrazione,2023,68181,,
UKR,FRA,migrazione,2024,68929,,
UKR,GBR,migrazione,2018,144,,
UKR,GBR,migrazione,2019,185,,
UKR,GBR,migrazione,2020,208,,
UKR,GBR,migrazione,2021,225,,
UKR,GBR,migrazione,2022,182423,,
UKR,GBR,migrazione,2023,225497,,
UKR,GBR,migrazione,2024,255141,,
UKR,GEO,migrazione,2018,617,,
UKR,GEO,migrazione,2019,306,,
UKR,GEO,migrazione,2020,493,,
UKR,GEO,migrazione,2021,481,,
UKR,GEO,migrazione,2022,26446,,
UKR,GEO,migrazione,2023,24751,,
UKR,GEO,migrazione,2024,29914,,
UKR,DEU,migrazione,2018,741,,
UKR,DEU,migrazione,2019,847,,
UKR,DEU,migrazione,2020,895,,
UKR,DEU,migrazione,2021,918,,
UKR,DEU,migrazione,2022,1002999,,
UKR,DEU,migrazione,2023,1097503,,
UKR,DEU,migrazione,2024,1205729,,
UKR,GRC,migrazione,2018,145,,
UKR,GRC,migrazione,2019,151,,
UKR,GRC,migrazione,2020,158,,
UKR,GRC,migrazione,2021,169,,
UKR,GRC,migrazione,2022,21827,,
UKR,GRC,migrazione,2023,27043,,
UKR,GRC,migrazione,2024,32830,,
UKR,HRV,migrazione,2018,8,,
UKR,HRV,migrazione,2019,8,,
UKR,HRV,migrazione,2020,8,,
UKR,HRV,migrazione,2021,8,,
UKR,HRV,migrazione,2022,19416,,
UKR,HRV,migrazione,2023,23733,,
UKR,HRV,migrazione,2024,27256,,
UKR,HUN,migrazione,2018,19,,
UKR,HUN,migrazione,2019,15,,
UKR,HUN,migrazione,2020,14,,
UKR,HUN,migrazione,2021,13,,
UKR,HUN,migrazione,2022,29632,,
UKR,HUN,migrazione,2023,57401,,
UKR,HUN,migrazione,2024,62987,,
UKR,ISL,migrazione,2018,17,,
UKR,ISL,migrazione,2019,18,,
UKR,ISL,migrazione,2020,19,,
UKR,ISL,migrazione,2021,20,,
UKR,ISL,migrazione,2022,2335,,
UKR,ISL,migrazione,2023,5425,,
UKR,ISL,migrazione,2024,4029,,
UKR,IRL,migrazione,2018,78,,
UKR,IRL,migrazione,2019,81,,
UKR,IRL,migrazione,2020,85,,
UKR,IRL,migrazione,2021,79,,
UKR,IRL,migrazione,2022,70578,,
UKR,IRL,migrazione,2023,100545,,
UKR,IRL,migrazione,2024,109081,,
UKR,ITA,migrazione,2018,5861,,
UKR,ITA,migrazione,2019,6353,,
UKR,ITA,migrazione,2020,2920,,
UKR,ITA,migrazione,2021,3379,,
UKR,ITA,migrazione,2022,149872,,
UKR,ITA,migrazione,2023,164667,,
UKR,ITA,migrazione,2024,167780,,
UKR,KGZ,migrazione,2018,19,,
UKR,KGZ,migrazione,2019,23,,
UKR,KGZ,migrazione,2020,21,,
UKR,KGZ,migrazione,2021,18,,
UKR,KGZ,migrazione,2022,14,,
UKR,KGZ,migrazione,2023,13,,
UKR,KGZ,migrazione,2024,21,,
UKR,KOR,migrazione,2018,14,,
UKR,KOR,migrazione,2019,14,,
UKR,KOR,migrazione,2020,14,,
UKR,KOR,migrazione,2021,14,,
UKR,KOR,migrazione,2022,17,,
UKR,KOR,migrazione,2023,20,,
UKR,KOR,migrazione,2024,23,,
UKR,LIE,migrazione,2018,5,,
UKR,LIE,migrazione,2019,5,,
UKR,LIE,migrazione,2020,5,,
UKR,LIE,migrazione,2021,5,,
UKR,LIE,migrazione,2022,402,,
UKR,LIE,migrazione,2023,577,,
UKR,LIE,migrazione,2024,727,,
UKR,LTU,migrazione,2018,64,,
UKR,LTU,migrazione,2019,64,,
UKR,LTU,migrazione,2020,64,,
UKR,LTU,migrazione,2021,64,,
UKR,LTU,migrazione,2022,65175,,
UKR,LTU,migrazione,2023,77340,,
UKR,LTU,migrazione,2024,50641,,
UKR,LUX,migrazione,2018,6,,
UKR,LUX,migrazione,2019,6,,
UKR,LUX,migrazione,2020,5,,
UKR,LUX,migrazione,2021,5,,
UKR,LUX,migrazione,2022,4500,,
UKR,LUX,migrazione,2023,5365,,
UKR,LUX,migrazione,2024,3747,,
UKR,MRT,migrazione,2018,5,,
UKR,MRT,migrazione,2019,5,,
UKR,MDA,migrazione,2018,58,,
UKR,MDA,migrazione,2019,53,,
UKR,MDA,migrazione,2020,33,,
UKR,MDA,migrazione,2021,18,,
UKR,MDA,migrazione,2022,98910,,
UKR,MDA,migrazione,2023,120564,,
UKR,MDA,migrazione,2024,135486,,
UKR,MEX,migrazione,2018,18,,
UKR,MEX,migrazione,2019,17,,
UKR,MEX,migrazione,2020,17,,
UKR,MEX,migrazione,2021,19,,
UKR,MEX,migrazione,2022,31,,
UKR,MEX,migrazione,2023,85,,
UKR,MEX,migrazione,2024,102,,
UKR,MLT,migrazione,2018,136,,
UKR,MLT,migrazione,2019,142,,
UKR,MLT,migrazione,2020,141,,
UKR,MLT,migrazione,2021,142,,
UKR,MLT,migrazione,2022,1765,,
UKR,MLT,migrazione,2023,2192,,
UKR,MLT,migrazione,2024,2591,,
UKR,NLD,migrazione,2018,23,,
UKR,NLD,migrazione,2019,20,,
UKR,NLD,migrazione,2020,21,,
UKR,NLD,migrazione,2021,34,,
UKR,NLD,migrazione,2022,102643,,
UKR,NLD,migrazione,2023,105338,,
UKR,NLD,migrazione,2024,118974,,
UKR,NOR,migrazione,2018,10,,
UKR,NOR,migrazione,2019,10,,
UKR,NOR,migrazione,2020,10,,
UKR,NOR,migrazione,2021,13,,
UKR,NOR,migrazione,2022,33243,,
UKR,NOR,migrazione,2023,66450,,
UKR,NOR,migrazione,2024,79112,,
UKR,PER,migrazione,2018,16,,
UKR,PER,migrazione,2019,17,,
UKR,PER,migrazione,2020,17,,
UKR,PER,migrazione,2021,17,,
UKR,PER,migrazione,2022,29,,
UKR,PER,migrazione,2023,30,,
UKR,PER,migrazione,2024,31,,
UKR,POL,migrazione,2018,464,,
UKR,POL,migrazione,2019,485,,
UKR,POL,migrazione,2020,416,,
UKR,POL,migrazione,2021,422,,
UKR,POL,migrazione,2022,958147,,
UKR,POL,migrazione,2023,955891,,
UKR,POL,migrazione,2024,991223,,
UKR,PRT,migrazione,2018,423,,
UKR,PRT,migrazione,2019,436,,
UKR,PRT,migrazione,2020,443,,
UKR,PRT,migrazione,2021,447,,
UKR,PRT,migrazione,2022,44960,,
UKR,PRT,migrazione,2023,51566,,
UKR,PRT,migrazione,2024,57141,,
UKR,ROU,migrazione,2018,28,,
UKR,ROU,migrazione,2019,22,,
UKR,ROU,migrazione,2020,20,,
UKR,ROU,migrazione,2021,17,,
UKR,ROU,migrazione,2022,100086,,
UKR,ROU,migrazione,2023,81493,,
UKR,ROU,migrazione,2024,177996,,
UKR,ESP,migrazione,2018,562,,
UKR,ESP,migrazione,2019,631,,
UKR,ESP,migrazione,2020,922,,
UKR,ESP,migrazione,2021,1515,,
UKR,ESP,migrazione,2022,159194,,
UKR,ESP,migrazione,2023,191327,,
UKR,ESP,migrazione,2024,222544,,
UKR,SRB,migrazione,2018,15,,
UKR,SRB,migrazione,2019,15,,
UKR,SRB,migrazione,2020,15,,
UKR,SRB,migrazione,2021,15,,
UKR,SRB,migrazione,2022,1108,,
UKR,SRB,migrazione,2023,4063,,
UKR,SRB,migrazione,2024,10719,,
UKR,SVK,migrazione,2018,23,,
UKR,SVK,migrazione,2019,24,,
UKR,SVK,migrazione,2020,24,,
UKR,SVK,migrazione,2021,24,,
UKR,SVK,migrazione,2022,94858,,
UKR,SVK,migrazione,2023,124962,,
UKR,SVK,migrazione,2024,142172,,
UKR,SVN,migrazione,2018,5,,
UKR,SVN,migrazione,2019,5,,
UKR,SVN,migrazione,2020,5,,
UKR,SVN,migrazione,2021,5,,
UKR,SVN,migrazione,2022,7748,,
UKR,SVN,migrazione,2023,9467,,
UKR,SVN,migrazione,2024,11296,,
UKR,SWE,migrazione,2018,215,,
UKR,SWE,migrazione,2019,223,,
UKR,SWE,migrazione,2020,232,,
UKR,SWE,migrazione,2021,226,,
UKR,SWE,migrazione,2022,46857,,
UKR,SWE,migrazione,2023,43467,,
UKR,SWE,migrazione,2024,45993,,
UKR,CHE,migrazione,2018,56,,
UKR,CHE,migrazione,2019,65,,
UKR,CHE,migrazione,2020,80,,
UKR,CHE,migrazione,2021,91,,
UKR,CHE,migrazione,2022,60162,,
UKR,CHE,migrazione,2023,66419,,
UKR,CHE,migrazione,2024,66894,,
UKR,URY,migrazione,2018,11,,
UKR,URY,migrazione,2019,11,,
UKR,URY,migrazione,2020,11,,
UKR,URY,migrazione,2021,11,,
UKR,URY,migrazione,2022,18,,
UKR,URY,migrazione,2023,18,,
UKR,URY,migrazione,2024,18,,
UKR,USA,migrazione,2018,2270,,
UKR,USA,migrazione,2019,2580,,
UKR,USA,migrazione,2020,2581,,
UKR,USA,migrazione,2021,2608,,
UKR,USA,migrazione,2022,3063,,
UKR,USA,migrazione,2023,3299,,
UKR,USA,migrazione,2024,3397,,
UKR,BOL,migrazione,2019,5,,
UKR,BOL,migrazione,2020,5,,
UKR,BOL,migrazione,2021,5,,
UKR,BOL,migrazione,2022,5,,
UKR,BOL,migrazione,2023,7,,
UKR,BOL,migrazione,2024,7,,
UKR,ISR,migrazione,2019,5,,
UKR,ISR,migrazione,2020,27,,
UKR,ISR,migrazione,2021,27,,
UKR,ISR,migrazione,2022,30,,
UKR,ISR,migrazione,2023,31,,
UKR,ISR,migrazione,2024,39,,
UKR,ZAF,migrazione,2019,5,,
UKR,ZAF,migrazione,2020,5,,
UKR,ZAF,migrazione,2021,5,,
UKR,ZAF,migrazione,2024,5,,
UKR,ALB,migrazione,2022,2542,,
UKR,ALB,migrazione,2023,4959,,
UKR,ALB,migrazione,2024,9250,,
UKR,BIH,migrazione,2022,147,,
UKR,BIH,migrazione,2023,185,,
UKR,BIH,migrazione,2024,267,,
UKR,BGR,migrazione,2022,149215,,
UKR,BGR,migrazione,2023,68276,,
UKR,BGR,migrazione,2024,74322,,
UKR,CHL,migrazione,2022,46,,
UKR,CHL,migrazione,2023,67,,
UKR,CHL,migrazione,2024,67,,
UKR,COL,migrazione,2022,8,,
UKR,COL,migrazione,2023,8,,
UKR,COL,migrazione,2024,9,,
UKR,JPN,migrazione,2022,2013,,
UKR,JPN,migrazione,2023,2077,,
UKR,JPN,migrazione,2024,2058,,
UKR,LVA,migrazione,2022,37800,,
UKR,LVA,migrazione,2023,44307,,
UKR,LVA,migrazione,2024,47687,,
UKR,MKD,migrazione,2022,6816,,
UKR,MKD,migrazione,2023,18703,,
UKR,MKD,migrazione,2024,20741,,
UKR,MNE,migrazione,2022,32346,,
UKR,MNE,migrazione,2023,64640,,
UKR,MNE,migrazione,2024,18558,,
UKR,NZL,migrazione,2022,5,,
UKR,NZL,migrazione,2023,10,,
UKR,NZL,migrazione,2024,23,,
UKR,PAN,migrazione,2022,11,,
UKR,PAN,migrazione,2023,19,,
UKR,PAN,migrazione,2024,21,,
UKR,PRY,migrazione,2022,9,,
UKR,PRY,migrazione,2023,9,,
UKR,PRY,migrazione,2024,9,,
UKR,TUR,migrazione,2022,2768,,
UKR,TUR,migrazione,2023,3232,,
UKR,TUR,migrazione,2024,2616,,
UKR,DOM,migrazione,2023,6,,
UKR,DOM,migrazione,2024,5,,
UKR,KAZ,migrazione,2023,68,,
UKR,KAZ,migrazione,2024,99,,
UKR,GTM,migrazione,2024,5,,
UKR,SDN,coinvolgimento_militare,2023-Q4,2,,
UKR,SDN,coinvolgimento_militare,2024-Q1,1,,
SDN,DZA,migrazione,2018,5,,
SDN,DZA,migrazione,2019,8,,
SDN,DZA,migrazione,2020,13,,
SDN,DZA,migrazione,2021,33,,
SDN,DZA,migrazione,2022,34,,
SDN,DZA,migrazione,2023,43,,
SDN,DZA,migrazione,2024,114,,
SDN,AGO,migrazione,2018,280,,
SDN,AGO,migrazione,2019,280,,
SDN,AGO,migrazione,2020,279,,
SDN,AGO,migrazione,2021,279,,
SDN,AGO,migrazione,2022,279,,
SDN,AGO,migrazione,2023,279,,
SDN,AGO,migrazione,2024,279,,
SDN,EGY,migrazione,2018,19540,,
SDN,EGY,migrazione,2019,21861,,
SDN,EGY,migrazione,2020,25283,,
SDN,EGY,migrazione,2021,25476,,
SDN,EGY,migrazione,2022,25476,,
SDN,EGY,migrazione,2023,26213,,
SDN,EGY,migrazione,2024,27696,,
SDN,ARG,migrazione,2018,5,,
SDN,ARG,migrazione,2019,5,,
SDN,ARG,migrazione,2020,5,,
SDN,ARG,migrazione,2021,5,,
SDN,ARG,migrazione,2022,5,,
SDN,ARG,migrazione,2023,5,,
SDN,ARG,migrazione,2024,5,,
SDN,AUS,migrazione,2018,484,,
SDN,AUS,migrazione,2019,543,,
SDN,AUS,migrazione,2020,554,,
SDN,AUS,migrazione,2021,556,,
SDN,AUS,migrazione,2022,611,,
SDN,AUS,migrazione,2023,305,,
SDN,AUS,migrazione,2024,402,,
SDN,AUT,migrazione,2018,321,,
SDN,AUT,migrazione,2019,344,,
SDN,AUT,migrazione,2020,336,,
SDN,AUT,migrazione,2021,296,,
SDN,AUT,migrazione,2022,298,,
SDN,AUT,migrazione,2023,274,,
SDN,AUT,migrazione,2024,328,,
SDN,BEL,migrazione,2018,174,,
SDN,BEL,migrazione,2019,265,,
SDN,BEL,migrazione,2020,259,,
SDN,BEL,migrazione,2021,299,,
SDN,BEL,migrazione,2022,296,,
SDN,BEL,migrazione,2023,295,,
SDN,BEL,migrazione,2024,351,,
SDN,BWA,migrazione,2018,5,,
SDN,BWA,migrazione,2019,5,,
SDN,BWA,migrazione,2020,5,,
SDN,BWA,migrazione,2021,5,,
SDN,BWA,migrazione,2022,5,,
SDN,BWA,migrazione,2023,5,,
SDN,BRA,migrazione,2018,73,,
SDN,BRA,migrazione,2019,73,,
SDN,BRA,migrazione,2020,76,,
SDN,BRA,migrazione,2021,77,,
SDN,BRA,migrazione,2022,86,,
SDN,BRA,migrazione,2023,58,,
SDN,BRA,migrazione,2024,59,,
SDN,BGR,migrazione,2018,16,,
SDN,BGR,migrazione,2019,17,,
SDN,BGR,migrazione,2020,12,,
SDN,BGR,migrazione,2021,12,,
SDN,BGR,migrazione,2022,12,,
SDN,CAN,migrazione,2018,1173,,
SDN,CAN,migrazione,2019,1399,,
SDN,CAN,migrazione,2020,1776,,
SDN,CAN,migrazione,2021,2185,,
SDN,CAN,migrazione,2022,564,,
SDN,CAN,migrazione,2023,639,,
SDN,CAN,migrazione,2024,832,,
SDN,CAF,migrazione,2018,518,,
SDN,CAF,migrazione,2019,405,,
SDN,CAF,migrazione,2020,387,,
SDN,CAF,migrazione,2021,394,,
SDN,CAF,migrazione,2022,478,,
SDN,CAF,migrazione,2023,21816,,
SDN,CAF,migrazione,2024,29932,,
SDN,TCD,migrazione,2018,336674,,
SDN,TCD,migrazione,2019,335246,,
SDN,TCD,migrazione,2020,364535,,
SDN,TCD,migrazione,2021,375999,,
SDN,TCD,migrazione,2022,403846,,
SDN,TCD,migrazione,2023,923323,,
SDN,TCD,migrazione,2024,1109357,,
SDN,CMR,migrazione,2018,94,,
SDN,CMR,migrazione,2019,98,,
SDN,CMR,migrazione,2020,102,,
SDN,CMR,migrazione,2021,65,,
SDN,CMR,migrazione,2022,63,,
SDN,CMR,migrazione,2023,105,,
SDN,CMR,migrazione,2024,243,,
SDN,COG,migrazione,2018,30,,
SDN,COG,migrazione,2019,25,,
SDN,COG,migrazione,2020,31,,
SDN,COG,migrazione,2021,30,,
SDN,COG,migrazione,2022,32,,
SDN,COG,migrazione,2023,35,,
SDN,COG,migrazione,2024,44,,
SDN,COD,migrazione,2018,152,,
SDN,COD,migrazione,2019,20,,
SDN,COD,migrazione,2020,32,,
SDN,COD,migrazione,2021,2023,,
SDN,COD,migrazione,2022,69,,
SDN,COD,migrazione,2023,62,,
SDN,COD,migrazione,2024,56,,
SDN,CYP,migrazione,2018,13,,
SDN,CYP,migrazione,2019,13,,
SDN,CYP,migrazione,2020,13,,
SDN,CYP,migrazione,2021,14,,
SDN,CYP,migrazione,2022,14,,
SDN,CYP,migrazione,2023,31,,
SDN,CYP,migrazione,2024,92,,
SDN,CZE,migrazione,2018,11,,
SDN,CZE,migrazione,2019,11,,
SDN,CZE,migrazione,2020,9,,
SDN,CZE,migrazione,2021,9,,
SDN,CZE,migrazione,2022,7,,
SDN,CZE,migrazione,2023,8,,
SDN,CZE,migrazione,2024,8,,
SDN,DNK,migrazione,2018,71,,
SDN,DNK,migrazione,2019,65,,
SDN,DNK,migrazione,2020,63,,
SDN,DNK,migrazione,2021,53,,
SDN,DNK,migrazione,2022,43,,
SDN,DNK,migrazione,2023,37,,
SDN,DNK,migrazione,2024,416,,
SDN,DJI,migrazione,2018,7,,
SDN,DJI,migrazione,2019,7,,
SDN,DJI,migrazione,2020,7,,
SDN,DJI,migrazione,2021,9,,
SDN,DJI,migrazione,2022,10,,
SDN,DJI,migrazione,2023,15,,
SDN,DJI,migrazione,2024,17,,
SDN,ECU,migrazione,2018,5,,
SDN,ECU,migrazione,2019,5,,
SDN,ECU,migrazione,2020,5,,
SDN,ECU,migrazione,2021,5,,
SDN,ECU,migrazione,2022,5,,
SDN,ECU,migrazione,2023,5,,
SDN,ERI,migrazione,2018,70,,
SDN,ERI,migrazione,2019,99,,
SDN,ERI,migrazione,2020,99,,
SDN,ERI,migrazione,2021,99,,
SDN,ERI,migrazione,2022,99,,
SDN,ERI,migrazione,2023,99,,
SDN,ERI,migrazione,2024,99,,
SDN,EST,migrazione,2018,18,,
SDN,EST,migrazione,2019,16,,
SDN,EST,migrazione,2020,14,,
SDN,EST,migrazione,2021,16,,
SDN,EST,migrazione,2022,15,,
SDN,EST,migrazione,2023,12,,
SDN,EST,migrazione,2024,9,,
SDN,ETH,migrazione,2018,44003,,
SDN,ETH,migrazione,2019,41479,,
SDN,ETH,migrazione,2020,43566,,
SDN,ETH,migrazione,2021,45843,,
SDN,ETH,migrazione,2022,48020,,
SDN,ETH,migrazione,2023,77424,,
SDN,ETH,migrazione,2024,90442,,
SDN,ETH,coinvolgimento_militare,2022-Q2,3,,
SDN,ETH,coinvolgimento_militare,2019-Q4,1,,
SDN,ETH,coinvolgimento_militare,2020-Q2,1,,
SDN,ETH,coinvolgimento_militare,2021-Q1,1,,
SDN,ETH,coinvolgimento_militare,2018-Q2,2,,
SDN,ETH,coinvolgimento_militare,2018-Q3,1,,
SDN,ETH,coinvolgimento_militare,2021-Q2,1,,
SDN,FIN,migrazione,2018,39,,
SDN,FIN,migrazione,2019,46,,
SDN,FIN,migrazione,2020,50,,
SDN,FIN,migrazione,2021,55,,
SDN,FIN,migrazione,2022,56,,
SDN,FIN,migrazione,2023,65,,
SDN,FIN,migrazione,2024,62,,
SDN,FRA,migrazione,2018,14700,,
SDN,FRA,migrazione,2019,18473,,
SDN,FRA,migrazione,2020,20236,,
SDN,FRA,migrazione,2021,23719,,
SDN,FRA,migrazione,2022,24979,,
SDN,FRA,migrazione,2023,26521,,
SDN,FRA,migrazione,2024,29267,,
SDN,GAB,migrazione,2018,5,,
SDN,GAB,migrazione,2021,5,,
SDN,GAB,migrazione,2022,5,,
SDN,GAB,migrazione,2023,5,,
SDN,GAB,migrazione,2024,11,,
SDN,GBR,migrazione,2018,8959,,
SDN,GBR,migrazione,2019,10575,,
SDN,GBR,migrazione,2020,10994,,
SDN,GBR,migrazione,2021,11305,,
SDN,GBR,migrazione,2022,11807,,
SDN,GBR,migrazione,2023,15893,,
SDN,GBR,migrazione,2024,18957,,
SDN,GEO,migrazione,2018,6,,
SDN,GEO,migrazione,2019,6,,
SDN,GEO,migrazione,2020,6,,
SDN,GEO,migrazione,2021,6,,
SDN,GEO,migrazione,2022,6,,
SDN,GEO,migrazione,2023,6,,
SDN,GEO,migrazione,2024,6,,
SDN,DEU,migrazione,2018,2436,,
SDN,DEU,migrazione,2019,2606,,
SDN,DEU,migrazione,2020,2774,,
SDN,DEU,migrazione,2021,2909,,
SDN,DEU,migrazione,2022,2108,,
SDN,DEU,migrazione,2023,3527,,
SDN,DEU,migrazione,2024,4525,,
SDN,GHA,migrazione,2018,413,,
SDN,GHA,migrazione,2019,485,,
SDN,GHA,migrazione,2020,588,,
SDN,GHA,migrazione,2021,584,,
SDN,GHA,migrazione,2022,610,,
SDN,GHA,migrazione,2023,583,,
SDN,GHA,migrazione,2024,830,,
SDN,GRC,migrazione,2018,443,,
SDN,GRC,migrazione,2019,465,,
SDN,GRC,migrazione,2020,519,,
SDN,GRC,migrazione,2021,561,,
SDN,GRC,migrazione,2022,787,,
SDN,GRC,migrazione,2023,1572,,
SDN,GRC,migrazione,2024,1662,,
SDN,HRV,migrazione,2018,5,,
SDN,HRV,migrazione,2019,5,,
SDN,HRV,migrazione,2020,5,,
SDN,HRV,migrazione,2021,5,,
SDN,HRV,migrazione,2022,5,,
SDN,HRV,migrazione,2023,5,,
SDN,HRV,migrazione,2024,5,,
SDN,HUN,migrazione,2018,68,,
SDN,HUN,migrazione,2019,67,,
SDN,HUN,migrazione,2020,67,,
SDN,HUN,migrazione,2021,65,,
SDN,HUN,migrazione,2022,62,,
SDN,HUN,migrazione,2023,61,,
SDN,HUN,migrazione,2024,61,,
SDN,ISL,migrazione,2018,5,,
SDN,ISL,migrazione,2019,6,,
SDN,ISL,migrazione,2020,7,,
SDN,ISL,migrazione,2021,7,,
SDN,ISL,migrazione,2022,10,,
SDN,ISL,migrazione,2023,10,,
SDN,ISL,migrazione,2024,10,,
SDN,CIV,migrazione,2018,9,,
SDN,CIV,migrazione,2019,10,,
SDN,CIV,migrazione,2020,10,,
SDN,CIV,migrazione,2021,9,,
SDN,CIV,migrazione,2022,9,,
SDN,CIV,migrazione,2023,8,,
SDN,CIV,migrazione,2024,8,,
SDN,IND,migrazione,2018,78,,
SDN,IND,migrazione,2019,69,,
SDN,IND,migrazione,2020,65,,
SDN,IND,migrazione,2021,61,,
SDN,IND,migrazione,2022,82,,
SDN,IND,migrazione,2023,151,,
SDN,IND,migrazione,2024,200,,
SDN,IDN,migrazione,2018,400,,
SDN,IDN,migrazione,2019,400,,
SDN,IDN,migrazione,2020,409,,
SDN,IDN,migrazione,2021,397,,
SDN,IDN,migrazione,2022,395,,
SDN,IDN,migrazione,2023,328,,
SDN,IDN,migrazione,2024,302,,
SDN,IRL,migrazione,2018,159,,
SDN,IRL,migrazione,2019,202,,
SDN,IRL,migrazione,2020,212,,
SDN,IRL,migrazione,2021,229,,
SDN,IRL,migrazione,2022,220,,
SDN,IRL,migrazione,2023,246,,
SDN,IRL,migrazione,2024,343,,
SDN,IRQ,migrazione,2018,85,,
SDN,IRQ,migrazione,2019,88,,
SDN,IRQ,migrazione,2020,94,,
SDN,IRQ,migrazione,2021,92,,
SDN,IRQ,migrazione,2022,98,,
SDN,IRQ,migrazione,2023,84,,
SDN,IRQ,migrazione,2024,97,,
SDN,ISR,migrazione,2018,3351,,
SDN,ISR,migrazione,2019,3248,,
SDN,ISR,migrazione,2020,1157,,
SDN,ISR,migrazione,2021,490,,
SDN,ISR,migrazione,2022,490,,
SDN,ISR,migrazione,2023,490,,
SDN,ISR,migrazione,2024,491,,
SDN,ITA,migrazione,2018,1579,,
SDN,ITA,migrazione,2019,1718,,
SDN,ITA,migrazione,2020,1298,,
SDN,ITA,migrazione,2021,1211,,
SDN,ITA,migrazione,2022,1095,,
SDN,ITA,migrazione,2023,1524,,
SDN,ITA,migrazione,2024,1555,,
SDN,JOR,migrazione,2018,2788,,
SDN,JOR,migrazione,2019,2996,,
SDN,JOR,migrazione,2020,3562,,
SDN,JOR,migrazione,2021,3697,,
SDN,JOR,migrazione,2022,3336,,
SDN,JOR,migrazione,2023,3180,,
SDN,JOR,migrazione,2024,3149,,
SDN,JPN,migrazione,2018,15,,
SDN,JPN,migrazione,2019,15,,
SDN,JPN,migrazione,2020,16,,
SDN,JPN,migrazione,2021,16,,
SDN,JPN,migrazione,2022,16,,
SDN,JPN,migrazione,2023,51,,
SDN,JPN,migrazione,2024,85,,
SDN,KEN,migrazione,2018,3582,,
SDN,KEN,migrazione,2019,3568,,
SDN,KEN,migrazione,2020,3998,,
SDN,KEN,migrazione,2021,4213,,
SDN,KEN,migrazione,2022,5540,,
SDN,KEN,migrazione,2023,5478,,
SDN,KEN,migrazione,2024,6652,,
SDN,KOR,migrazione,2018,19,,
SDN,KOR,migrazione,2019,21,,
SDN,KOR,migrazione,2020,31,,
SDN,KOR,migrazione,2021,32,,
SDN,KOR,migrazione,2022,39,,
SDN,KOR,migrazione,2023,42,,
SDN,KOR,migrazione,2024,58,,
SDN,LBR,migrazione,2018,8,,
SDN,LBR,migrazione,2019,8,,
SDN,LBR,migrazione,2020,8,,
SDN,LBR,migrazione,2021,11,,
SDN,LBR,migrazione,2022,11,,
SDN,LBR,migrazione,2023,11,,
SDN,LBR,migrazione,2024,11,,
SDN,LBY,migrazione,2018,956,,
SDN,LBY,migrazione,2019,797,,
SDN,LBY,migrazione,2020,1002,,
SDN,LBY,migrazione,2021,1336,,
SDN,LBY,migrazione,2022,1133,,
SDN,LBY,migrazione,2023,975,,
SDN,LBY,migrazione,2024,199388,,
SDN,LBN,migrazione,2018,668,,
SDN,LBN,migrazione,2019,641,,
SDN,LBN,migrazione,2020,668,,
SDN,LBN,migrazione,2021,728,,
SDN,LBN,migrazione,2022,769,,
SDN,LBN,migrazione,2023,756,,
SDN,LBN,migrazione,2024,822,,
SDN,MRT,migrazione,2018,11,,
SDN,MRT,migrazione,2019,10,,
SDN,MRT,migrazione,2020,11,,
SDN,MRT,migrazione,2021,13,,
SDN,MRT,migrazione,2022,13,,
SDN,MRT,migrazione,2023,14,,
SDN,MRT,migrazione,2024,15,,
SDN,MDA,migrazione,2018,9,,
SDN,MDA,migrazione,2019,9,,
SDN,MDA,migrazione,2020,8,,
SDN,MDA,migrazione,2021,9,,
SDN,MDA,migrazione,2022,9,,
SDN,MDA,migrazione,2023,9,,
SDN,MDA,migrazione,2024,10,,
SDN,MYS,migrazione,2018,102,,
SDN,MYS,migrazione,2019,158,,
SDN,MYS,migrazione,2020,163,,
SDN,MYS,migrazione,2021,182,,
SDN,MYS,migrazione,2022,178,,
SDN,MYS,migrazione,2023,168,,
SDN,MYS,migrazione,2024,227,,
SDN,MAR,migrazione,2018,10,,
SDN,MAR,migrazione,2019,18,,
SDN,MAR,migrazione,2020,20,,
SDN,MAR,migrazione,2021,54,,
SDN,MAR,migrazione,2022,244,,
SDN,MAR,migrazione,2023,385,,
SDN,MAR,migrazione,2024,442,,
SDN,MOZ,migrazione,2018,5,,
SDN,MOZ,migrazione,2019,5,,
SDN,MOZ,migrazione,2020,5,,
SDN,MOZ,migrazione,2021,5,,
SDN,MOZ,migrazione,2022,5,,
SDN,MOZ,migrazione,2023,5,,
SDN,MOZ,migrazione,2024,5,,
SDN,MLT,migrazione,2018,194,,
SDN,MLT,migrazione,2019,199,,
SDN,MLT,migrazione,2020,218,,
SDN,MLT,migrazione,2021,224,,
SDN,MLT,migrazione,2022,226,,
SDN,MLT,migrazione,2023,226,,
SDN,MLT,migrazione,2024,109,,
SDN,NAM,migrazione,2018,5,,
SDN,NAM,migrazione,2019,6,,
SDN,NAM,migrazione,2020,7,,
SDN,NAM,migrazione,2021,7,,
SDN,NAM,migrazione,2022,7,,
SDN,NAM,migrazione,2023,7,,
SDN,NAM,migrazione,2024,7,,
SDN,NLD,migrazione,2018,819,,
SDN,NLD,migrazione,2019,792,,
SDN,NLD,migrazione,2020,757,,
SDN,NLD,migrazione,2021,676,,
SDN,NLD,migrazione,2022,1083,,
SDN,NLD,migrazione,2023,1045,,
SDN,NLD,migrazione,2024,1073,,
SDN,NER,migrazione,2018,19,,
SDN,NER,migrazione,2019,409,,
SDN,NER,migrazione,2020,1042,,
SDN,NER,migrazione,2021,850,,
SDN,NER,migrazione,2022,960,,
SDN,NER,migrazione,2023,1163,,
SDN,NER,migrazione,2024,1063,,
SDN,NGA,migrazione,2018,49,,
SDN,NGA,migrazione,2019,47,,
SDN,NGA,migrazione,2020,47,,
SDN,NGA,migrazione,2021,47,,
SDN,NGA,migrazione,2022,53,,
SDN,NGA,migrazione,2023,41,,
SDN,NGA,migrazione,2024,121,,
SDN,NOR,migrazione,2018,1938,,
SDN,NOR,migrazione,2019,1906,,
SDN,NOR,migrazione,2020,1848,,
SDN,NOR,migrazione,2021,1703,,
SDN,NOR,migrazione,2022,1331,,
SDN,NOR,migrazione,2023,941,,
SDN,NOR,migrazione,2024,1107,,
SDN,NRU,migrazione,2018,13,,
SDN,NRU,migrazione,2019,11,,
SDN,NRU,migrazione,2020,8,,
SDN,NRU,migrazione,2021,5,,
SDN,NZL,migrazione,2018,5,,
SDN,NZL,migrazione,2019,8,,
SDN,NZL,migrazione,2020,6,,
SDN,NZL,migrazione,2021,6,,
SDN,NZL,migrazione,2022,9,,
SDN,NZL,migrazione,2023,8,,
SDN,NZL,migrazione,2024,27,,
SDN,PAN,migrazione,2018,5,,
SDN,PAN,migrazione,2019,5,,
SDN,PAN,migrazione,2020,5,,
SDN,PAN,migrazione,2021,5,,
SDN,PAN,migrazione,2022,5,,
SDN,PAN,migrazione,2023,5,,
SDN,PHL,migrazione,2018,6,,
SDN,PHL,migrazione,2019,6,,
SDN,PHL,migrazione,2020,6,,
SDN,PHL,migrazione,2021,7,,
SDN,PHL,migrazione,2022,7,,
SDN,PHL,migrazione,2023,11,,
SDN,PHL,migrazione,2024,18,,
SDN,PNG,migrazione,2018,75,,
SDN,PNG,migrazione,2019,55,,
SDN,PNG,migrazione,2020,42,,
SDN,PNG,migrazione,2021,33,,
SDN,PNG,migrazione,2022,10,,
SDN,PNG,migrazione,2023,9,,
SDN,PNG,migrazione,2024,5,,
SDN,POL,migrazione,2018,5,,
SDN,POL,migrazione,2019,5,,
SDN,POL,migrazione,2023,12,,
SDN,POL,migrazione,2024,12,,
SDN,PRT,migrazione,2018,23,,
SDN,PRT,migrazione,2019,49,,
SDN,PRT,migrazione,2020,52,,
SDN,PRT,migrazione,2021,62,,
SDN,PRT,migrazione,2022,98,,
SDN,PRT,migrazione,2023,95,,
SDN,PRT,migrazione,2024,94,,
SDN,ROU,migrazione,2018,16,,
SDN,ROU,migrazione,2019,16,,
SDN,ROU,migrazione,2020,16,,
SDN,ROU,migrazione,2021,24,,
SDN,ROU,migrazione,2022,28,,
SDN,ROU,migrazione,2023,48,,
SDN,ROU,migrazione,2024,129,,
SDN,ZAF,migrazione,2018,112,,
SDN,ZAF,migrazione,2019,95,,
SDN,ZAF,migrazione,2020,93,,
SDN,ZAF,migrazione,2021,86,,
SDN,ZAF,migrazione,2022,72,,
SDN,ZAF,migrazione,2023,71,,
SDN,ZAF,migrazione,2024,73,,
SDN,RUS,migrazione,2018,7,,
SDN,RUS,migrazione,2019,6,,
SDN,RUS,migrazione,2020,5,,
SDN,RUS,migrazione,2021,5,,
SDN,RUS,migrazione,2022,5,,
SDN,RUS,migrazione,2023,18,,
SDN,RUS,migrazione,2024,23,,
SDN,SLE,migrazione,2018,9,,
SDN,SOM,migrazione,2018,5,,
SDN,SOM,migrazione,2019,5,,
SDN,SOM,migrazione,2023,124,,
SDN,SOM,migrazione,2024,273,,
SDN,ESP,migrazione,2018,52,,
SDN,ESP,migrazione,2019,63,,
SDN,ESP,migrazione,2020,161,,
SDN,ESP,migrazione,2021,322,,
SDN,ESP,migrazione,2022,849,,
SDN,ESP,migrazione,2023,1209,,
SDN,ESP,migrazione,2024,1378,,
SDN,SRB,migrazione,2018,5,,
SDN,SRB,migrazione,2019,5,,
SDN,SRB,migrazione,2020,5,,
SDN,SRB,migrazione,2021,5,,
SDN,SRB,migrazione,2022,5,,
SDN,SRB,migrazione,2023,5,,
SDN,SRB,migrazione,2024,5,,
SDN,SSD,migrazione,2018,269924,,
SDN,SSD,migrazione,2019,275563,,
SDN,SSD,migrazione,2020,291249,,
SDN,SSD,migrazione,2021,308174,,
SDN,SSD,migrazione,2022,290740,,
SDN,SSD,migrazione,2023,359581,,
SDN,SSD,migrazione,2024,487652,,
SDN,SSD,coinvolgimento_militare,2020-Q1,3,,
SDN,SSD,coinvolgimento_militare,2019-Q1,3,,
SDN,SSD,coinvolgimento_militare,2018-Q4,1,,
SDN,SSD,coinvolgimento_militare,2023-Q1,2,,
SDN,SSD,coinvolgimento_militare,2019-Q4,3,,
SDN,SSD,coinvolgimento_militare,2024-Q3,1,,
SDN,SSD,coinvolgimento_militare,2024-Q4,1,,
SDN,SSD,coinvolgimento_militare,2020-Q4,1,,
SDN,SSD,coinvolgimento_militare,2022-Q1,1,,
SDN,SSD,coinvolgimento_militare,2022-Q3,1,,
SDN,SVN,migrazione,2018,6,,
SDN,SVN,migrazione,2019,5,,
SDN,SVN,migrazione,2020,6,,
SDN,SVN,migrazione,2021,6,,
SDN,SVN,migrazione,2022,6,,
SDN,SVN,migrazione,2023,6,,
SDN,SVN,migrazione,2024,6,,
SDN,SWE,migrazione,2018,1075,,
SDN,SWE,migrazione,2019,1128,,
SDN,SWE,migrazione,2020,1132,,
SDN,SWE,migrazione,2021,1091,,
SDN,SWE,migrazione,2022,1060,,
SDN,SWE,migrazione,2023,754,,
SDN,SWE,migrazione,2024,2272,,
SDN,CHE,migrazione,2018,297,,
SDN,CHE,migrazione,2019,326,,
SDN,CHE,migrazione,2020,324,,
SDN,CHE,migrazione,2021,525,,
SDN,CHE,migrazione,2022,554,,
SDN,CHE,migrazione,2023,558,,
SDN,CHE,migrazione,2024,576,,
SDN,SYR,migrazione,2018,769,,
SDN,SYR,migrazione,2019,718,,
SDN,SYR,migrazione,2020,719,,
SDN,SYR,migrazione,2021,726,,
SDN,SYR,migrazione,2022,727,,
SDN,SYR,migrazione,2023,732,,
SDN,SYR,migrazione,2024,720,,
SDN,THA,migrazione,2018,12,,
SDN,THA,migrazione,2019,5,,
SDN,THA,migrazione,2023,7,,
SDN,THA,migrazione,2024,11,,
SDN,TUN,migrazione,2018,26,,
SDN,TUN,migrazione,2019,51,,
SDN,TUN,migrazione,2020,144,,
SDN,TUN,migrazione,2021,172,,
SDN,TUN,migrazione,2022,205,,
SDN,TUN,migrazione,2023,226,,
SDN,TUN,migrazione,2024,153,,
SDN,TUR,migrazione,2018,266,,
SDN,ARE,migrazione,2018,8,,
SDN,ARE,migrazione,2019,8,,
SDN,ARE,migrazione,2020,13,,
SDN,ARE,migrazione,2021,13,,
SDN,ARE,migrazione,2022,14,,
SDN,ARE,migrazione,2023,13,,
SDN,ARE,migrazione,2024,9,,
SDN,UGA,migrazione,2018,2802,,
SDN,UGA,migrazione,2019,2627,,
SDN,UGA,migrazione,2020,2790,,
SDN,UGA,migrazione,2021,3003,,
SDN,UGA,migrazione,2022,2871,,
SDN,UGA,migrazione,2023,14971,,
SDN,UGA,migrazione,2024,65367,,
SDN,UKR,migrazione,2018,29,,
SDN,UKR,migrazione,2019,28,,
SDN,UKR,migrazione,2020,27,,
SDN,UKR,migrazione,2021,27,,
SDN,UKR,migrazione,2022,22,,
SDN,UKR,migrazione,2023,19,,
SDN,UKR,migrazione,2024,20,,
SDN,USA,migrazione,2018,1411,,
SDN,USA,migrazione,2019,1441,,
SDN,USA,migrazione,2020,1412,,
SDN,USA,migrazione,2021,1375,,
SDN,USA,migrazione,2022,1363,,
SDN,USA,migrazione,2023,1367,,
SDN,USA,migrazione,2024,1371,,
SDN,YEM,migrazione,2018,119,,
SDN,YEM,migrazione,2019,119,,
SDN,YEM,migrazione,2020,119,,
SDN,YEM,migrazione,2021,109,,
SDN,YEM,migrazione,2022,111,,
SDN,YEM,migrazione,2023,102,,
SDN,YEM,migrazione,2024,103,,
SDN,ZMB,migrazione,2018,26,,
SDN,ZMB,migrazione,2019,28,,
SDN,ZMB,migrazione,2020,28,,
SDN,ZMB,migrazione,2021,29,,
SDN,ZMB,migrazione,2022,28,,
SDN,ZMB,migrazione,2023,22,,
SDN,ZMB,migrazione,2024,36,,
SDN,BEN,migrazione,2019,6,,
SDN,BEN,migrazione,2020,9,,
SDN,BEN,migrazione,2021,18,,
SDN,BEN,migrazione,2022,30,,
SDN,BEN,migrazione,2023,35,,
SDN,BEN,migrazione,2024,46,,
SDN,HKG,migrazione,2019,5,,
SDN,HKG,migrazione,2020,5,,
SDN,HKG,migrazione,2021,5,,
SDN,HKG,migrazione,2022,5,,
SDN,HKG,migrazione,2023,5,,
SDN,HKG,migrazione,2024,5,,
SDN,LUX,migrazione,2019,7,,
SDN,LUX,migrazione,2020,46,,
SDN,LUX,migrazione,2021,56,,
SDN,LUX,migrazione,2022,78,,
SDN,LUX,migrazione,2023,93,,
SDN,LUX,migrazione,2024,86,,
SDN,RWA,migrazione,2019,13,,
SDN,RWA,migrazione,2020,11,,
SDN,RWA,migrazione,2021,78,,
SDN,RWA,migrazione,2022,120,,
SDN,RWA,migrazione,2023,132,,
SDN,RWA,migrazione,2024,364,,
SDN,SEN,migrazione,2019,5,,
SDN,SEN,migrazione,2020,5,,
SDN,SEN,migrazione,2021,5,,
SDN,SEN,migrazione,2023,5,,
SDN,ZWE,migrazione,2019,5,,
SDN,ZWE,migrazione,2020,7,,
SDN,ZWE,migrazione,2021,8,,
SDN,ZWE,migrazione,2022,6,,
SDN,ZWE,migrazione,2023,5,,
SDN,ZWE,migrazione,2024,5,,
SDN,CUB,migrazione,2020,10,,
SDN,CUB,migrazione,2021,10,,
SDN,CUB,migrazione,2022,7,,
SDN,CUB,migrazione,2023,6,,
SDN,CUB,migrazione,2024,5,,
SDN,LKA,migrazione,2020,5,,
SDN,LKA,migrazione,2021,5,,
SDN,LKA,migrazione,2022,9,,
SDN,LKA,migrazione,2023,5,,
SDN,ARM,migrazione,2024,5,,
SDN,LVA,migrazione,2024,7,,
SDN,SAU,coinvolgimento_militare,2018-Q3,3,,
SDN,SAU,coinvolgimento_militare,2023-Q4,1,,
SDN,SAU,coinvolgimento_militare,2020-Q3,2,,
SDN,SAU,coinvolgimento_militare,2020-Q4,1,,
SDN,SAU,coinvolgimento_militare,2019-Q2,2,,
SSD,EGY,migrazione,2018,7737,,
SSD,EGY,migrazione,2019,14832,,
SSD,EGY,migrazione,2020,18179,,
SSD,EGY,migrazione,2021,18673,,
SSD,EGY,migrazione,2022,21309,,
SSD,EGY,migrazione,2023,25089,,
SSD,EGY,migrazione,2024,26571,,
SSD,AUS,migrazione,2018,8,,
SSD,AUS,migrazione,2019,8,,
SSD,AUS,migrazione,2020,13,,
SSD,AUS,migrazione,2021,20,,
SSD,AUS,migrazione,2022,28,,
SSD,AUS,migrazione,2023,16,,
SSD,AUS,migrazione,2024,23,,
SSD,AUT,migrazione,2018,6,,
SSD,AUT,migrazione,2019,6,,
SSD,AUT,migrazione,2020,6,,
SSD,AUT,migrazione,2021,6,,
SSD,AUT,migrazione,2022,6,,
SSD,AUT,migrazione,2024,5,,
SSD,CAN,migrazione,2018,13,,
SSD,CAN,migrazione,2019,6,,
SSD,CAN,migrazione,2020,6,,
SSD,CAN,migrazione,2021,19,,
SSD,CAN,migrazione,2022,19,,
SSD,CAN,migrazione,2023,16,,
SSD,CAN,migrazione,2024,26,,
SSD,CAF,migrazione,2018,2573,,
SSD,CAF,migrazione,2019,2235,,
SSD,CAF,migrazione,2020,1802,,
SSD,CAF,migrazione,2021,1894,,
SSD,CAF,migrazione,2022,2665,,
SSD,CAF,migrazione,2023,2786,,
SSD,CAF,migrazione,2024,3204,,
SSD,TCD,migrazione,2018,8,,
SSD,TCD,migrazione,2019,9,,
SSD,TCD,migrazione,2020,9,,
SSD,TCD,migrazione,2021,11,,
SSD,TCD,migrazione,2022,25,,
SSD,TCD,migrazione,2023,80,,
SSD,TCD,migrazione,2024,75,,
SSD,CMR,migrazione,2018,13,,
SSD,CMR,migrazione,2019,13,,
SSD,CMR,migrazione,2020,13,,
SSD,CMR,migrazione,2022,5,,
SSD,CMR,migrazione,2023,5,,
SSD,CMR,migrazione,2024,15,,
SSD,COD,migrazione,2018,95704,,
SSD,COD,migrazione,2019,88717,,
SSD,COD,migrazione,2020,54755,,
SSD,COD,migrazione,2021,56341,,
SSD,COD,migrazione,2022,55829,,
SSD,COD,migrazione,2023,53307,,
SSD,COD,migrazione,2024,55325,,
SSD,ERI,migrazione,2018,8,,
SSD,ERI,migrazione,2019,7,,
SSD,ERI,migrazione,2020,7,,
SSD,ERI,migrazione,2021,7,,
SSD,ERI,migrazione,2022,5,,
SSD,ERI,migrazione,2023,5,,
SSD,ERI,migrazione,2024,5,,
SSD,ETH,migrazione,2018,422135,,
SSD,ETH,migrazione,2019,334014,,
SSD,ETH,migrazione,2020,365030,,
SSD,ETH,migrazione,2021,386750,,
SSD,ETH,migrazione,2022,409422,,
SSD,ETH,migrazione,2023,418231,,
SSD,ETH,migrazione,2024,420129,,
SSD,ETH,coinvolgimento_militare,2022-Q1,1,,
SSD,FIN,migrazione,2018,8,,
SSD,FIN,migrazione,2019,8,,
SSD,FIN,migrazione,2020,8,,
SSD,FIN,migrazione,2021,8,,
SSD,FIN,migrazione,2022,8,,
SSD,FIN,migrazione,2023,9,,
SSD,FIN,migrazione,2024,8,,
SSD,FRA,migrazione,2018,40,,
SSD,FRA,migrazione,2019,83,,
SSD,FRA,migrazione,2020,123,,
SSD,FRA,migrazione,2021,218,,
SSD,FRA,migrazione,2022,267,,
SSD,FRA,migrazione,2023,406,,
SSD,FRA,migrazione,2024,669,,
SSD,GBR,migrazione,2018,44,,
SSD,GBR,migrazione,2019,55,,
SSD,GBR,migrazione,2020,67,,
SSD,GBR,migrazione,2021,78,,
SSD,GBR,migrazione,2022,125,,
SSD,GBR,migrazione,2023,266,,
SSD,GBR,migrazione,2024,489,,
SSD,DEU,migrazione,2018,76,,
SSD,DEU,migrazione,2019,86,,
SSD,DEU,migrazione,2020,101,,
SSD,DEU,migrazione,2021,249,,
SSD,DEU,migrazione,2022,111,,
SSD,DEU,migrazione,2023,156,,
SSD,DEU,migrazione,2024,175,,
SSD,GHA,migrazione,2018,6,,
SSD,GHA,migrazione,2019,6,,
SSD,GHA,migrazione,2020,7,,
SSD,GHA,migrazione,2021,7,,
SSD,GHA,migrazione,2022,7,,
SSD,GHA,migrazione,2023,7,,
SSD,GHA,migrazione,2024,7,,
SSD,GRC,migrazione,2018,13,,
SSD,GRC,migrazione,2019,21,,
SSD,GRC,migrazione,2020,45,,
SSD,GRC,migrazione,2021,50,,
SSD,GRC,migrazione,2022,61,,
SSD,GRC,migrazione,2023,87,,
SSD,GRC,migrazione,2024,41,,
SSD,ISL,migrazione,2018,5,,
SSD,ISL,migrazione,2019,5,,
SSD,ISL,migrazione,2020,5,,
SSD,ISL,migrazione,2021,5,,
SSD,ISL,migrazione,2022,5,,
SSD,ISL,migrazione,2023,6,,
SSD,ISL,migrazione,2024,6,,
SSD,IND,migrazione,2018,5,,
SSD,IND,migrazione,2021,5,,
SSD,IND,migrazione,2022,5,,
SSD,IND,migrazione,2023,5,,
SSD,IND,migrazione,2024,10,,
SSD,ISR,migrazione,2018,127,,
SSD,ISR,migrazione,2019,109,,
SSD,ISR,migrazione,2020,72,,
SSD,ISR,migrazione,2021,72,,
SSD,ISR,migrazione,2022,72,,
SSD,ISR,migrazione,2023,72,,
SSD,ISR,migrazione,2024,72,,
SSD,ITA,migrazione,2018,127,,
SSD,ITA,migrazione,2019,140,,
SSD,ITA,migrazione,2023,120,,
SSD,ITA,migrazione,2024,135,,
SSD,JOR,migrazione,2018,11,,
SSD,JOR,migrazione,2019,11,,
SSD,JOR,migrazione,2020,11,,
SSD,JOR,migrazione,2021,11,,
SSD,JOR,migrazione,2022,11,,
SSD,JOR,migrazione,2023,19,,
SSD,JOR,migrazione,2024,19,,
SSD,KEN,migrazione,2018,115202,,
SSD,KEN,migrazione,2019,121410,,
SSD,KEN,migrazione,2020,123912,,
SSD,KEN,migrazione,2021,135255,,
SSD,KEN,migrazione,2022,153289,,
SSD,KEN,migrazione,2023,171233,,
SSD,KEN,migrazione,2024,192825,,
SSD,LBN,migrazione,2018,42,,
SSD,LBN,migrazione,2019,32,,
SSD,LBN,migrazione,2020,37,,
SSD,LBN,migrazione,2021,38,,
SSD,LBN,migrazione,2022,35,,
SSD,LBN,migrazione,2023,33,,
SSD,LBN,migrazione,2024,45,,
SSD,MRT,migrazione,2018,5,,
SSD,MYS,migrazione,2018,11,,
SSD,MYS,migrazione,2019,13,,
SSD,MYS,migrazione,2020,16,,
SSD,MYS,migrazione,2021,24,,
SSD,MYS,migrazione,2022,43,,
SSD,MYS,migrazione,2023,55,,
SSD,MYS,migrazione,2024,64,,
SSD,MWI,migrazione,2018,5,,
SSD,MWI,migrazione,2019,5,,
SSD,MWI,migrazione,2020,5,,
SSD,MWI,migrazione,2021,5,,
SSD,MWI,migrazione,2022,5,,
SSD,MAR,migrazione,2018,159,,
SSD,MAR,migrazione,2019,292,,
SSD,MAR,migrazione,2020,25,,
SSD,MAR,migrazione,2021,28,,
SSD,MAR,migrazione,2022,48,,
SSD,MAR,migrazione,2023,51,,
SSD,MAR,migrazione,2024,34,,
SSD,MLT,migrazione,2018,22,,
SSD,MLT,migrazione,2019,22,,
SSD,MLT,migrazione,2020,22,,
SSD,MLT,migrazione,2021,22,,
SSD,MLT,migrazione,2022,22,,
SSD,MLT,migrazione,2023,22,,
SSD,NER,migrazione,2018,5,,
SSD,NER,migrazione,2020,8,,
SSD,NER,migrazione,2021,9,,
SSD,NER,migrazione,2022,11,,
SSD,NER,migrazione,2023,20,,
SSD,NER,migrazione,2024,19,,
SSD,NOR,migrazione,2018,14,,
SSD,NOR,migrazione,2019,17,,
SSD,NOR,migrazione,2020,50,,
SSD,NOR,migrazione,2021,50,,
SSD,NOR,migrazione,2022,49,,
SSD,NOR,migrazione,2023,15,,
SSD,NOR,migrazione,2024,868,,
SSD,PRT,migrazione,2018,15,,
SSD,PRT,migrazione,2019,30,,
SSD,PRT,migrazione,2020,30,,
SSD,PRT,migrazione,2021,30,,
SSD,PRT,migrazione,2022,33,,
SSD,PRT,migrazione,2023,17,,
SSD,PRT,migrazione,2024,16,,
SSD,RWA,migrazione,2018,7,,
SSD,RWA,migrazione,2019,5,,
SSD,RWA,migrazione,2020,6,,
SSD,RWA,migrazione,2021,7,,
SSD,RWA,migrazione,2022,18,,
SSD,RWA,migrazione,2023,23,,
SSD,RWA,migrazione,2024,38,,
SSD,SAU,migrazione,2018,5,,
SSD,SDN,migrazione,2018,852080,,
SSD,SDN,migrazione,2019,810917,,
SSD,SDN,migrazione,2020,736685,,
SSD,SDN,migrazione,2021,803634,,
SSD,SDN,migrazione,2022,796831,,
SSD,SDN,migrazione,2023,696246,,
SSD,SDN,migrazione,2024,613052,,
SSD,SDN,coinvolgimento_militare,2020-Q3,1,,
SSD,SDN,coinvolgimento_militare,2020-Q1,1,,
SSD,SDN,coinvolgimento_militare,2024-Q1,4,,
SSD,SDN,coinvolgimento_militare,2022-Q1,2,,
SSD,SDN,coinvolgimento_militare,2024-Q2,3,,
SSD,SDN,coinvolgimento_militare,2021-Q2,1,,
SSD,SDN,coinvolgimento_militare,2023-Q4,2,,
SSD,SDN,coinvolgimento_militare,2024-Q4,3,,
SSD,SDN,coinvolgimento_militare,2022-Q4,1,,
SSD,SDN,coinvolgimento_militare,2024-Q3,1,,
SSD,SDN,coinvolgimento_militare,2023-Q1,1,,
SSD,SWE,migrazione,2018,61,,
SSD,SWE,migrazione,2019,63,,
SSD,SWE,migrazione,2020,63,,
SSD,SWE,migrazione,2021,63,,
SSD,SWE,migrazione,2022,64,,
SSD,SWE,migrazione,2023,8,,
SSD,SWE,migrazione,2024,921,,
SSD,CHE,migrazione,2018,10,,
SSD,CHE,migrazione,2019,13,,
SSD,CHE,migrazione,2020,19,,
SSD,CHE,migrazione,2021,53,,
SSD,CHE,migrazione,2022,91,,
SSD,CHE,migrazione,2023,103,,
SSD,CHE,migrazione,2024,183,,
SSD,SYR,migrazione,2018,106,,
SSD,SYR,migrazione,2019,80,,
SSD,SYR,migrazione,2020,81,,
SSD,SYR,migrazione,2021,74,,
SSD,SYR,migrazione,2022,76,,
SSD,SYR,migrazione,2023,68,,
SSD,SYR,migrazione,2024,59,,
SSD,TUR,migrazione,2018,5,,
SSD,UGA,migrazione,2018,788848,,
SSD,UGA,migrazione,2019,861452,,
SSD,UGA,migrazione,2020,887452,,
SSD,UGA,migrazione,2021,958927,,
SSD,UGA,migrazione,2022,854242,,
SSD,UGA,migrazione,2023,923607,,
SSD,UGA,migrazione,2024,975020,,
SSD,USA,migrazione,2018,24,,
SSD,USA,migrazione,2019,45,,
SSD,USA,migrazione,2020,48,,
SSD,USA,migrazione,2021,54,,
SSD,USA,migrazione,2022,56,,
SSD,USA,migrazione,2023,66,,
SSD,USA,migrazione,2024,71,,
SSD,ZWE,migrazione,2018,8,,
SSD,ZWE,migrazione,2019,8,,
SSD,ZWE,migrazione,2020,8,,
SSD,ZWE,migrazione,2021,8,,
SSD,ZWE,migrazione,2022,8,,
SSD,ZWE,migrazione,2023,6,,
SSD,ZWE,migrazione,2024,6,,
SSD,BEL,migrazione,2019,5,,
SSD,BEL,migrazione,2020,5,,
SSD,BEL,migrazione,2021,5,,
SSD,BEL,migrazione,2022,27,,
SSD,BEL,migrazione,2023,44,,
SSD,BEL,migrazione,2024,45,,
SSD,GAB,migrazione,2019,5,,
SSD,GAB,migrazione,2020,5,,
SSD,LBY,migrazione,2019,5,,
SSD,LBY,migrazione,2020,6,,
SSD,LBY,migrazione,2021,8,,
SSD,LBY,migrazione,2022,5,,
SSD,LBY,migrazione,2023,6,,
SSD,LBY,migrazione,2024,46,,
SSD,ESP,migrazione,2019,5,,
SSD,ESP,migrazione,2020,5,,
SSD,ESP,migrazione,2021,5,,
SSD,ESP,migrazione,2022,5,,
SSD,ESP,migrazione,2023,11,,
SSD,ESP,migrazione,2024,11,,
SSD,TZA,migrazione,2019,10,,
SSD,TZA,migrazione,2020,10,,
SSD,TZA,migrazione,2021,6,,
SSD,TZA,migrazione,2022,6,,
SSD,BDI,migrazione,2020,8,,
SSD,BDI,migrazione,2024,7,,
SSD,LBR,migrazione,2020,5,,
SSD,LBR,migrazione,2021,5,,
SSD,LBR,migrazione,2022,5,,
SSD,LBR,migrazione,2023,5,,
SSD,LBR,migrazione,2024,5,,
SSD,RUS,migrazione,2020,5,,
SSD,TUN,migrazione,2020,5,,
SSD,TUN,migrazione,2021,5,,
SSD,TUN,migrazione,2022,6,,
SSD,TUN,migrazione,2023,9,,
SSD,TUN,migrazione,2024,38,,
SSD,ZMB,migrazione,2020,5,,
SSD,ZMB,migrazione,2021,5,,
SSD,ZMB,migrazione,2022,5,,
SSD,ZMB,migrazione,2023,8,,
SSD,ZMB,migrazione,2024,8,,
SSD,BFA,migrazione,2021,5,,
SSD,BWA,migrazione,2021,5,,
SSD,BWA,migrazione,2022,5,,
SSD,BWA,migrazione,2023,5,,
SSD,IRL,migrazione,2021,5,,
SSD,IRL,migrazione,2022,6,,
SSD,IRL,migrazione,2023,6,,
SSD,IRL,migrazione,2024,6,,
SSD,LTU,migrazione,2022,7,,
SSD,LTU,migrazione,2023,8,,
SSD,LTU,migrazione,2024,11,,
SSD,NLD,migrazione,2022,99,,
SSD,NLD,migrazione,2023,119,,
SSD,NLD,migrazione,2024,168,,
SSD,COG,migrazione,2024,5,,
SSD,DNK,migrazione,2024,42,,
YEM,DZA,migrazione,2018,10,,
YEM,DZA,migrazione,2019,257,,
YEM,DZA,migrazione,2020,261,,
YEM,DZA,migrazione,2021,267,,
YEM,DZA,migrazione,2022,293,,
YEM,DZA,migrazione,2023,152,,
YEM,DZA,migrazione,2024,159,,
YEM,EGY,migrazione,2018,100,,
YEM,EGY,migrazione,2019,126,,
YEM,EGY,migrazione,2020,154,,
YEM,EGY,migrazione,2021,156,,
YEM,EGY,migrazione,2022,163,,
YEM,EGY,migrazione,2023,179,,
YEM,EGY,migrazione,2024,162,,
YEM,ARG,migrazione,2018,15,,
YEM,ARG,migrazione,2019,19,,
YEM,ARG,migrazione,2020,19,,
YEM,ARG,migrazione,2021,21,,
YEM,ARG,migrazione,2022,22,,
YEM,ARG,migrazione,2023,23,,
YEM,ARG,migrazione,2024,28,,
YEM,ARM,migrazione,2018,20,,
YEM,ARM,migrazione,2019,22,,
YEM,ARM,migrazione,2020,21,,
YEM,ARM,migrazione,2021,21,,
YEM,ARM,migrazione,2022,21,,
YEM,ARM,migrazione,2023,27,,
YEM,ARM,migrazione,2024,27,,
YEM,AUS,migrazione,2018,27,,
YEM,AUS,migrazione,2019,59,,
YEM,AUS,migrazione,2020,160,,
YEM,AUS,migrazione,2021,181,,
YEM,AUS,migrazione,2022,247,,
YEM,AUS,migrazione,2023,174,,
YEM,AUS,migrazione,2024,131,,
YEM,AUT,migrazione,2018,258,,
YEM,AUT,migrazione,2019,311,,
YEM,AUT,migrazione,2020,355,,
YEM,AUT,migrazione,2021,426,,
YEM,AUT,migrazione,2022,562,,
YEM,AUT,migrazione,2023,654,,
YEM,AUT,migrazione,2024,756,,
YEM,AZE,migrazione,2018,9,,
YEM,AZE,migrazione,2019,11,,
YEM,AZE,migrazione,2020,11,,
YEM,AZE,migrazione,2021,10,,
YEM,AZE,migrazione,2022,11,,
YEM,AZE,migrazione,2023,11,,
YEM,AZE,migrazione,2024,12,,
YEM,BHR,migrazione,2018,9,,
YEM,BHR,migrazione,2019,9,,
YEM,BHR,migrazione,2020,9,,
YEM,BHR,migrazione,2021,9,,
YEM,BHR,migrazione,2022,9,,
YEM,BHR,migrazione,2023,9,,
YEM,BHR,migrazione,2024,9,,
YEM,BEL,migrazione,2018,24,,
YEM,BEL,migrazione,2019,51,,
YEM,BEL,migrazione,2020,77,,
YEM,BEL,migrazione,2021,257,,
YEM,BEL,migrazione,2022,121,,
YEM,BEL,migrazione,2023,176,,
YEM,BEL,migrazione,2024,189,,
YEM,BEN,migrazione,2018,8,,
YEM,BEN,migrazione,2019,11,,
YEM,BEN,migrazione,2020,14,,
YEM,BEN,migrazione,2021,17,,
YEM,BEN,migrazione,2022,17,,
YEM,BEN,migrazione,2023,17,,
YEM,BEN,migrazione,2024,17,,
YEM,BLR,migrazione,2018,23,,
YEM,BLR,migrazione,2019,24,,
YEM,BLR,migrazione,2020,28,,
YEM,BLR,migrazione,2021,32,,
YEM,BLR,migrazione,2022,25,,
YEM,BLR,migrazione,2023,22,,
YEM,BLR,migrazione,2024,20,,
YEM,BGR,migrazione,2018,12,,
YEM,BGR,migrazione,2019,13,,
YEM,BGR,migrazione,2020,15,,
YEM,BGR,migrazione,2021,23,,
YEM,BGR,migrazione,2022,29,,
YEM,BGR,migrazione,2023,46,,
YEM,BGR,migrazione,2024,45,,
YEM,CAN,migrazione,2018,1089,,
YEM,CAN,migrazione,2019,1711,,
YEM,CAN,migrazione,2020,1949,,
YEM,CAN,migrazione,2021,2127,,
YEM,CAN,migrazione,2022,450,,
YEM,CAN,migrazione,2023,787,,
YEM,CAN,migrazione,2024,987,,
YEM,TCD,migrazione,2018,5,,
YEM,TCD,migrazione,2019,5,,
YEM,TCD,migrazione,2020,5,,
YEM,TCD,migrazione,2021,5,,
YEM,TCD,migrazione,2022,5,,
YEM,TCD,migrazione,2023,5,,
YEM,TCD,migrazione,2024,5,,
YEM,CHN,migrazione,2018,13,,
YEM,CHN,migrazione,2019,16,,
YEM,CHN,migrazione,2020,21,,
YEM,CHN,migrazione,2021,31,,
YEM,CHN,migrazione,2022,29,,
YEM,CHN,migrazione,2023,33,,
YEM,CHN,migrazione,2024,27,,
YEM,CUB,migrazione,2018,17,,
YEM,CUB,migrazione,2019,14,,
YEM,CUB,migrazione,2020,15,,
YEM,CUB,migrazione,2021,14,,
YEM,CUB,migrazione,2022,12,,
YEM,CUB,migrazione,2023,6,,
YEM,CUB,migrazione,2024,5,,
YEM,CYP,migrazione,2018,20,,
YEM,CYP,migrazione,2019,25,,
YEM,CYP,migrazione,2020,27,,
YEM,CYP,migrazione,2021,41,,
YEM,CYP,migrazione,2022,61,,
YEM,CYP,migrazione,2023,83,,
YEM,CYP,migrazione,2024,115,,
YEM,CZE,migrazione,2018,15,,
YEM,CZE,migrazione,2019,20,,
YEM,CZE,migrazione,2020,24,,
YEM,CZE,migrazione,2021,24,,
YEM,CZE,migrazione,2022,27,,
YEM,CZE,migrazione,2023,19,,
YEM,CZE,migrazione,2024,21,,
YEM,DNK,migrazione,2018,5,,
YEM,DNK,migrazione,2019,5,,
YEM,DNK,migrazione,2020,7,,
YEM,DNK,migrazione,2021,7,,
YEM,DNK,migrazione,2022,7,,
YEM,DNK,migrazione,2023,6,,
YEM,DNK,migrazione,2024,16,,
YEM,DJI,migrazione,2018,4694,,
YEM,DJI,migrazione,2019,5322,,
YEM,DJI,migrazione,2020,5666,,
YEM,DJI,migrazione,2021,6232,,
YEM,DJI,migrazione,2022,3027,,
YEM,DJI,migrazione,2023,3420,,
YEM,DJI,migrazione,2024,3553,,
YEM,ECU,migrazione,2018,50,,
YEM,ECU,migrazione,2019,96,,
YEM,ECU,migrazione,2020,102,,
YEM,ECU,migrazione,2021,117,,
YEM,ECU,migrazione,2022,106,,
YEM,ECU,migrazione,2023,105,,
YEM,ECU,migrazione,2024,130,,
YEM,EST,migrazione,2018,5,,
YEM,EST,migrazione,2019,5,,
YEM,EST,migrazione,2020,5,,
YEM,EST,migrazione,2021,5,,
YEM,EST,migrazione,2022,6,,
YEM,EST,migrazione,2023,9,,
YEM,EST,migrazione,2024,6,,
YEM,ETH,migrazione,2018,1698,,
YEM,ETH,migrazione,2019,1926,,
YEM,ETH,migrazione,2020,2045,,
YEM,ETH,migrazione,2021,2373,,
YEM,ETH,migrazione,2022,2393,,
YEM,ETH,migrazione,2023,2434,,
YEM,ETH,migrazione,2024,2488,,
YEM,FIN,migrazione,2018,182,,
YEM,FIN,migrazione,2019,263,,
YEM,FIN,migrazione,2020,297,,
YEM,FIN,migrazione,2021,311,,
YEM,FIN,migrazione,2022,331,,
YEM,FIN,migrazione,2023,366,,
YEM,FIN,migrazione,2024,399,,
YEM,FRA,migrazione,2018,338,,
YEM,FRA,migrazione,2019,454,,
YEM,FRA,migrazione,2020,566,,
YEM,FRA,migrazione,2021,921,,
YEM,FRA,migrazione,2022,1084,,
YEM,FRA,migrazione,2023,1245,,
YEM,FRA,migrazione,2024,1352,,
YEM,GBR,migrazione,2018,624,,
YEM,GBR,migrazione,2019,819,,
YEM,GBR,migrazione,2020,981,,
YEM,GBR,migrazione,2021,1251,,
YEM,GBR,migrazione,2022,1647,,
YEM,GBR,migrazione,2023,2510,,
YEM,GBR,migrazione,2024,3218,,
YEM,GEO,migrazione,2018,20,,
YEM,GEO,migrazione,2019,32,,
YEM,GEO,migrazione,2020,40,,
YEM,GEO,migrazione,2021,55,,
YEM,GEO,migrazione,2022,62,,
YEM,GEO,migrazione,2023,68,,
YEM,GEO,migrazione,2024,65,,
YEM,DEU,migrazione,2018,1809,,
YEM,DEU,migrazione,2019,2629,,
YEM,DEU,migrazione,2020,3039,,
YEM,DEU,migrazione,2021,3082,,
YEM,DEU,migrazione,2022,3757,,
YEM,DEU,migrazione,2023,4794,,
YEM,DEU,migrazione,2024,5043,,
YEM,GRC,migrazione,2018,369,,
YEM,GRC,migrazione,2019,574,,
YEM,GRC,migrazione,2020,853,,
YEM,GRC,migrazione,2021,933,,
YEM,GRC,migrazione,2022,1335,,
YEM,GRC,migrazione,2023,2300,,
YEM,GRC,migrazione,2024,2623,,
YEM,HTI,migrazione,2018,5,,
YEM,HKG,migrazione,2018,12,,
YEM,HKG,migrazione,2019,11,,
YEM,HKG,migrazione,2020,29,,
YEM,HKG,migrazione,2021,36,,
YEM,HKG,migrazione,2022,44,,
YEM,HKG,migrazione,2023,45,,
YEM,HKG,migrazione,2024,15,,
YEM,HRV,migrazione,2018,7,,
YEM,HRV,migrazione,2019,7,,
YEM,HRV,migrazione,2020,7,,
YEM,HRV,migrazione,2021,7,,
YEM,HRV,migrazione,2022,7,,
YEM,HRV,migrazione,2023,7,,
YEM,HRV,migrazione,2024,7,,
YEM,HUN,migrazione,2018,18,,
YEM,HUN,migrazione,2019,18,,
YEM,HUN,migrazione,2020,16,,
YEM,HUN,migrazione,2021,16,,
YEM,HUN,migrazione,2022,17,,
YEM,HUN,migrazione,2023,17,,
YEM,HUN,migrazione,2024,17,,
YEM,IDN,migrazione,2018,105,,
YEM,IDN,migrazione,2019,85,,
YEM,IDN,migrazione,2020,96,,
YEM,IDN,migrazione,2021,101,,
YEM,IDN,migrazione,2022,86,,
YEM,IDN,migrazione,2023,119,,
YEM,IDN,migrazione,2024,135,,
YEM,IRL,migrazione,2018,8,,
YEM,IRL,migrazione,2019,16,,
YEM,IRL,migrazione,2020,20,,
YEM,IRL,migrazione,2021,27,,
YEM,IRL,migrazione,2022,34,,
YEM,IRL,migrazione,2023,53,,
YEM,IRL,migrazione,2024,72,,
YEM,ITA,migrazione,2018,141,,
YEM,ITA,migrazione,2019,151,,
YEM,ITA,migrazione,2022,30,,
YEM,ITA,migrazione,2023,150,,
YEM,ITA,migrazione,2024,139,,
YEM,JOR,migrazione,2018,642,,
YEM,JOR,migrazione,2019,715,,
YEM,JOR,migrazione,2020,818,,
YEM,JOR,migrazione,2021,1024,,
YEM,JOR,migrazione,2022,1783,,
YEM,JOR,migrazione,2023,2037,,
YEM,JOR,migrazione,2024,2415,,
YEM,KEN,migrazione,2018,66,,
YEM,KEN,migrazione,2019,60,,
YEM,KEN,migrazione,2020,85,,
YEM,KEN,migrazione,2021,93,,
YEM,KEN,migrazione,2022,96,,
YEM,KEN,migrazione,2023,100,,
YEM,KEN,migrazione,2024,116,,
YEM,KOR,migrazione,2018,483,,
YEM,KOR,migrazione,2019,682,,
YEM,KOR,migrazione,2020,795,,
YEM,KOR,migrazione,2021,813,,
YEM,KOR,migrazione,2022,829,,
YEM,KOR,migrazione,2023,837,,
YEM,KOR,migrazione,2024,848,,
YEM,KWT,migrazione,2018,5,,
YEM,KWT,migrazione,2019,5,,
YEM,KWT,migrazione,2020,6,,
YEM,KWT,migrazione,2021,9,,
YEM,KWT,migrazione,2022,9,,
YEM,KWT,migrazione,2023,6,,
YEM,KWT,migrazione,2024,7,,
YEM,LBN,migrazione,2018,18,,
YEM,LBN,migrazione,2019,23,,
YEM,LBN,migrazione,2020,25,,
YEM,LBN,migrazione,2021,34,,
YEM,LBN,migrazione,2022,30,,
YEM,LBN,migrazione,2023,28,,
YEM,LBN,migrazione,2024,25,,
YEM,LKA,migrazione,2018,12,,
YEM,LKA,migrazione,2019,14,,
YEM,LKA,migrazione,2020,16,,
YEM,LKA,migrazione,2021,15,,
YEM,LKA,migrazione,2022,8,,
YEM,LKA,migrazione,2023,8,,
YEM,MDG,migrazione,2018,22,,
YEM,MDG,migrazione,2019,22,,
YEM,MDG,migrazione,2020,20,,
YEM,MDG,migrazione,2021,14,,
YEM,MDG,migrazione,2022,9,,
YEM,MDG,migrazione,2023,7,,
YEM,MDG,migrazione,2024,7,,
YEM,MDA,migrazione,2018,5,,
YEM,MDA,migrazione,2019,8,,
YEM,MDA,migrazione,2020,8,,
YEM,MDA,migrazione,2021,6,,
YEM,MDA,migrazione,2022,10,,
YEM,MDA,migrazione,2023,5,,
YEM,MDA,migrazione,2024,6,,
YEM,MEX,migrazione,2018,12,,
YEM,MEX,migrazione,2019,13,,
YEM,MEX,migrazione,2020,15,,
YEM,MEX,migrazione,2021,24,,
YEM,MEX,migrazione,2022,25,,
YEM,MEX,migrazione,2023,32,,
YEM,MEX,migrazione,2024,33,,
YEM,MYS,migrazione,2018,163,,
YEM,MYS,migrazione,2019,206,,
YEM,MYS,migrazione,2020,232,,
YEM,MYS,migrazione,2021,321,,
YEM,MYS,migrazione,2022,349,,
YEM,MYS,migrazione,2023,339,,
YEM,MYS,migrazione,2024,359,,
YEM,MNE,migrazione,2018,11,,
YEM,MNE,migrazione,2019,7,,
YEM,MNE,migrazione,2020,7,,
YEM,MNE,migrazione,2021,7,,
YEM,MNE,migrazione,2022,7,,
YEM,MNE,migrazione,2023,7,,
YEM,MNE,migrazione,2024,7,,
YEM,MAR,migrazione,2018,752,,
YEM,MAR,migrazione,2019,843,,
YEM,MAR,migrazione,2020,14,,
YEM,MAR,migrazione,2021,14,,
YEM,MAR,migrazione,2022,11,,
YEM,MAR,migrazione,2023,16,,
YEM,MAR,migrazione,2024,7,,
YEM,NLD,migrazione,2018,376,,
YEM,NLD,migrazione,2019,791,,
YEM,NLD,migrazione,2020,1392,,
YEM,NLD,migrazione,2021,1789,,
YEM,NLD,migrazione,2022,4597,,
YEM,NLD,migrazione,2023,7347,,
YEM,NLD,migrazione,2024,7841,,
YEM,NOR,migrazione,2018,235,,
YEM,NOR,migrazione,2019,219,,
YEM,NOR,migrazione,2020,192,,
YEM,NOR,migrazione,2021,201,,
YEM,NOR,migrazione,2022,197,,
YEM,NOR,migrazione,2023,224,,
YEM,NOR,migrazione,2024,177,,
YEM,NZL,migrazione,2018,8,,
YEM,NZL,migrazione,2019,8,,
YEM,NZL,migrazione,2020,8,,
YEM,NZL,migrazione,2021,9,,
YEM,NZL,migrazione,2022,11,,
YEM,NZL,migrazione,2023,11,,
YEM,NZL,migrazione,2024,13,,
YEM,PAK,migrazione,2018,128,,
YEM,PAK,migrazione,2019,137,,
YEM,PAK,migrazione,2020,137,,
YEM,PAK,migrazione,2021,137,,
YEM,PAK,migrazione,2022,137,,
YEM,PAK,migrazione,2023,138,,
YEM,PAK,migrazione,2024,138,,
YEM,PHL,migrazione,2018,10,,
YEM,PHL,migrazione,2019,15,,
YEM,PHL,migrazione,2020,30,,
YEM,PHL,migrazione,2021,30,,
YEM,PHL,migrazione,2022,37,,
YEM,PHL,migrazione,2023,52,,
YEM,PHL,migrazione,2024,44,,
YEM,POL,migrazione,2018,9,,
YEM,POL,migrazione,2019,9,,
YEM,POL,migrazione,2020,13,,
YEM,POL,migrazione,2021,22,,
YEM,POL,migrazione,2022,26,,
YEM,POL,migrazione,2023,43,,
YEM,POL,migrazione,2024,47,,
YEM,PRT,migrazione,2018,7,,
YEM,PRT,migrazione,2019,9,,
YEM,PRT,migrazione,2020,9,,
YEM,PRT,migrazione,2021,9,,
YEM,PRT,migrazione,2022,18,,
YEM,PRT,migrazione,2023,13,,
YEM,PRT,migrazione,2024,13,,
YEM,ROU,migrazione,2018,33,,
YEM,ROU,migrazione,2019,29,,
YEM,ROU,migrazione,2020,41,,
YEM,ROU,migrazione,2021,65,,
YEM,ROU,migrazione,2022,79,,
YEM,ROU,migrazione,2023,75,,
YEM,ROU,migrazione,2024,80,,
YEM,RUS,migrazione,2018,92,,
YEM,RUS,migrazione,2019,97,,
YEM,RUS,migrazione,2020,88,,
YEM,RUS,migrazione,2021,84,,
YEM,RUS,migrazione,2022,85,,
YEM,RUS,migrazione,2023,58,,
YEM,RUS,migrazione,2024,55,,
YEM,SAU,migrazione,2018,27,,
YEM,SAU,migrazione,2019,27,,
YEM,SAU,migrazione,2020,26,,
YEM,SAU,migrazione,2021,18,,
YEM,SAU,migrazione,2022,24,,
YEM,SAU,migrazione,2023,22,,
YEM,SAU,migrazione,2024,24,,
YEM,SAU,coinvolgimento_militare,2018-Q1,280,,
YEM,SAU,coinvolgimento_militare,2018-Q2,273,,
YEM,SAU,coinvolgimento_militare,2018-Q3,164,,
YEM,SAU,coinvolgimento_militare,2020-Q3,25,,
YEM,SAU,coinvolgimento_militare,2021-Q1,63,,
YEM,SAU,coinvolgimento_militare,2018-Q4,118,,
YEM,SAU,coinvolgimento_militare,2019-Q1,96,,
YEM,SAU,coinvolgimento_militare,2019-Q2,98,,
YEM,SAU,coinvolgimento_militare,2019-Q3,74,,
YEM,SAU,coinvolgimento_militare,2019-Q4,6,,
YEM,SAU,coinvolgimento_militare,2020-Q1,20,,
YEM,SAU,coinvolgimento_militare,2023-Q3,4,,
YEM,SAU,coinvolgimento_militare,2020-Q4,26,,
YEM,SAU,coinvolgimento_militare,2022-Q1,46,,
YEM,SAU,coinvolgimento_militare,2021-Q4,64,,
YEM,SAU,coinvolgimento_militare,2021-Q3,39,,
YEM,SAU,coinvolgimento_militare,2021-Q2,64,,
YEM,SAU,coinvolgimento_militare,2020-Q2,13,,
YEM,SAU,coinvolgimento_militare,2023-Q4,1,,
YEM,SAU,coinvolgimento_militare,2022-Q2,1,,
YEM,SOM,migrazione,2018,12450,,
YEM,SOM,migrazione,2019,13235,,
YEM,SOM,migrazione,2020,6371,,
YEM,SOM,migrazione,2021,8341,,
YEM,SOM,migrazione,2022,9877,,
YEM,SOM,migrazione,2023,10995,,
YEM,SOM,migrazione,2024,12332,,
YEM,ESP,migrazione,2018,103,,
YEM,ESP,migrazione,2019,206,,
YEM,ESP,migrazione,2020,316,,
YEM,ESP,migrazione,2021,392,,
YEM,ESP,migrazione,2022,516,,
YEM,ESP,migrazione,2023,560,,
YEM,ESP,migrazione,2024,617,,
YEM,SDN,migrazione,2018,1013,,
YEM,SDN,migrazione,2019,1227,,
YEM,SDN,migrazione,2020,1551,,
YEM,SDN,migrazione,2021,1795,,
YEM,SDN,migrazione,2022,1941,,
YEM,SDN,migrazione,2023,1234,,
YEM,SDN,migrazione,2024,877,,
YEM,SVK,migrazione,2018,19,,
YEM,SVK,migrazione,2019,21,,
YEM,SVK,migrazione,2020,21,,
YEM,SVK,migrazione,2021,24,,
YEM,SVK,migrazione,2022,25,,
YEM,SVK,migrazione,2023,25,,
YEM,SVK,migrazione,2024,25,,
YEM,SVN,migrazione,2018,5,,
YEM,SVN,migrazione,2019,6,,
YEM,SVN,migrazione,2020,6,,
YEM,SVN,migrazione,2021,6,,
YEM,SVN,migrazione,2022,6,,
YEM,SVN,migrazione,2023,6,,
YEM,SVN,migrazione,2024,6,,
YEM,SWE,migrazione,2018,1343,,
YEM,SWE,migrazione,2019,1659,,
YEM,SWE,migrazione,2020,1822,,
YEM,SWE,migrazione,2021,1727,,
YEM,SWE,migrazione,2022,1731,,
YEM,SWE,migrazione,2023,1593,,
YEM,SWE,migrazione,2024,985,,
YEM,CHE,migrazione,2018,336,,
YEM,CHE,migrazione,2019,130,,
YEM,CHE,migrazione,2020,341,,
YEM,CHE,migrazione,2021,345,,
YEM,CHE,migrazione,2022,342,,
YEM,CHE,migrazione,2023,354,,
YEM,CHE,migrazione,2024,344,,
YEM,SYR,migrazione,2018,159,,
YEM,SYR,migrazione,2019,159,,
YEM,SYR,migrazione,2020,158,,
YEM,SYR,migrazione,2021,161,,
YEM,SYR,migrazione,2022,214,,
YEM,SYR,migrazione,2023,232,,
YEM,SYR,migrazione,2024,257,,
YEM,THA,migrazione,2018,32,,
YEM,THA,migrazione,2019,37,,
YEM,THA,migrazione,2020,37,,
YEM,THA,migrazione,2021,36,,
YEM,THA,migrazione,2022,36,,
YEM,THA,migrazione,2023,27,,
YEM,THA,migrazione,2024,28,,
YEM,TUR,migrazione,2018,169,,
YEM,ARE,migrazione,2018,5,,
YEM,ARE,migrazione,2019,12,,
YEM,ARE,migrazione,2020,6,,
YEM,ARE,migrazione,2021,6,,
YEM,ARE,migrazione,2022,12,,
YEM,ARE,migrazione,2023,12,,
YEM,ARE,migrazione,2024,12,,
YEM,UGA,migrazione,2018,20,,
YEM,UGA,migrazione,2019,27,,
YEM,UGA,migrazione,2020,27,,
YEM,UGA,migrazione,2021,26,,
YEM,UGA,migrazione,2022,34,,
YEM,UGA,migrazione,2023,33,,
YEM,UGA,migrazione,2024,40,,
YEM,UKR,migrazione,2018,5,,
YEM,UKR,migrazione,2019,5,,
YEM,UKR,migrazione,2020,5,,
YEM,UKR,migrazione,2021,5,,
YEM,UKR,migrazione,2022,5,,
YEM,UKR,migrazione,2023,6,,
YEM,UKR,migrazione,2024,7,,
YEM,USA,migrazione,2018,606,,
YEM,USA,migrazione,2019,692,,
YEM,USA,migrazione,2020,705,,
YEM,USA,migrazione,2021,679,,
YEM,USA,migrazione,2022,701,,
YEM,USA,migrazione,2023,742,,
YEM,USA,migrazione,2024,747,,
YEM,BGD,migrazione,2019,5,,
YEM,BGD,migrazione,2020,5,,
YEM,ISL,migrazione,2019,5,,
YEM,ISL,migrazione,2020,9,,
YEM,ISL,migrazione,2021,12,,
YEM,ISL,migrazione,2022,16,,
YEM,ISL,migrazione,2023,26,,
YEM,ISL,migrazione,2024,29,,
YEM,IND,migrazione,2019,5,,
YEM,IND,migrazione,2020,5,,
YEM,IND,migrazione,2021,9,,
YEM,IND,migrazione,2022,15,,
YEM,IND,migrazione,2023,468,,
YEM,IND,migrazione,2024,559,,
YEM,LUX,migrazione,2019,10,,
YEM,LUX,migrazione,2020,20,,
YEM,LUX,migrazione,2021,30,,
YEM,LUX,migrazione,2022,37,,
YEM,LUX,migrazione,2023,37,,
YEM,LUX,migrazione,2024,30,,
YEM,MRT,migrazione,2019,10,,
YEM,MRT,migrazione,2020,36,,
YEM,MRT,migrazione,2021,45,,
YEM,MRT,migrazione,2022,45,,
YEM,MRT,migrazione,2023,38,,
YEM,MRT,migrazione,2024,28,,
YEM,QAT,migrazione,2019,5,,
YEM,QAT,migrazione,2020,5,,
YEM,QAT,migrazione,2021,5,,
YEM,QAT,migrazione,2022,5,,
YEM,QAT,migrazione,2023,5,,
YEM,QAT,migrazione,2024,5,,
YEM,ZAF,migrazione,2019,5,,
YEM,ZAF,migrazione,2020,5,,
YEM,ZAF,migrazione,2021,5,,
YEM,ZAF,migrazione,2022,5,,
YEM,ZAF,migrazione,2023,5,,
YEM,ZAF,migrazione,2024,5,,
YEM,TZA,migrazione,2019,5,,
YEM,TZA,migrazione,2020,9,,
YEM,TZA,migrazione,2021,9,,
YEM,TZA,migrazione,2022,8,,
YEM,TZA,migrazione,2023,13,,
YEM,TZA,migrazione,2024,13,,
YEM,BRA,migrazione,2020,7,,
YEM,BRA,migrazione,2021,9,,
YEM,BRA,migrazione,2022,21,,
YEM,BRA,migrazione,2023,34,,
YEM,BRA,migrazione,2024,42,,
YEM,BIH,migrazione,2020,6,,
YEM,CMR,migrazione,2020,5,,
YEM,CMR,migrazione,2021,5,,
YEM,CMR,migrazione,2022,5,,
YEM,CMR,migrazione,2023,5,,
YEM,CMR,migrazione,2024,5,,
YEM,GHA,migrazione,2020,7,,
YEM,GHA,migrazione,2021,13,,
YEM,GHA,migrazione,2022,16,,
YEM,GHA,migrazione,2023,22,,
YEM,GHA,migrazione,2024,20,,
YEM,CIV,migrazione,2020,5,,
YEM,CIV,migrazione,2021,5,,
YEM,CIV,migrazione,2022,5,,
YEM,CIV,migrazione,2023,5,,
YEM,CIV,migrazione,2024,5,,
YEM,JPN,migrazione,2020,11,,
YEM,JPN,migrazione,2021,15,,
YEM,JPN,migrazione,2022,19,,
YEM,JPN,migrazione,2023,24,,
YEM,JPN,migrazione,2024,42,,
YEM,MLT,migrazione,2020,5,,
YEM,MLT,migrazione,2021,5,,
YEM,MLT,migrazione,2022,5,,
YEM,MLT,migrazione,2023,5,,
YEM,MLT,migrazione,2024,5,,
YEM,NER,migrazione,2020,5,,
YEM,NER,migrazione,2021,5,,
YEM,NER,migrazione,2024,5,,
YEM,TUN,migrazione,2020,11,,
YEM,TUN,migrazione,2021,14,,
YEM,TUN,migrazione,2022,26,,
YEM,TUN,migrazione,2023,23,,
YEM,TUN,migrazione,2024,16,,
YEM,LBY,migrazione,2021,12,,
YEM,LBY,migrazione,2022,8,,
YEM,LBY,migrazione,2023,7,,
YEM,LBY,migrazione,2024,5,,
YEM,LTU,migrazione,2022,7,,
YEM,LTU,migrazione,2023,7,,
YEM,LTU,migrazione,2024,7,,
YEM,NGA,migrazione,2022,5,,
YEM,NGA,migrazione,2023,5,,
YEM,NGA,migrazione,2024,5,,
YEM,RWA,migrazione,2022,5,,
YEM,RWA,migrazione,2023,5,,
YEM,COM,migrazione,2023,5,,
YEM,COM,migrazione,2024,5,,
YEM,GMB,migrazione,2023,5,,
YEM,GMB,migrazione,2024,5,,
YEM,LVA,migrazione,2023,5,,
YEM,LVA,migrazione,2024,6,,
YEM,CAF,migrazione,2024,5,,
YEM,SSD,migrazione,2024,5,,
YEM,ISR,coinvolgimento_militare,2023-Q4,11,,
YEM,ISR,coinvolgimento_militare,2024-Q1,5,,
YEM,ISR,coinvolgimento_militare,2024-Q2,5,,
YEM,ISR,coinvolgimento_militare,2024-Q3,8,,
YEM,ISR,coinvolgimento_militare,2024-Q4,26,,
SYR,USA,cyber,,,,Syrian Electronic Army
SYR,USA,migrazione,2018,7998,,
SYR,USA,migrazione,2019,8449,,
SYR,USA,migrazione,2020,8616,,
SYR,USA,migrazione,2021,8799,,
SYR,USA,migrazione,2022,8807,,
SYR,USA,migrazione,2023,8627,,
SYR,USA,migrazione,2024,8410,,
SYR,ALB,migrazione,2018,6,,
SYR,ALB,migrazione,2019,13,,
SYR,ALB,migrazione,2020,9,,
SYR,ALB,migrazione,2021,15,,
SYR,ALB,migrazione,2022,23,,
SYR,ALB,migrazione,2023,21,,
SYR,ALB,migrazione,2024,34,,
SYR,DZA,migrazione,2018,14,,
SYR,DZA,migrazione,2019,7757,,
SYR,DZA,migrazione,2020,6627,,
SYR,DZA,migrazione,2021,6659,,
SYR,DZA,migrazione,2022,7803,,
SYR,DZA,migrazione,2023,7706,,
SYR,DZA,migrazione,2024,8742,,
SYR,EGY,migrazione,2018,132871,,
SYR,EGY,migrazione,2019,129210,,
SYR,EGY,migrazione,2020,130577,,
SYR,EGY,migrazione,2021,136727,,
SYR,EGY,migrazione,2022,145658,,
SYR,EGY,migrazione,2023,153756,,
SYR,EGY,migrazione,2024,147797,,
SYR,ARG,migrazione,2018,385,,
SYR,ARG,migrazione,2019,401,,
SYR,ARG,migrazione,2020,407,,
SYR,ARG,migrazione,2021,433,,
SYR,ARG,migrazione,2022,450,,
SYR,ARG,migrazione,2023,402,,
SYR,ARG,migrazione,2024,388,,
SYR,ARM,migrazione,2018,14701,,
SYR,ARM,migrazione,2019,14730,,
SYR,ARM,migrazione,2020,14741,,
SYR,ARM,migrazione,2021,5335,,
SYR,ARM,migrazione,2022,4888,,
SYR,ARM,migrazione,2023,4906,,
SYR,ARM,migrazione,2024,4916,,
SYR,AUS,migrazione,2018,582,,
SYR,AUS,migrazione,2019,613,,
SYR,AUS,migrazione,2020,645,,
SYR,AUS,migrazione,2021,640,,
SYR,AUS,migrazione,2022,536,,
SYR,AUS,migrazione,2023,154,,
SYR,AUS,migrazione,2024,169,,
SYR,AUT,migrazione,2018,49179,,
SYR,AUT,migrazione,2019,51955,,
SYR,AUT,migrazione,2020,54903,,
SYR,AUT,migrazione,2021,62408,,
SYR,AUT,migrazione,2022,73923,,
SYR,AUT,migrazione,2023,87167,,
SYR,AUT,migrazione,2024,105143,,
SYR,AZE,migrazione,2018,15,,
SYR,AZE,migrazione,2019,20,,
SYR,AZE,migrazione,2020,34,,
SYR,AZE,migrazione,2021,33,,
SYR,AZE,migrazione,2022,35,,
SYR,AZE,migrazione,2023,34,,
SYR,AZE,migrazione,2024,34,,
SYR,BEL,migrazione,2018,9080,,
SYR,BEL,migrazione,2019,16604,,
SYR,BEL,migrazione,2020,17693,,
SYR,BEL,migrazione,2021,19188,,
SYR,BEL,migrazione,2022,17808,,
SYR,BEL,migrazione,2023,18909,,
SYR,BEL,migrazione,2024,19372,,
SYR,BEN,migrazione,2018,12,,
SYR,BEN,migrazione,2019,12,,
SYR,BEN,migrazione,2020,22,,
SYR,BEN,migrazione,2021,32,,
SYR,BEN,migrazione,2022,41,,
SYR,BEN,migrazione,2023,42,,
SYR,BEN,migrazione,2024,46,,
SYR,BLR,migrazione,2018,66,,
SYR,BLR,migrazione,2019,68,,
SYR,BLR,migrazione,2020,64,,
SYR,BLR,migrazione,2021,68,,
SYR,BLR,migrazione,2022,49,,
SYR,BLR,migrazione,2023,27,,
SYR,BLR,migrazione,2024,20,,
SYR,BOL,migrazione,2018,21,,
SYR,BOL,migrazione,2019,21,,
SYR,BOL,migrazione,2020,22,,
SYR,BOL,migrazione,2021,22,,
SYR,BOL,migrazione,2022,22,,
SYR,BOL,migrazione,2023,22,,
SYR,BOL,migrazione,2024,22,,
SYR,BRA,migrazione,2018,3455,,
SYR,BRA,migrazione,2019,3761,,
SYR,BRA,migrazione,2020,3924,,
SYR,BRA,migrazione,2021,3920,,
SYR,BRA,migrazione,2022,3969,,
SYR,BRA,migrazione,2023,5982,,
SYR,BRA,migrazione,2024,6535,,
SYR,BIH,migrazione,2018,15,,
SYR,BIH,migrazione,2019,21,,
SYR,BIH,migrazione,2020,22,,
SYR,BIH,migrazione,2021,28,,
SYR,BIH,migrazione,2022,25,,
SYR,BIH,migrazione,2023,27,,
SYR,BIH,migrazione,2024,19,,
SYR,BGR,migrazione,2018,17161,,
SYR,BGR,migrazione,2019,17551,,
SYR,BGR,migrazione,2020,18310,,
SYR,BGR,migrazione,2021,20067,,
SYR,BGR,migrazione,2022,23726,,
SYR,BGR,migrazione,2023,27366,,
SYR,BGR,migrazione,2024,31877,,
SYR,CAN,migrazione,2018,3558,,
SYR,CAN,migrazione,2019,5,,
SYR,CAN,migrazione,2020,131,,
SYR,CAN,migrazione,2021,190,,
SYR,CAN,migrazione,2022,512,,
SYR,CAN,migrazione,2023,912,,
SYR,CAN,migrazione,2024,1480,,
SYR,TCD,migrazione,2018,57,,
SYR,TCD,migrazione,2019,35,,
SYR,TCD,migrazione,2020,32,,
SYR,TCD,migrazione,2021,48,,
SYR,TCD,migrazione,2022,50,,
SYR,TCD,migrazione,2023,53,,
SYR,TCD,migrazione,2024,38,,
SYR,CHN,migrazione,2018,53,,
SYR,CHN,migrazione,2019,50,,
SYR,CHN,migrazione,2020,41,,
SYR,CHN,migrazione,2021,43,,
SYR,CHN,migrazione,2022,37,,
SYR,CHN,migrazione,2023,23,,
SYR,CHN,migrazione,2024,18,,
SYR,CHL,migrazione,2018,107,,
SYR,CHL,migrazione,2019,112,,
SYR,CHL,migrazione,2020,113,,
SYR,CHL,migrazione,2021,113,,
SYR,CHL,migrazione,2022,113,,
SYR,CHL,migrazione,2023,113,,
SYR,CHL,migrazione,2024,113,,
SYR,CMR,migrazione,2018,22,,
SYR,CMR,migrazione,2019,24,,
SYR,CMR,migrazione,2020,24,,
SYR,CMR,migrazione,2021,5,,
SYR,CMR,migrazione,2022,5,,
SYR,CMR,migrazione,2023,16,,
SYR,CMR,migrazione,2024,14,,
SYR,COG,migrazione,2018,12,,
SYR,COG,migrazione,2020,5,,
SYR,COG,migrazione,2021,5,,
SYR,COG,migrazione,2022,9,,
SYR,COG,migrazione,2023,18,,
SYR,COG,migrazione,2024,19,,
SYR,COD,migrazione,2018,5,,
SYR,COD,migrazione,2019,5,,
SYR,COD,migrazione,2020,8,,
SYR,COD,migrazione,2021,12,,
SYR,COD,migrazione,2022,12,,
SYR,COD,migrazione,2023,15,,
SYR,COD,migrazione,2024,21,,
SYR,COL,migrazione,2018,8,,
SYR,COL,migrazione,2019,8,,
SYR,COL,migrazione,2020,8,,
SYR,COL,migrazione,2021,11,,
SYR,COL,migrazione,2022,13,,
SYR,COL,migrazione,2023,13,,
SYR,COL,migrazione,2024,13,,
SYR,CRI,migrazione,2018,9,,
SYR,CRI,migrazione,2019,5,,
SYR,CRI,migrazione,2020,5,,
SYR,CRI,migrazione,2021,5,,
SYR,CRI,migrazione,2022,6,,
SYR,CRI,migrazione,2023,6,,
SYR,CRI,migrazione,2024,6,,
SYR,CUB,migrazione,2018,44,,
SYR,CUB,migrazione,2019,40,,
SYR,CUB,migrazione,2020,40,,
SYR,CUB,migrazione,2021,36,,
SYR,CUB,migrazione,2022,27,,
SYR,CUB,migrazione,2023,29,,
SYR,CUB,migrazione,2024,32,,
SYR,CYP,migrazione,2018,6259,,
SYR,CYP,migrazione,2019,7372,,
SYR,CYP,migrazione,2020,8797,,
SYR,CYP,migrazione,2021,10735,,
SYR,CYP,migrazione,2022,10902,,
SYR,CYP,migrazione,2023,13062,,
SYR,CYP,migrazione,2024,14571,,
SYR,CZE,migrazione,2018,448,,
SYR,CZE,migrazione,2019,408,,
SYR,CZE,migrazione,2020,386,,
SYR,CZE,migrazione,2021,358,,
SYR,CZE,migrazione,2022,341,,
SYR,CZE,migrazione,2023,318,,
SYR,CZE,migrazione,2024,295,,
SYR,DNK,migrazione,2018,19698,,
SYR,DNK,migrazione,2019,20046,,
SYR,DNK,migrazione,2020,19878,,
SYR,DNK,migrazione,2021,19706,,
SYR,DNK,migrazione,2022,19153,,
SYR,DNK,migrazione,2023,18039,,
SYR,DNK,migrazione,2024,21177,,
SYR,DJI,migrazione,2018,10,,
SYR,DJI,migrazione,2019,10,,
SYR,DJI,migrazione,2020,10,,
SYR,DJI,migrazione,2021,14,,
SYR,DJI,migrazione,2022,10,,
SYR,DJI,migrazione,2023,11,,
SYR,DJI,migrazione,2024,10,,
SYR,ECU,migrazione,2018,102,,
SYR,ECU,migrazione,2019,146,,
SYR,ECU,migrazione,2020,142,,
SYR,ECU,migrazione,2021,157,,
SYR,ECU,migrazione,2022,153,,
SYR,ECU,migrazione,2023,157,,
SYR,ECU,migrazione,2024,171,,
SYR,EST,migrazione,2018,146,,
SYR,EST,migrazione,2019,127,,
SYR,EST,migrazione,2020,105,,
SYR,EST,migrazione,2021,105,,
SYR,EST,migrazione,2022,107,,
SYR,EST,migrazione,2023,87,,
SYR,EST,migrazione,2024,72,,
SYR,ETH,migrazione,2018,9,,
SYR,ETH,migrazione,2020,6,,
SYR,ETH,migrazione,2021,38,,
SYR,ETH,migrazione,2022,69,,
SYR,ETH,migrazione,2023,110,,
SYR,ETH,migrazione,2024,118,,
SYR,FIN,migrazione,2018,2497,,
SYR,FIN,migrazione,2019,2585,,
SYR,FIN,migrazione,2020,2620,,
SYR,FIN,migrazione,2021,2660,,
SYR,FIN,migrazione,2022,2594,,
SYR,FIN,migrazione,2023,2702,,
SYR,FIN,migrazione,2024,2708,,
SYR,FRA,migrazione,2018,15822,,
SYR,FRA,migrazione,2019,18244,,
SYR,FRA,migrazione,2020,21849,,
SYR,FRA,migrazione,2021,37375,,
SYR,FRA,migrazione,2022,40339,,
SYR,FRA,migrazione,2023,43589,,
SYR,FRA,migrazione,2024,45381,,
SYR,GBR,migrazione,2018,9720,,
SYR,GBR,migrazione,2019,10389,,
SYR,GBR,migrazione,2020,10919,,
SYR,GBR,migrazione,2021,11980,,
SYR,GBR,migrazione,2022,12682,,
SYR,GBR,migrazione,2023,17677,,
SYR,GBR,migrazione,2024,19614,,
SYR,GEO,migrazione,2018,428,,
SYR,GEO,migrazione,2019,91,,
SYR,GEO,migrazione,2020,437,,
SYR,GEO,migrazione,2021,444,,
SYR,GEO,migrazione,2022,448,,
SYR,GEO,migrazione,2023,465,,
SYR,GEO,migrazione,2024,439,,
SYR,DEU,migrazione,2018,532065,,
SYR,DEU,migrazione,2019,572818,,
SYR,DEU,migrazione,2020,605338,,
SYR,DEU,migrazione,2021,621740,,
SYR,DEU,migrazione,2022,522575,,
SYR,DEU,migrazione,2023,705812,,
SYR,DEU,migrazione,2024,725102,,
SYR,GHA,migrazione,2018,157,,
SYR,GHA,migrazione,2019,167,,
SYR,GHA,migrazione,2020,230,,
SYR,GHA,migrazione,2021,229,,
SYR,GHA,migrazione,2022,243,,
SYR,GHA,migrazione,2023,272,,
SYR,GHA,migrazione,2024,289,,
SYR,GRC,migrazione,2018,23931,,
SYR,GRC,migrazione,2019,26696,,
SYR,GRC,migrazione,2020,36448,,
SYR,GRC,migrazione,2021,39372,,
SYR,GRC,migrazione,2022,42827,,
SYR,GRC,migrazione,2023,45878,,
SYR,GRC,migrazione,2024,18046,,
SYR,GIN,migrazione,2018,5,,
SYR,GIN,migrazione,2019,14,,
SYR,GIN,migrazione,2020,17,,
SYR,GIN,migrazione,2021,14,,
SYR,GIN,migrazione,2022,14,,
SYR,GIN,migrazione,2023,14,,
SYR,GIN,migrazione,2024,14,,
SYR,HRV,migrazione,2018,398,,
SYR,HRV,migrazione,2019,527,,
SYR,HRV,migrazione,2020,539,,
SYR,HRV,migrazione,2021,548,,
SYR,HRV,migrazione,2022,550,,
SYR,HRV,migrazione,2023,551,,
SYR,HRV,migrazione,2024,572,,
SYR,HUN,migrazione,2018,971,,
SYR,HUN,migrazione,2019,934,,
SYR,HUN,migrazione,2020,923,,
SYR,HUN,migrazione,2021,869,,
SYR,HUN,migrazione,2022,819,,
SYR,HUN,migrazione,2023,805,,
SYR,HUN,migrazione,2024,800,,
SYR,ISL,migrazione,2018,87,,
SYR,ISL,migrazione,2019,109,,
SYR,ISL,migrazione,2020,167,,
SYR,ISL,migrazione,2021,195,,
SYR,ISL,migrazione,2022,256,,
SYR,ISL,migrazione,2023,287,,
SYR,ISL,migrazione,2024,541,,
SYR,CIV,migrazione,2018,92,,
SYR,CIV,migrazione,2019,132,,
SYR,CIV,migrazione,2020,142,,
SYR,CIV,migrazione,2021,148,,
SYR,CIV,migrazione,2022,148,,
SYR,CIV,migrazione,2023,164,,
SYR,CIV,migrazione,2024,164,,
SYR,IND,migrazione,2018,83,,
SYR,IND,migrazione,2019,70,,
SYR,IND,migrazione,2020,63,,
SYR,IND,migrazione,2021,69,,
SYR,IND,migrazione,2022,71,,
SYR,IND,migrazione,2023,56,,
SYR,IND,migrazione,2024,46,,
SYR,IDN,migrazione,2018,29,,
SYR,IDN,migrazione,2019,23,,
SYR,IDN,migrazione,2020,23,,
SYR,IDN,migrazione,2021,20,,
SYR,IDN,migrazione,2022,19,,
SYR,IDN,migrazione,2023,15,,
SYR,IDN,migrazione,2024,15,,
SYR,IRL,migrazione,2018,2126,,
SYR,IRL,migrazione,2019,2882,,
SYR,IRL,migrazione,2020,3126,,
SYR,IRL,migrazione,2021,2832,,
SYR,IRL,migrazione,2022,2520,,
SYR,IRL,migrazione,2023,2097,,
SYR,IRL,migrazione,2024,1424,,
SYR,IRQ,migrazione,2018,252526,,
SYR,IRQ,migrazione,2019,245810,,
SYR,IRQ,migrazione,2020,242163,,
SYR,IRQ,migrazione,2021,254561,,
SYR,IRQ,migrazione,2022,257439,,
SYR,IRQ,migrazione,2023,271997,,
SYR,IRQ,migrazione,2024,303611,,
SYR,ITA,migrazione,2018,4652,,
SYR,ITA,migrazione,2019,4781,,
SYR,ITA,migrazione,2020,3508,,
SYR,ITA,migrazione,2021,3527,,
SYR,ITA,migrazione,2022,3578,,
SYR,ITA,migrazione,2023,3603,,
SYR,ITA,migrazione,2024,3600,,
SYR,JAM,migrazione,2018,5,,
SYR,JOR,migrazione,2018,676283,,
SYR,JOR,migrazione,2019,654692,,
SYR,JOR,migrazione,2020,662790,,
SYR,JOR,migrazione,2021,672952,,
SYR,JOR,migrazione,2022,660892,,
SYR,JOR,migrazione,2023,649091,,
SYR,JOR,migrazione,2024,611473,,
SYR,JPN,migrazione,2018,69,,
SYR,JPN,migrazione,2019,69,,
SYR,JPN,migrazione,2020,73,,
SYR,JPN,migrazione,2021,93,,
SYR,JPN,migrazione,2022,309,,
SYR,JPN,migrazione,2023,385,,
SYR,JPN,migrazione,2024,463,,
SYR,KAZ,migrazione,2018,15,,
SYR,KAZ,migrazione,2019,14,,
SYR,KAZ,migrazione,2020,14,,
SYR,KAZ,migrazione,2021,14,,
SYR,KAZ,migrazione,2022,13,,
SYR,KAZ,migrazione,2023,12,,
SYR,KAZ,migrazione,2024,11,,
SYR,KGZ,migrazione,2018,77,,
SYR,KGZ,migrazione,2019,86,,
SYR,KGZ,migrazione,2020,78,,
SYR,KGZ,migrazione,2021,75,,
SYR,KGZ,migrazione,2022,61,,
SYR,KGZ,migrazione,2023,50,,
SYR,KGZ,migrazione,2024,49,,
SYR,KOR,migrazione,2018,1177,,
SYR,KOR,migrazione,2019,1199,,
SYR,KOR,migrazione,2020,1236,,
SYR,KOR,migrazione,2021,1250,,
SYR,KOR,migrazione,2022,1261,,
SYR,KOR,migrazione,2023,1273,,
SYR,KOR,migrazione,2024,1281,,
SYR,KWT,migrazione,2018,73,,
SYR,KWT,migrazione,2019,106,,
SYR,KWT,migrazione,2020,139,,
SYR,KWT,migrazione,2021,150,,
SYR,KWT,migrazione,2022,165,,
SYR,KWT,migrazione,2023,174,,
SYR,KWT,migrazione,2024,127,,
SYR,LBR,migrazione,2018,10,,
SYR,LBR,migrazione,2019,11,,
SYR,LBR,migrazione,2020,12,,
SYR,LBR,migrazione,2021,27,,
SYR,LBR,migrazione,2022,40,,
SYR,LBR,migrazione,2023,67,,
SYR,LBR,migrazione,2024,67,,
SYR,LBY,migrazione,2018,552,,
SYR,LBY,migrazione,2019,612,,
SYR,LBY,migrazione,2020,717,,
SYR,LBY,migrazione,2021,492,,
SYR,LBY,migrazione,2022,424,,
SYR,LBY,migrazione,2023,359,,
SYR,LBY,migrazione,2024,352,,
SYR,LBN,migrazione,2018,944181,,
SYR,LBN,migrazione,2019,910586,,
SYR,LBN,migrazione,2020,865300,,
SYR,LBN,migrazione,2021,840929,,
SYR,LBN,migrazione,2022,814715,,
SYR,LBN,migrazione,2023,784884,,
SYR,LBN,migrazione,2024,755426,,
SYR,LIE,migrazione,2018,32,,
SYR,LIE,migrazione,2019,32,,
SYR,LIE,migrazione,2020,32,,
SYR,LIE,migrazione,2021,32,,
SYR,LIE,migrazione,2022,34,,
SYR,LIE,migrazione,2024,35,,
SYR,LKA,migrazione,2018,14,,
SYR,LKA,migrazione,2019,5,,
SYR,LKA,migrazione,2020,5,,
SYR,LTU,migrazione,2018,435,,
SYR,LTU,migrazione,2019,453,,
SYR,LTU,migrazione,2020,463,,
SYR,LTU,migrazione,2021,463,,
SYR,LTU,migrazione,2022,488,,
SYR,LTU,migrazione,2023,496,,
SYR,LTU,migrazione,2024,509,,
SYR,LUX,migrazione,2018,686,,
SYR,LUX,migrazione,2019,951,,
SYR,LUX,migrazione,2020,2069,,
SYR,LUX,migrazione,2021,2409,,
SYR,LUX,migrazione,2022,2912,,
SYR,LUX,migrazione,2023,3367,,
SYR,LUX,migrazione,2024,2115,,
SYR,LVA,migrazione,2018,384,,
SYR,LVA,migrazione,2019,354,,
SYR,LVA,migrazione,2020,314,,
SYR,LVA,migrazione,2021,312,,
SYR,LVA,migrazione,2022,318,,
SYR,LVA,migrazione,2023,299,,
SYR,LVA,migrazione,2024,302,,
SYR,MRT,migrazione,2018,332,,
SYR,MRT,migrazione,2019,355,,
SYR,MRT,migrazione,2020,364,,
SYR,MRT,migrazione,2021,368,,
SYR,MRT,migrazione,2022,378,,
SYR,MRT,migrazione,2023,413,,
SYR,MRT,migrazione,2024,348,,
SYR,MKD,migrazione,2018,17,,
SYR,MKD,migrazione,2019,17,,
SYR,MKD,migrazione,2020,17,,
SYR,MKD,migrazione,2021,17,,
SYR,MDA,migrazione,2018,213,,
SYR,MDA,migrazione,2019,210,,
SYR,MDA,migrazione,2020,190,,
SYR,MDA,migrazione,2021,166,,
SYR,MDA,migrazione,2022,203,,
SYR,MDA,migrazione,2023,200,,
SYR,MDA,migrazione,2024,252,,
SYR,MEX,migrazione,2018,28,,
SYR,MEX,migrazione,2019,29,,
SYR,MEX,migrazione,2020,30,,
SYR,MEX,migrazione,2021,34,,
SYR,MEX,migrazione,2022,38,,
SYR,MEX,migrazione,2023,42,,
SYR,MEX,migrazione,2024,42,,
SYR,MLI,migrazione,2018,9,,
SYR,MLI,migrazione,2019,20,,
SYR,MLI,migrazione,2020,20,,
SYR,MLI,migrazione,2021,24,,
SYR,MLI,migrazione,2022,24,,
SYR,MLI,migrazione,2023,24,,
SYR,MLI,migrazione,2024,40,,
SYR,MYS,migrazione,2018,421,,
SYR,MYS,migrazione,2019,425,,
SYR,MYS,migrazione,2020,407,,
SYR,MYS,migrazione,2021,449,,
SYR,MYS,migrazione,2022,409,,
SYR,MYS,migrazione,2023,394,,
SYR,MYS,migrazione,2024,401,,
SYR,MNE,migrazione,2018,5,,
SYR,MAR,migrazione,2018,3506,,
SYR,MAR,migrazione,2019,3676,,
SYR,MAR,migrazione,2020,4528,,
SYR,MAR,migrazione,2021,5082,,
SYR,MAR,migrazione,2022,5511,,
SYR,MAR,migrazione,2023,5777,,
SYR,MAR,migrazione,2024,5442,,
SYR,MLT,migrazione,2018,1497,,
SYR,MLT,migrazione,2019,1706,,
SYR,MLT,migrazione,2020,1871,,
SYR,MLT,migrazione,2021,1918,,
SYR,MLT,migrazione,2022,1988,,
SYR,MLT,migrazione,2023,2191,,
SYR,MLT,migrazione,2024,2394,,
SYR,MUS,migrazione,2018,5,,
SYR,NLD,migrazione,2018,32092,,
SYR,NLD,migrazione,2019,31694,,
SYR,NLD,migrazione,2020,35810,,
SYR,NLD,migrazione,2021,39388,,
SYR,NLD,migrazione,2022,56580,,
SYR,NLD,migrazione,2023,58378,,
SYR,NLD,migrazione,2024,70656,,
SYR,NER,migrazione,2018,11,,
SYR,NER,migrazione,2019,7,,
SYR,NER,migrazione,2020,5,,
SYR,NER,migrazione,2021,5,,
SYR,NER,migrazione,2022,5,,
SYR,NER,migrazione,2023,5,,
SYR,NER,migrazione,2024,5,,
SYR,NGA,migrazione,2018,224,,
SYR,NGA,migrazione,2019,263,,
SYR,NGA,migrazione,2020,308,,
SYR,NGA,migrazione,2021,422,,
SYR,NGA,migrazione,2022,515,,
SYR,NGA,migrazione,2023,433,,
SYR,NGA,migrazione,2024,608,,
SYR,NOR,migrazione,2018,13914,,
SYR,NOR,migrazione,2019,14359,,
SYR,NOR,migrazione,2020,15311,,
SYR,NOR,migrazione,2021,15865,,
SYR,NOR,migrazione,2022,15964,,
SYR,NOR,migrazione,2023,15978,,
SYR,NOR,migrazione,2024,17609,,
SYR,NZL,migrazione,2018,68,,
SYR,NZL,migrazione,2019,69,,
SYR,NZL,migrazione,2020,72,,
SYR,NZL,migrazione,2021,72,,
SYR,NZL,migrazione,2022,60,,
SYR,NZL,migrazione,2023,55,,
SYR,NZL,migrazione,2024,48,,
SYR,OMN,migrazione,2018,7,,
SYR,OMN,migrazione,2019,8,,
SYR,OMN,migrazione,2020,8,,
SYR,OMN,migrazione,2021,8,,
SYR,OMN,migrazione,2022,8,,
SYR,OMN,migrazione,2023,8,,
SYR,OMN,migrazione,2024,8,,
SYR,PAK,migrazione,2018,29,,
SYR,PAK,migrazione,2019,43,,
SYR,PAK,migrazione,2020,43,,
SYR,PAK,migrazione,2021,50,,
SYR,PAK,migrazione,2022,50,,
SYR,PAK,migrazione,2023,53,,
SYR,PAK,migrazione,2024,53,,
SYR,PRY,migrazione,2018,63,,
SYR,PRY,migrazione,2019,88,,
SYR,PRY,migrazione,2020,88,,
SYR,PRY,migrazione,2021,84,,
SYR,PRY,migrazione,2022,79,,
SYR,PRY,migrazione,2023,79,,
SYR,PRY,migrazione,2024,79,,
SYR,PER,migrazione,2018,44,,
SYR,PER,migrazione,2019,42,,
SYR,PER,migrazione,2020,42,,
SYR,PER,migrazione,2021,47,,
SYR,PER,migrazione,2022,47,,
SYR,PER,migrazione,2023,46,,
SYR,PER,migrazione,2024,46,,
SYR,PHL,migrazione,2018,105,,
SYR,PHL,migrazione,2019,115,,
SYR,PHL,migrazione,2020,134,,
SYR,PHL,migrazione,2021,130,,
SYR,PHL,migrazione,2022,141,,
SYR,PHL,migrazione,2023,154,,
SYR,PHL,migrazione,2024,151,,
SYR,POL,migrazione,2018,531,,
SYR,POL,migrazione,2019,542,,
SYR,POL,migrazione,2020,237,,
SYR,POL,migrazione,2021,254,,
SYR,POL,migrazione,2022,280,,
SYR,POL,migrazione,2023,298,,
SYR,POL,migrazione,2024,174,,
SYR,PRT,migrazione,2018,602,,
SYR,PRT,migrazione,2019,768,,
SYR,PRT,migrazione,2020,789,,
SYR,PRT,migrazione,2021,861,,
SYR,PRT,migrazione,2022,918,,
SYR,PRT,migrazione,2023,951,,
SYR,PRT,migrazione,2024,1005,,
SYR,QAT,migrazione,2018,34,,
SYR,QAT,migrazione,2019,34,,
SYR,QAT,migrazione,2020,34,,
SYR,QAT,migrazione,2021,30,,
SYR,QAT,migrazione,2022,30,,
SYR,QAT,migrazione,2023,26,,
SYR,QAT,migrazione,2024,26,,
SYR,ROU,migrazione,2018,2292,,
SYR,ROU,migrazione,2019,2090,,
SYR,ROU,migrazione,2020,2002,,
SYR,ROU,migrazione,2021,2258,,
SYR,ROU,migrazione,2022,2332,,
SYR,ROU,migrazione,2023,2379,,
SYR,ROU,migrazione,2024,2555,,
SYR,ZAF,migrazione,2018,45,,
SYR,ZAF,migrazione,2019,40,,
SYR,ZAF,migrazione,2020,38,,
SYR,ZAF,migrazione,2021,38,,
SYR,ZAF,migrazione,2022,36,,
SYR,ZAF,migrazione,2023,39,,
SYR,ZAF,migrazione,2024,40,,
SYR,RUS,migrazione,2018,828,,
SYR,RUS,migrazione,2019,593,,
SYR,RUS,migrazione,2020,361,,
SYR,RUS,migrazione,2021,297,,
SYR,RUS,migrazione,2022,194,,
SYR,RUS,migrazione,2023,136,,
SYR,RUS,migrazione,2024,142,,
SYR,SLV,migrazione,2018,5,,
SYR,SLV,migrazione,2019,5,,
SYR,SLV,migrazione,2020,5,,
SYR,SLV,migrazione,2021,5,,
SYR,SAU,migrazione,2018,103,,
SYR,SAU,migrazione,2019,152,,
SYR,SAU,migrazione,2020,173,,
SYR,SAU,migrazione,2021,186,,
SYR,SAU,migrazione,2022,293,,
SYR,SAU,migrazione,2023,317,,
SYR,SAU,migrazione,2024,281,,
SYR,SOM,migrazione,2018,206,,
SYR,SOM,migrazione,2019,245,,
SYR,SOM,migrazione,2020,603,,
SYR,SOM,migrazione,2021,991,,
SYR,SOM,migrazione,2022,1121,,
SYR,SOM,migrazione,2023,1367,,
SYR,SOM,migrazione,2024,1591,,
SYR,ESP,migrazione,2018,13765,,
SYR,ESP,migrazione,2019,14133,,
SYR,ESP,migrazione,2020,14660,,
SYR,ESP,migrazione,2021,14987,,
SYR,ESP,migrazione,2022,16670,,
SYR,ESP,migrazione,2023,17258,,
SYR,ESP,migrazione,2024,17986,,
SYR,SRB,migrazione,2018,74,,
SYR,SRB,migrazione,2019,25,,
SYR,SRB,migrazione,2020,31,,
SYR,SRB,migrazione,2021,45,,
SYR,SRB,migrazione,2022,47,,
SYR,SRB,migrazione,2023,48,,
SYR,SRB,migrazione,2024,51,,
SYR,SDN,migrazione,2018,93502,,
SYR,SDN,migrazione,2019,93495,,
SYR,SDN,migrazione,2020,93498,,
SYR,SDN,migrazione,2021,93482,,
SYR,SDN,migrazione,2022,93478,,
SYR,SDN,migrazione,2023,26582,,
SYR,SDN,migrazione,2024,9860,,
SYR,SVK,migrazione,2018,14,,
SYR,SVK,migrazione,2019,14,,
SYR,SVK,migrazione,2020,21,,
SYR,SVK,migrazione,2021,25,,
SYR,SVK,migrazione,2022,55,,
SYR,SVK,migrazione,2023,60,,
SYR,SVK,migrazione,2024,69,,
SYR,SVN,migrazione,2018,290,,
SYR,SVN,migrazione,2019,307,,
SYR,SVN,migrazione,2020,322,,
SYR,SVN,migrazione,2021,326,,
SYR,SVN,migrazione,2022,340,,
SYR,SVN,migrazione,2023,368,,
SYR,SVN,migrazione,2024,373,,
SYR,SWE,migrazione,2018,109343,,
SYR,SWE,migrazione,2019,113418,,
SYR,SWE,migrazione,2020,114609,,
SYR,SWE,migrazione,2021,115233,,
SYR,SWE,migrazione,2022,111199,,
SYR,SWE,migrazione,2023,94873,,
SYR,SWE,migrazione,2024,25632,,
SYR,CHE,migrazione,2018,16565,,
SYR,CHE,migrazione,2019,18755,,
SYR,CHE,migrazione,2020,19869,,
SYR,CHE,migrazione,2021,20146,,
SYR,CHE,migrazione,2022,20330,,
SYR,CHE,migrazione,2023,20444,,
SYR,CHE,migrazione,2024,20133,,
SYR,THA,migrazione,2018,276,,
SYR,THA,migrazione,2019,217,,
SYR,THA,migrazione,2020,226,,
SYR,THA,migrazione,2021,215,,
SYR,THA,migrazione,2022,208,,
SYR,THA,migrazione,2023,165,,
SYR,THA,migrazione,2024,173,,
SYR,TTO,migrazione,2018,57,,
SYR,TTO,migrazione,2019,58,,
SYR,TTO,migrazione,2020,66,,
SYR,TTO,migrazione,2021,64,,
SYR,TTO,migrazione,2022,50,,
SYR,TTO,migrazione,2023,42,,
SYR,TTO,migrazione,2024,42,,
SYR,TUN,migrazione,2018,927,,
SYR,TUN,migrazione,2019,1382,,
SYR,TUN,migrazione,2020,1997,,
SYR,TUN,migrazione,2021,2523,,
SYR,TUN,migrazione,2022,2497,,
SYR,TUN,migrazione,2023,3119,,
SYR,TUN,migrazione,2024,2390,,
SYR,TUR,migrazione,2018,3622366,,
SYR,TUR,migrazione,2019,3576370,,
SYR,TUR,migrazione,2020,3641370,,
SYR,TUR,migrazione,2021,3737369,,
SYR,TUR,migrazione,2022,3535898,,
SYR,TUR,migrazione,2023,3214780,,
SYR,TUR,migrazione,2024,2901478,,
SYR,ARE,migrazione,2018,287,,
SYR,ARE,migrazione,2019,333,,
SYR,ARE,migrazione,2020,383,,
SYR,ARE,migrazione,2021,439,,
SYR,ARE,migrazione,2022,475,,
SYR,ARE,migrazione,2023,526,,
SYR,ARE,migrazione,2024,534,,
SYR,UGA,migrazione,2018,5,,
SYR,UGA,migrazione,2019,6,,
SYR,UGA,migrazione,2020,16,,
SYR,UGA,migrazione,2021,18,,
SYR,UGA,migrazione,2022,28,,
SYR,UGA,migrazione,2023,25,,
SYR,UGA,migrazione,2024,42,,
SYR,UKR,migrazione,2018,457,,
SYR,UKR,migrazione,2019,462,,
SYR,UKR,migrazione,2020,491,,
SYR,UKR,migrazione,2021,512,,
SYR,UKR,migrazione,2022,517,,
SYR,UKR,migrazione,2023,512,,
SYR,UKR,migrazione,2024,507,,
SYR,URY,migrazione,2018,61,,
SYR,URY,migrazione,2019,61,,
SYR,URY,migrazione,2020,63,,
SYR,URY,migrazione,2021,66,,
SYR,URY,migrazione,2022,66,,
SYR,URY,migrazione,2023,66,,
SYR,URY,migrazione,2024,66,,
SYR,VEN,migrazione,2018,5,,
SYR,VEN,migrazione,2019,5,,
SYR,VEN,migrazione,2020,32,,
SYR,VEN,migrazione,2021,33,,
SYR,VEN,migrazione,2022,33,,
SYR,VEN,migrazione,2023,33,,
SYR,VEN,migrazione,2024,33,,
SYR,YEM,migrazione,2018,3446,,
SYR,YEM,migrazione,2019,3551,,
SYR,YEM,migrazione,2020,3609,,
SYR,YEM,migrazione,2021,2513,,
SYR,YEM,migrazione,2022,2520,,
SYR,YEM,migrazione,2023,2482,,
SYR,YEM,migrazione,2024,2421,,
SYR,ZMB,migrazione,2018,8,,
SYR,ZMB,migrazione,2019,15,,
SYR,ZMB,migrazione,2020,20,,
SYR,ZMB,migrazione,2021,36,,
SYR,ZMB,migrazione,2022,21,,
SYR,ZMB,migrazione,2023,45,,
SYR,ZMB,migrazione,2024,58,,
SYR,BFA,migrazione,2019,5,,
SYR,BFA,migrazione,2020,5,,
SYR,BFA,migrazione,2021,5,,
SYR,KEN,migrazione,2019,5,,
SYR,KEN,migrazione,2020,5,,
SYR,KEN,migrazione,2021,5,,
SYR,KEN,migrazione,2022,5,,
SYR,KEN,migrazione,2023,5,,
SYR,KEN,migrazione,2024,6,,
SYR,MDG,migrazione,2019,5,,
SYR,MDG,migrazione,2020,5,,
SYR,MDG,migrazione,2021,5,,
SYR,MDG,migrazione,2022,5,,
SYR,MDG,migrazione,2023,5,,
SYR,MDG,migrazione,2024,5,,
SYR,TZA,migrazione,2019,5,,
SYR,TZA,migrazione,2020,5,,
SYR,TZA,migrazione,2021,5,,
SYR,TZA,migrazione,2022,10,,
SYR,TZA,migrazione,2023,11,,
SYR,TZA,migrazione,2024,15,,
SYR,TGO,migrazione,2019,6,,
SYR,TGO,migrazione,2020,16,,
SYR,TGO,migrazione,2021,18,,
SYR,TGO,migrazione,2022,19,,
SYR,TGO,migrazione,2023,5,,
SYR,TGO,migrazione,2024,9,,
SYR,BHR,migrazione,2021,5,,
SYR,BHR,migrazione,2022,5,,
SYR,BHR,migrazione,2023,5,,
SYR,BHR,migrazione,2024,5,,
SYR,MCO,migrazione,2021,5,,
SYR,MCO,migrazione,2022,5,,
SYR,MCO,migrazione,2023,5,,
SYR,MCO,migrazione,2024,5,,
SYR,DOM,migrazione,2022,5,,
SYR,PAN,migrazione,2022,5,,
SYR,PAN,migrazione,2023,5,,
SYR,PAN,migrazione,2024,5,,
SYR,RWA,migrazione,2022,5,,
SYR,RWA,migrazione,2023,5,,
SYR,RWA,migrazione,2024,6,,
SYR,GMB,migrazione,2024,6,,
SYR,ISR,coinvolgimento_militare,2021-Q3,2,,
SYR,ISR,coinvolgimento_militare,2018-Q3,2,,
SYR,ISR,coinvolgimento_militare,2021-Q2,1,,
SYR,ISR,coinvolgimento_militare,2018-Q1,1,,
ETH,GBR,cyber,2017-Q4,,Espionage,Targeting of Ethiopian dissidents
ETH,GBR,migrazione,2018,1601,,
ETH,GBR,migrazione,2019,1754,,
ETH,GBR,migrazione,2020,1824,,
ETH,GBR,migrazione,2021,1921,,
ETH,GBR,migrazione,2022,2211,,
ETH,GBR,migrazione,2023,3172,,
ETH,GBR,migrazione,2024,3701,,
ETH,USA,cyber,2017-Q4,,Espionage,Targeting of Ethiopian dissidents
ETH,USA,migrazione,2018,9635,,
ETH,USA,migrazione,2019,9079,,
ETH,USA,migrazione,2020,8245,,
ETH,USA,migrazione,2021,7659,,
ETH,USA,migrazione,2022,7661,,
ETH,USA,migrazione,2023,7456,,
ETH,USA,migrazione,2024,7636,,
ETH,EGY,migrazione,2018,3814,,
ETH,EGY,migrazione,2019,4599,,
ETH,EGY,migrazione,2020,5296,,
ETH,EGY,migrazione,2021,5589,,
ETH,EGY,migrazione,2022,5814,,
ETH,EGY,migrazione,2023,5715,,
ETH,EGY,migrazione,2024,5745,,
ETH,ARG,migrazione,2018,5,,
ETH,ARG,migrazione,2019,5,,
ETH,ARG,migrazione,2020,5,,
ETH,ARG,migrazione,2021,5,,
ETH,ARG,migrazione,2022,5,,
ETH,ARG,migrazione,2023,5,,
ETH,ARG,migrazione,2024,5,,
ETH,AUS,migrazione,2018,315,,
ETH,AUS,migrazione,2019,306,,
ETH,AUS,migrazione,2020,301,,
ETH,AUS,migrazione,2021,342,,
ETH,AUS,migrazione,2022,473,,
ETH,AUS,migrazione,2023,183,,
ETH,AUS,migrazione,2024,192,,
ETH,AUT,migrazione,2018,218,,
ETH,AUT,migrazione,2019,228,,
ETH,AUT,migrazione,2020,231,,
ETH,AUT,migrazione,2021,241,,
ETH,AUT,migrazione,2022,262,,
ETH,AUT,migrazione,2023,246,,
ETH,AUT,migrazione,2024,265,,
ETH,BEL,migrazione,2018,121,,
ETH,BEL,migrazione,2019,170,,
ETH,BEL,migrazione,2020,175,,
ETH,BEL,migrazione,2021,175,,
ETH,BEL,migrazione,2022,263,,
ETH,BEL,migrazione,2023,459,,
ETH,BEL,migrazione,2024,493,,
ETH,BLR,migrazione,2018,5,,
ETH,BLR,migrazione,2019,5,,
ETH,BLR,migrazione,2020,5,,
ETH,BLR,migrazione,2021,5,,
ETH,BLR,migrazione,2022,5,,
ETH,BLR,migrazione,2024,5,,
ETH,BWA,migrazione,2018,5,,
ETH,BWA,migrazione,2019,5,,
ETH,BWA,migrazione,2020,5,,
ETH,BWA,migrazione,2021,5,,
ETH,BRA,migrazione,2018,27,,
ETH,BRA,migrazione,2019,27,,
ETH,BRA,migrazione,2020,29,,
ETH,BRA,migrazione,2021,27,,
ETH,BRA,migrazione,2022,29,,
ETH,BRA,migrazione,2023,16,,
ETH,BRA,migrazione,2024,18,,
ETH,BGR,migrazione,2018,13,,
ETH,BGR,migrazione,2019,13,,
ETH,BGR,migrazione,2020,10,,
ETH,BGR,migrazione,2021,9,,
ETH,BGR,migrazione,2022,10,,
ETH,BGR,migrazione,2023,7,,
ETH,BGR,migrazione,2024,7,,
ETH,CAN,migrazione,2018,1900,,
ETH,CAN,migrazione,2019,1236,,
ETH,CAN,migrazione,2020,1420,,
ETH,CAN,migrazione,2021,1715,,
ETH,CAN,migrazione,2022,998,,
ETH,CAN,migrazione,2023,1378,,
ETH,CAN,migrazione,2024,2361,,
ETH,TCD,migrazione,2018,24,,
ETH,TCD,migrazione,2019,18,,
ETH,TCD,migrazione,2020,19,,
ETH,TCD,migrazione,2021,19,,
ETH,TCD,migrazione,2022,23,,
ETH,TCD,migrazione,2023,28,,
ETH,TCD,migrazione,2024,25,,
ETH,COL,migrazione,2018,17,,
ETH,COL,migrazione,2019,17,,
ETH,COL,migrazione,2020,7,,
ETH,COL,migrazione,2021,7,,
ETH,COL,migrazione,2022,7,,
ETH,COL,migrazione,2023,7,,
ETH,COL,migrazione,2024,7,,
ETH,CRI,migrazione,2018,5,,
ETH,CRI,migrazione,2019,5,,
ETH,CRI,migrazione,2020,5,,
ETH,CRI,migrazione,2021,5,,
ETH,CRI,migrazione,2022,5,,
ETH,CUB,migrazione,2018,5,,
ETH,CUB,migrazione,2019,6,,
ETH,CUB,migrazione,2020,6,,
ETH,CUB,migrazione,2021,6,,
ETH,CUB,migrazione,2024,5,,
ETH,CYP,migrazione,2018,10,,
ETH,CYP,migrazione,2019,10,,
ETH,CYP,migrazione,2020,10,,
ETH,CYP,migrazione,2021,10,,
ETH,CYP,migrazione,2022,10,,
ETH,CYP,migrazione,2023,12,,
ETH,CYP,migrazione,2024,18,,
ETH,CZE,migrazione,2018,5,,
ETH,CZE,migrazione,2019,5,,
ETH,CZE,migrazione,2020,5,,
ETH,CZE,migrazione,2021,5,,
ETH,CZE,migrazione,2022,6,,
ETH,CZE,migrazione,2023,5,,
ETH,CZE,migrazione,2024,5,,
ETH,DNK,migrazione,2018,93,,
ETH,DNK,migrazione,2019,94,,
ETH,DNK,migrazione,2020,95,,
ETH,DNK,migrazione,2021,94,,
ETH,DNK,migrazione,2022,92,,
ETH,DNK,migrazione,2023,91,,
ETH,DNK,migrazione,2024,253,,
ETH,DJI,migrazione,2018,510,,
ETH,DJI,migrazione,2019,581,,
ETH,DJI,migrazione,2020,1413,,
ETH,DJI,migrazione,2021,2158,,
ETH,DJI,migrazione,2022,3710,,
ETH,DJI,migrazione,2023,5435,,
ETH,DJI,migrazione,2024,5695,,
ETH,ECU,migrazione,2018,5,,
ETH,ECU,migrazione,2019,5,,
ETH,ECU,migrazione,2020,5,,
ETH,ECU,migrazione,2021,5,,
ETH,ECU,migrazione,2022,5,,
ETH,ECU,migrazione,2023,5,,
ETH,ERI,migrazione,2018,26,,
ETH,ERI,migrazione,2019,15,,
ETH,ERI,migrazione,2020,15,,
ETH,ERI,migrazione,2021,15,,
ETH,ERI,migrazione,2022,15,,
ETH,ERI,migrazione,2023,15,,
ETH,ERI,migrazione,2024,15,,
ETH,FIN,migrazione,2018,149,,
ETH,FIN,migrazione,2019,147,,
ETH,FIN,migrazione,2020,146,,
ETH,FIN,migrazione,2021,151,,
ETH,FIN,migrazione,2022,157,,
ETH,FIN,migrazione,2023,198,,
ETH,FIN,migrazione,2024,186,,
ETH,FRA,migrazione,2018,1423,,
ETH,FRA,migrazione,2019,1689,,
ETH,FRA,migrazione,2020,1963,,
ETH,FRA,migrazione,2021,2899,,
ETH,FRA,migrazione,2022,3478,,
ETH,FRA,migrazione,2023,3906,,
ETH,FRA,migrazione,2024,4341,,
ETH,DEU,migrazione,2018,4780,,
ETH,DEU,migrazione,2019,4982,,
ETH,DEU,migrazione,2020,5385,,
ETH,DEU,migrazione,2021,6508,,
ETH,DEU,migrazione,2022,5378,,
ETH,DEU,migrazione,2023,7433,,
ETH,DEU,migrazione,2024,7555,,
ETH,GHA,migrazione,2018,7,,
ETH,GHA,migrazione,2019,8,,
ETH,GHA,migrazione,2020,8,,
ETH,GHA,migrazione,2021,8,,
ETH,GHA,migrazione,2022,10,,
ETH,GHA,migrazione,2023,15,,
ETH,GHA,migrazione,2024,19,,
ETH,GRC,migrazione,2018,363,,
ETH,GRC,migrazione,2019,416,,
ETH,GRC,migrazione,2020,481,,
ETH,GRC,migrazione,2021,501,,
ETH,GRC,migrazione,2022,640,,
ETH,GRC,migrazione,2023,659,,
ETH,GRC,migrazione,2024,418,,
ETH,HUN,migrazione,2018,37,,
ETH,HUN,migrazione,2019,39,,
ETH,HUN,migrazione,2020,39,,
ETH,HUN,migrazione,2021,43,,
ETH,HUN,migrazione,2022,41,,
ETH,HUN,migrazione,2023,39,,
ETH,HUN,migrazione,2024,39,,
ETH,CIV,migrazione,2018,5,,
ETH,CIV,migrazione,2019,5,,
ETH,CIV,migrazione,2020,5,,
ETH,CIV,migrazione,2021,5,,
ETH,CIV,migrazione,2022,7,,
ETH,CIV,migrazione,2023,7,,
ETH,CIV,migrazione,2024,7,,
ETH,IND,migrazione,2018,20,,
ETH,IND,migrazione,2019,18,,
ETH,IND,migrazione,2020,15,,
ETH,IND,migrazione,2021,23,,
ETH,IND,migrazione,2022,26,,
ETH,IND,migrazione,2023,24,,
ETH,IND,migrazione,2024,23,,
ETH,IDN,migrazione,2018,160,,
ETH,IDN,migrazione,2019,132,,
ETH,IDN,migrazione,2020,135,,
ETH,IDN,migrazione,2021,125,,
ETH,IDN,migrazione,2022,100,,
ETH,IDN,migrazione,2023,75,,
ETH,IDN,migrazione,2024,57,,
ETH,IRL,migrazione,2018,32,,
ETH,IRL,migrazione,2019,34,,
ETH,IRL,migrazione,2020,36,,
ETH,IRL,migrazione,2021,58,,
ETH,IRL,migrazione,2022,90,,
ETH,IRL,migrazione,2023,124,,
ETH,IRL,migrazione,2024,131,,
ETH,ISR,migrazione,2018,95,,
ETH,ISR,migrazione,2019,97,,
ETH,ISR,migrazione,2020,102,,
ETH,ISR,migrazione,2021,106,,
ETH,ISR,migrazione,2022,111,,
ETH,ISR,migrazione,2023,120,,
ETH,ISR,migrazione,2024,125,,
ETH,ITA,migrazione,2018,1271,,
ETH,ITA,migrazione,2019,1319,,
ETH,ITA,migrazione,2020,1031,,
ETH,ITA,migrazione,2021,969,,
ETH,ITA,migrazione,2022,980,,
ETH,ITA,migrazione,2023,1118,,
ETH,ITA,migrazione,2024,998,,
ETH,JOR,migrazione,2018,10,,
ETH,JOR,migrazione,2019,12,,
ETH,JOR,migrazione,2020,13,,
ETH,JOR,migrazione,2021,19,,
ETH,JOR,migrazione,2022,22,,
ETH,JOR,migrazione,2023,30,,
ETH,JOR,migrazione,2024,37,,
ETH,JPN,migrazione,2018,28,,
ETH,JPN,migrazione,2019,31,,
ETH,JPN,migrazione,2020,27,,
ETH,JPN,migrazione,2021,32,,
ETH,JPN,migrazione,2022,36,,
ETH,JPN,migrazione,2023,42,,
ETH,JPN,migrazione,2024,43,,
ETH,KEN,migrazione,2018,18115,,
ETH,KEN,migrazione,2019,19552,,
ETH,KEN,migrazione,2020,20442,,
ETH,KEN,migrazione,2021,20647,,
ETH,KEN,migrazione,2022,21620,,
ETH,KEN,migrazione,2023,22638,,
ETH,KEN,migrazione,2024,26987,,
ETH,KOR,migrazione,2018,147,,
ETH,KOR,migrazione,2019,154,,
ETH,KOR,migrazione,2020,160,,
ETH,KOR,migrazione,2021,171,,
ETH,KOR,migrazione,2022,179,,
ETH,KOR,migrazione,2023,189,,
ETH,KOR,migrazione,2024,197,,
ETH,LBY,migrazione,2018,19,,
ETH,LBY,migrazione,2019,14,,
ETH,LBY,migrazione,2020,25,,
ETH,LBY,migrazione,2021,32,,
ETH,LBY,migrazione,2022,31,,
ETH,LBY,migrazione,2023,33,,
ETH,LBY,migrazione,2024,42,,
ETH,LBN,migrazione,2018,39,,
ETH,LBN,migrazione,2019,31,,
ETH,LBN,migrazione,2020,39,,
ETH,LBN,migrazione,2021,46,,
ETH,LBN,migrazione,2022,166,,
ETH,LBN,migrazione,2023,325,,
ETH,LBN,migrazione,2024,384,,
ETH,LSO,migrazione,2018,10,,
ETH,LSO,migrazione,2019,13,,
ETH,LSO,migrazione,2020,23,,
ETH,LSO,migrazione,2021,24,,
ETH,LSO,migrazione,2022,8,,
ETH,LSO,migrazione,2023,11,,
ETH,LSO,migrazione,2024,25,,
ETH,LTU,migrazione,2018,5,,
ETH,LTU,migrazione,2019,5,,
ETH,LTU,migrazione,2020,5,,
ETH,LTU,migrazione,2021,5,,
ETH,LTU,migrazione,2022,5,,
ETH,LTU,migrazione,2023,5,,
ETH,LTU,migrazione,2024,5,,
ETH,LUX,migrazione,2018,43,,
ETH,LUX,migrazione,2019,47,,
ETH,LUX,migrazione,2020,58,,
ETH,LUX,migrazione,2021,63,,
ETH,LUX,migrazione,2022,70,,
ETH,LUX,migrazione,2023,80,,
ETH,LUX,migrazione,2024,70,,
ETH,MRT,migrazione,2018,6,,
ETH,MRT,migrazione,2019,6,,
ETH,MRT,migrazione,2020,7,,
ETH,MRT,migrazione,2021,8,,
ETH,MRT,migrazione,2022,8,,
ETH,MRT,migrazione,2023,7,,
ETH,MRT,migrazione,2024,7,,
ETH,MEX,migrazione,2018,5,,
ETH,MEX,migrazione,2019,5,,
ETH,MEX,migrazione,2020,5,,
ETH,MEX,migrazione,2021,6,,
ETH,MEX,migrazione,2022,6,,
ETH,MYS,migrazione,2018,10,,
ETH,MYS,migrazione,2019,11,,
ETH,MYS,migrazione,2020,12,,
ETH,MYS,migrazione,2021,12,,
ETH,MYS,migrazione,2022,10,,
ETH,MYS,migrazione,2023,9,,
ETH,MYS,migrazione,2024,9,,
ETH,MWI,migrazione,2018,5,,
ETH,MWI,migrazione,2019,8,,
ETH,MWI,migrazione,2020,8,,
ETH,MWI,migrazione,2021,11,,
ETH,MWI,migrazione,2022,14,,
ETH,MWI,migrazione,2023,18,,
ETH,MWI,migrazione,2024,22,,
ETH,MOZ,migrazione,2018,7,,
ETH,MOZ,migrazione,2019,8,,
ETH,MOZ,migrazione,2020,8,,
ETH,MOZ,migrazione,2021,8,,
ETH,MOZ,migrazione,2022,9,,
ETH,MLT,migrazione,2018,174,,
ETH,MLT,migrazione,2019,175,,
ETH,MLT,migrazione,2020,175,,
ETH,MLT,migrazione,2021,175,,
ETH,MLT,migrazione,2022,174,,
ETH,MLT,migrazione,2023,170,,
ETH,MLT,migrazione,2024,81,,
ETH,NLD,migrazione,2018,524,,
ETH,NLD,migrazione,2019,456,,
ETH,NLD,migrazione,2020,433,,
ETH,NLD,migrazione,2021,348,,
ETH,NLD,migrazione,2022,707,,
ETH,NLD,migrazione,2023,661,,
ETH,NLD,migrazione,2024,656,,
ETH,NER,migrazione,2018,48,,
ETH,NER,migrazione,2019,38,,
ETH,NER,migrazione,2020,50,,
ETH,NER,migrazione,2021,30,,
ETH,NER,migrazione,2022,14,,
ETH,NER,migrazione,2023,33,,
ETH,NER,migrazione,2024,30,,
ETH,NGA,migrazione,2018,6,,
ETH,NGA,migrazione,2019,6,,
ETH,NGA,migrazione,2020,5,,
ETH,NGA,migrazione,2021,8,,
ETH,NGA,migrazione,2022,8,,
ETH,NGA,migrazione,2023,8,,
ETH,NGA,migrazione,2024,9,,
ETH,NOR,migrazione,2018,1951,,
ETH,NOR,migrazione,2019,1732,,
ETH,NOR,migrazione,2020,1524,,
ETH,NOR,migrazione,2021,1301,,
ETH,NOR,migrazione,2022,1083,,
ETH,NOR,migrazione,2023,771,,
ETH,NOR,migrazione,2024,470,,
ETH,NZL,migrazione,2018,10,,
ETH,NZL,migrazione,2019,7,,
ETH,NZL,migrazione,2020,11,,
ETH,NZL,migrazione,2021,14,,
ETH,NZL,migrazione,2022,19,,
ETH,NZL,migrazione,2023,19,,
ETH,NZL,migrazione,2024,22,,
ETH,PER,migrazione,2018,5,,
ETH,PER,migrazione,2019,5,,
ETH,PER,migrazione,2020,5,,
ETH,PER,migrazione,2021,5,,
ETH,PER,migrazione,2022,5,,
ETH,PER,migrazione,2023,5,,
ETH,PHL,migrazione,2018,5,,
ETH,PHL,migrazione,2019,5,,
ETH,PHL,migrazione,2020,5,,
ETH,PHL,migrazione,2021,5,,
ETH,PHL,migrazione,2022,5,,
ETH,PHL,migrazione,2023,7,,
ETH,PHL,migrazione,2024,8,,
ETH,POL,migrazione,2018,5,,
ETH,POL,migrazione,2019,5,,
ETH,POL,migrazione,2020,5,,
ETH,POL,migrazione,2021,5,,
ETH,POL,migrazione,2022,10,,
ETH,POL,migrazione,2023,15,,
ETH,POL,migrazione,2024,34,,
ETH,PRT,migrazione,2018,6,,
ETH,PRT,migrazione,2019,6,,
ETH,PRT,migrazione,2020,9,,
ETH,PRT,migrazione,2021,11,,
ETH,PRT,migrazione,2022,18,,
ETH,PRT,migrazione,2023,17,,
ETH,PRT,migrazione,2024,18,,
ETH,ROU,migrazione,2018,7,,
ETH,ROU,migrazione,2019,7,,
ETH,ROU,migrazione,2020,6,,
ETH,ROU,migrazione,2021,6,,
ETH,ROU,migrazione,2022,7,,
ETH,ROU,migrazione,2023,9,,
ETH,ROU,migrazione,2024,10,,
ETH,ZAF,migrazione,2018,17726,,
ETH,ZAF,migrazione,2019,15990,,
ETH,ZAF,migrazione,2020,15629,,
ETH,ZAF,migrazione,2021,15284,,
ETH,ZAF,migrazione,2022,13002,,
ETH,ZAF,migrazione,2023,13400,,
ETH,ZAF,migrazione,2024,14157,,
ETH,RWA,migrazione,2018,5,,
ETH,RWA,migrazione,2019,5,,
ETH,RWA,migrazione,2020,8,,
ETH,RWA,migrazione,2021,5,,
ETH,RWA,migrazione,2022,26,,
ETH,RWA,migrazione,2023,68,,
ETH,RWA,migrazione,2024,73,,
ETH,SOM,migrazione,2018,3981,,
ETH,SOM,migrazione,2019,4287,,
ETH,SOM,migrazione,2020,4177,,
ETH,SOM,migrazione,2021,4400,,
ETH,SOM,migrazione,2022,4944,,
ETH,SOM,migrazione,2023,5203,,
ETH,SOM,migrazione,2024,5223,,
ETH,ESP,migrazione,2018,53,,
ETH,ESP,migrazione,2019,55,,
ETH,ESP,migrazione,2020,53,,
ETH,ESP,migrazione,2021,56,,
ETH,ESP,migrazione,2022,108,,
ETH,ESP,migrazione,2023,108,,
ETH,ESP,migrazione,2024,117,,
ETH,SRB,migrazione,2018,5,,
ETH,SRB,migrazione,2019,5,,
ETH,SRB,migrazione,2020,5,,
ETH,SRB,migrazione,2021,5,,
ETH,SRB,migrazione,2022,5,,
ETH,SRB,migrazione,2023,5,,
ETH,SRB,migrazione,2024,5,,
ETH,SSD,migrazione,2018,4203,,
ETH,SSD,migrazione,2019,4065,,
ETH,SSD,migrazione,2020,4194,,
ETH,SSD,migrazione,2021,4532,,
ETH,SSD,migrazione,2022,4151,,
ETH,SSD,migrazione,2023,4611,,
ETH,SSD,migrazione,2024,5824,,
ETH,SSD,coinvolgimento_militare,2022-Q4,1,,
ETH,SDN,migrazione,2018,6045,,
ETH,SDN,migrazione,2019,6704,,
ETH,SDN,migrazione,2020,62498,,
ETH,SDN,migrazione,2021,56806,,
ETH,SDN,migrazione,2022,55455,,
ETH,SDN,migrazione,2023,54040,,
ETH,SDN,migrazione,2024,49547,,
ETH,SDN,coinvolgimento_militare,2021-Q3,3,,
ETH,SDN,coinvolgimento_militare,2021-Q4,3,,
ETH,SDN,coinvolgimento_militare,2021-Q1,3,,
ETH,SDN,coinvolgimento_militare,2021-Q2,3,,
ETH,SDN,coinvolgimento_militare,2020-Q4,1,,
ETH,SDN,coinvolgimento_militare,2023-Q1,1,,
ETH,SDN,coinvolgimento_militare,2022-Q3,1,,
ETH,SDN,coinvolgimento_militare,2024-Q3,1,,
ETH,SWZ,migrazione,2018,9,,
ETH,SWZ,migrazione,2019,9,,
ETH,SWZ,migrazione,2020,11,,
ETH,SWZ,migrazione,2021,12,,
ETH,SWZ,migrazione,2022,37,,
ETH,SWZ,migrazione,2023,39,,
ETH,SWZ,migrazione,2024,52,,
ETH,SWE,migrazione,2018,2360,,
ETH,SWE,migrazione,2019,2561,,
ETH,SWE,migrazione,2020,2532,,
ETH,SWE,migrazione,2021,2500,,
ETH,SWE,migrazione,2022,2534,,
ETH,SWE,migrazione,2023,2062,,
ETH,SWE,migrazione,2024,2824,,
ETH,CHE,migrazione,2018,1563,,
ETH,CHE,migrazione,2019,1637,,
ETH,CHE,migrazione,2020,1748,,
ETH,CHE,migrazione,2021,1781,,
ETH,CHE,migrazione,2022,1837,,
ETH,CHE,migrazione,2023,1837,,
ETH,CHE,migrazione,2024,1837,,
ETH,SYR,migrazione,2018,17,,
ETH,SYR,migrazione,2019,15,,
ETH,SYR,migrazione,2020,15,,
ETH,SYR,migrazione,2021,12,,
ETH,SYR,migrazione,2022,12,,
ETH,SYR,migrazione,2023,10,,
ETH,SYR,migrazione,2024,9,,
ETH,THA,migrazione,2018,13,,
ETH,THA,migrazione,2019,20,,
ETH,THA,migrazione,2020,18,,
ETH,THA,migrazione,2021,12,,
ETH,THA,migrazione,2022,10,,
ETH,THA,migrazione,2023,17,,
ETH,THA,migrazione,2024,19,,
ETH,TUR,migrazione,2018,73,,
ETH,ARE,migrazione,2018,10,,
ETH,ARE,migrazione,2019,10,,
ETH,ARE,migrazione,2020,8,,
ETH,ARE,migrazione,2021,8,,
ETH,UGA,migrazione,2018,1708,,
ETH,UGA,migrazione,2019,2007,,
ETH,UGA,migrazione,2020,2222,,
ETH,UGA,migrazione,2021,2691,,
ETH,UGA,migrazione,2022,3710,,
ETH,UGA,migrazione,2023,7493,,
ETH,UGA,migrazione,2024,10718,,
ETH,UKR,migrazione,2018,28,,
ETH,UKR,migrazione,2019,26,,
ETH,UKR,migrazione,2020,26,,
ETH,UKR,migrazione,2021,26,,
ETH,UKR,migrazione,2022,23,,
ETH,UKR,migrazione,2023,20,,
ETH,UKR,migrazione,2024,15,,
ETH,YEM,migrazione,2018,6448,,
ETH,YEM,migrazione,2019,6565,,
ETH,YEM,migrazione,2020,6644,,
ETH,YEM,migrazione,2021,6466,,
ETH,YEM,migrazione,2022,6720,,
ETH,YEM,migrazione,2023,6151,,
ETH,YEM,migrazione,2024,4235,,
ETH,ZMB,migrazione,2018,27,,
ETH,ZMB,migrazione,2019,27,,
ETH,ZMB,migrazione,2020,30,,
ETH,ZMB,migrazione,2021,44,,
ETH,ZMB,migrazione,2022,53,,
ETH,ZMB,migrazione,2023,98,,
ETH,ZMB,migrazione,2024,121,,
ETH,ZWE,migrazione,2018,67,,
ETH,ZWE,migrazione,2019,71,,
ETH,ZWE,migrazione,2020,71,,
ETH,ZWE,migrazione,2021,67,,
ETH,ZWE,migrazione,2022,76,,
ETH,ZWE,migrazione,2023,74,,
ETH,ZWE,migrazione,2024,61,,
ETH,HKG,migrazione,2020,5,,
ETH,HKG,migrazione,2021,7,,
ETH,HKG,migrazione,2022,6,,
ETH,HKG,migrazione,2023,6,,
ETH,ISL,migrazione,2021,6,,
ETH,ISL,migrazione,2022,14,,
ETH,ISL,migrazione,2023,17,,
ETH,ISL,migrazione,2024,28,,
ETH,TUN,migrazione,2021,5,,
ETH,TUN,migrazione,2022,13,,
ETH,TUN,migrazione,2023,13,,
ETH,TUN,migrazione,2024,12,,
ETH,COD,migrazione,2022,5,,
ETH,COD,migrazione,2023,5,,
ETH,COD,migrazione,2024,5,,
ETH,NAM,migrazione,2022,6,,
ETH,NAM,migrazione,2023,7,,
ETH,NAM,migrazione,2024,6,,
ETH,MAR,migrazione,2023,5,,
ETH,MAR,migrazione,2024,9,,
ETH,CAF,migrazione,2024,5,,
ETH,CHN,migrazione,2024,5,,
VEN,ALB,migrazione,2018,5,,
VEN,ALB,migrazione,2019,5,,
VEN,ALB,migrazione,2020,5,,
VEN,ALB,migrazione,2021,5,,
VEN,ALB,migrazione,2022,5,,
VEN,ALB,migrazione,2023,5,,
VEN,ALB,migrazione,2024,5,,
VEN,ARG,migrazione,2018,16,,
VEN,ARG,migrazione,2019,309,,
VEN,ARG,migrazione,2020,312,,
VEN,ARG,migrazione,2021,315,,
VEN,ARG,migrazione,2022,316,,
VEN,ARG,migrazione,2023,316,,
VEN,ARG,migrazione,2024,333,,
VEN,AUS,migrazione,2018,28,,
VEN,AUS,migrazione,2019,72,,
VEN,AUS,migrazione,2020,139,,
VEN,AUS,migrazione,2021,143,,
VEN,AUS,migrazione,2022,240,,
VEN,AUS,migrazione,2023,470,,
VEN,AUS,migrazione,2024,134,,
VEN,AUT,migrazione,2018,5,,
VEN,AUT,migrazione,2019,31,,
VEN,AUT,migrazione,2020,61,,
VEN,AUT,migrazione,2021,83,,
VEN,AUT,migrazione,2022,104,,
VEN,AUT,migrazione,2023,131,,
VEN,AUT,migrazione,2024,177,,
VEN,BEL,migrazione,2018,6,,
VEN,BEL,migrazione,2019,273,,
VEN,BEL,migrazione,2020,399,,
VEN,BEL,migrazione,2021,479,,
VEN,BEL,migrazione,2022,513,,
VEN,BEL,migrazione,2023,511,,
VEN,BEL,migrazione,2024,497,,
VEN,BRA,migrazione,2018,35,,
VEN,BRA,migrazione,2019,20941,,
VEN,BRA,migrazione,2020,46675,,
VEN,BRA,migrazione,2021,48931,,
VEN,BRA,migrazione,2022,53307,,
VEN,BRA,migrazione,2023,128570,,
VEN,BRA,migrazione,2024,141269,,
VEN,CAN,migrazione,2018,1876,,
VEN,CAN,migrazione,2019,3067,,
VEN,CAN,migrazione,2020,3524,,
VEN,CAN,migrazione,2021,4108,,
VEN,CAN,migrazione,2022,1497,,
VEN,CAN,migrazione,2023,1706,,
VEN,CAN,migrazione,2024,3578,,
VEN,CHL,migrazione,2018,9,,
VEN,CHL,migrazione,2019,14,,
VEN,CHL,migrazione,2020,14,,
VEN,CHL,migrazione,2021,22,,
VEN,CHL,migrazione,2022,30,,
VEN,CHL,migrazione,2023,68,,
VEN,CHL,migrazione,2024,93,,
VEN,COL,migrazione,2018,94,,
VEN,COL,migrazione,2019,425,,
VEN,COL,migrazione,2020,771,,
VEN,COL,migrazione,2021,1297,,
VEN,COL,migrazione,2022,1381,,
VEN,COL,migrazione,2023,1134,,
VEN,COL,migrazione,2024,1070,,
VEN,CRI,migrazione,2018,344,,
VEN,CRI,migrazione,2019,577,,
VEN,CRI,migrazione,2020,1266,,
VEN,CRI,migrazione,2021,1492,,
VEN,CRI,migrazione,2022,1990,,
VEN,CRI,migrazione,2023,4752,,
VEN,CRI,migrazione,2024,5585,,
VEN,CUW,migrazione,2018,35,,
VEN,CUW,migrazione,2019,14,,
VEN,CUW,migrazione,2020,24,,
VEN,CZE,migrazione,2018,5,,
VEN,CZE,migrazione,2020,5,,
VEN,CZE,migrazione,2021,7,,
VEN,CZE,migrazione,2022,11,,
VEN,CZE,migrazione,2023,11,,
VEN,CZE,migrazione,2024,12,,
VEN,ECU,migrazione,2018,15,,
VEN,ECU,migrazione,2019,374,,
VEN,ECU,migrazione,2020,410,,
VEN,ECU,migrazione,2021,798,,
VEN,ECU,migrazione,2022,1540,,
VEN,ECU,migrazione,2023,1979,,
VEN,ECU,migrazione,2024,2493,,
VEN,FIN,migrazione,2018,5,,
VEN,FIN,migrazione,2019,7,,
VEN,FIN,migrazione,2020,7,,
VEN,FIN,migrazione,2021,7,,
VEN,FIN,migrazione,2022,5,,
VEN,FIN,migrazione,2023,8,,
VEN,FIN,migrazione,2024,11,,
VEN,FRA,migrazione,2018,304,,
VEN,FRA,migrazione,2019,551,,
VEN,FRA,migrazione,2020,778,,
VEN,FRA,migrazione,2021,1232,,
VEN,FRA,migrazione,2022,1681,,
VEN,FRA,migrazione,2023,2126,,
VEN,FRA,migrazione,2024,2575,,
VEN,GBR,migrazione,2018,41,,
VEN,GBR,migrazione,2019,51,,
VEN,GBR,migrazione,2020,61,,
VEN,GBR,migrazione,2021,67,,
VEN,GBR,migrazione,2022,67,,
VEN,GBR,migrazione,2023,94,,
VEN,GBR,migrazione,2024,88,,
VEN,DEU,migrazione,2018,183,,
VEN,DEU,migrazione,2019,320,,
VEN,DEU,migrazione,2020,757,,
VEN,DEU,migrazione,2021,1113,,
VEN,DEU,migrazione,2022,1221,,
VEN,DEU,migrazione,2023,1968,,
VEN,DEU,migrazione,2024,2741,,
VEN,GRC,migrazione,2018,6,,
VEN,GRC,migrazione,2019,6,,
VEN,GRC,migrazione,2020,13,,
VEN,GRC,migrazione,2021,14,,
VEN,GRC,migrazione,2022,15,,
VEN,GRC,migrazione,2023,15,,
VEN,GRC,migrazione,2024,11,,
VEN,GTM,migrazione,2018,17,,
VEN,GTM,migrazione,2019,23,,
VEN,GTM,migrazione,2020,27,,
VEN,GTM,migrazione,2021,36,,
VEN,GTM,migrazione,2022,59,,
VEN,GTM,migrazione,2023,95,,
VEN,GTM,migrazione,2024,142,,
VEN,HND,migrazione,2018,6,,
VEN,HND,migrazione,2019,7,,
VEN,HND,migrazione,2020,7,,
VEN,HND,migrazione,2021,9,,
VEN,HND,migrazione,2022,9,,
VEN,HND,migrazione,2023,9,,
VEN,HND,migrazione,2024,10,,
VEN,ISL,migrazione,2018,7,,
VEN,ISL,migrazione,2019,164,,
VEN,ISL,migrazione,2020,294,,
VEN,ISL,migrazione,2021,429,,
VEN,ISL,migrazione,2022,1156,,
VEN,ISL,migrazione,2023,1221,,
VEN,ISL,migrazione,2024,1340,,
VEN,IRL,migrazione,2018,29,,
VEN,IRL,migrazione,2019,46,,
VEN,IRL,migrazione,2020,101,,
VEN,IRL,migrazione,2021,140,,
VEN,IRL,migrazione,2022,184,,
VEN,IRL,migrazione,2023,182,,
VEN,IRL,migrazione,2024,160,,
VEN,ITA,migrazione,2018,563,,
VEN,ITA,migrazione,2019,1988,,
VEN,ITA,migrazione,2020,2119,,
VEN,ITA,migrazione,2021,2906,,
VEN,ITA,migrazione,2022,3426,,
VEN,ITA,migrazione,2023,4158,,
VEN,ITA,migrazione,2024,4406,,
VEN,MEX,migrazione,2018,4721,,
VEN,MEX,migrazione,2019,8781,,
VEN,MEX,migrazione,2020,13014,,
VEN,MEX,migrazione,2021,16585,,
VEN,MEX,migrazione,2022,20263,,
VEN,MEX,migrazione,2023,23745,,
VEN,MEX,migrazione,2024,24384,,
VEN,MLT,migrazione,2018,5,,
VEN,MLT,migrazione,2019,5,,
VEN,MLT,migrazione,2020,6,,
VEN,MLT,migrazione,2021,24,,
VEN,MLT,migrazione,2022,24,,
VEN,MLT,migrazione,2023,22,,
VEN,MLT,migrazione,2024,7,,
VEN,NOR,migrazione,2018,7,,
VEN,NOR,migrazione,2019,15,,
VEN,NOR,migrazione,2020,15,,
VEN,NOR,migrazione,2021,19,,
VEN,NOR,migrazione,2022,28,,
VEN,NOR,migrazione,2023,58,,
VEN,NOR,migrazione,2024,66,,
VEN,PAN,migrazione,2018,46,,
VEN,PAN,migrazione,2019,61,,
VEN,PAN,migrazione,2020,65,,
VEN,PAN,migrazione,2021,61,,
VEN,PAN,migrazione,2022,71,,
VEN,PAN,migrazione,2023,94,,
VEN,PAN,migrazione,2024,93,,
VEN,PRY,migrazione,2018,34,,
VEN,PRY,migrazione,2019,750,,
VEN,PRY,migrazione,2020,1251,,
VEN,PRY,migrazione,2021,3412,,
VEN,PRY,migrazione,2022,4315,,
VEN,PRY,migrazione,2023,4675,,
VEN,PRY,migrazione,2024,4730,,
VEN,PER,migrazione,2018,735,,
VEN,PER,migrazione,2019,1230,,
VEN,PER,migrazione,2020,2628,,
VEN,PER,migrazione,2021,4098,,
VEN,PER,migrazione,2022,4763,,
VEN,PER,migrazione,2023,4906,,
VEN,PER,migrazione,2024,4942,,
VEN,ESP,migrazione,2018,72,,
VEN,ESP,migrazione,2019,35243,,
VEN,ESP,migrazione,2020,75640,,
VEN,ESP,migrazione,2021,88492,,
VEN,ESP,migrazione,2022,105054,,
VEN,ESP,migrazione,2023,133714,,
VEN,ESP,migrazione,2024,136485,,
VEN,SUR,migrazione,2018,6,,
VEN,SUR,migrazione,2019,8,,
VEN,SUR,migrazione,2020,12,,
VEN,SUR,migrazione,2021,12,,
VEN,SUR,migrazione,2022,13,,
VEN,SUR,migrazione,2023,12,,
VEN,SUR,migrazione,2024,12,,
VEN,SWE,migrazione,2018,8,,
VEN,SWE,migrazione,2019,13,,
VEN,SWE,migrazione,2020,28,,
VEN,SWE,migrazione,2021,41,,
VEN,SWE,migrazione,2022,41,,
VEN,SWE,migrazione,2023,53,,
VEN,SWE,migrazione,2024,62,,
VEN,CHE,migrazione,2018,6,,
VEN,CHE,migrazione,2019,15,,
VEN,CHE,migrazione,2020,39,,
VEN,CHE,migrazione,2021,53,,
VEN,CHE,migrazione,2022,77,,
VEN,CHE,migrazione,2023,87,,
VEN,CHE,migrazione,2024,99,,
VEN,TTO,migrazione,2018,497,,
VEN,TTO,migrazione,2019,2040,,
VEN,TTO,migrazione,2020,2841,,
VEN,TTO,migrazione,2021,3221,,
VEN,TTO,migrazione,2022,3098,,
VEN,TTO,migrazione,2023,2945,,
VEN,TTO,migrazione,2024,3035,,
VEN,URY,migrazione,2018,17,,
VEN,URY,migrazione,2019,74,,
VEN,URY,migrazione,2020,225,,
VEN,URY,migrazione,2021,414,,
VEN,URY,migrazione,2022,621,,
VEN,URY,migrazione,2023,774,,
VEN,URY,migrazione,2024,799,,
VEN,USA,migrazione,2018,11259,,
VEN,USA,migrazione,2019,15706,,
VEN,USA,migrazione,2020,17292,,
VEN,USA,migrazione,2021,18735,,
VEN,USA,migrazione,2022,22583,,
VEN,USA,migrazione,2023,26326,,
VEN,USA,migrazione,2024,28128,,
VEN,DNK,migrazione,2019,5,,
VEN,DNK,migrazione,2020,5,,
VEN,DNK,migrazione,2021,5,,
VEN,DNK,migrazione,2022,5,,
VEN,DNK,migrazione,2023,5,,
VEN,DNK,migrazione,2024,5,,
VEN,LUX,migrazione,2019,15,,
VEN,LUX,migrazione,2020,5,,
VEN,LUX,migrazione,2021,8,,
VEN,LUX,migrazione,2022,8,,
VEN,LUX,migrazione,2023,8,,
VEN,LUX,migrazione,2024,5,,
VEN,NLD,migrazione,2019,13,,
VEN,NLD,migrazione,2020,30,,
VEN,NLD,migrazione,2021,107,,
VEN,NLD,migrazione,2022,189,,
VEN,NLD,migrazione,2023,267,,
VEN,NLD,migrazione,2024,294,,
VEN,BOL,migrazione,2020,242,,
VEN,BOL,migrazione,2021,243,,
VEN,BOL,migrazione,2022,243,,
VEN,BOL,migrazione,2023,240,,
VEN,BOL,migrazione,2024,240,,
VEN,IND,migrazione,2020,5,,
VEN,IND,migrazione,2021,5,,
VEN,IND,migrazione,2022,5,,
VEN,IND,migrazione,2023,5,,
VEN,IND,migrazione,2024,5,,
VEN,NZL,migrazione,2021,5,,
VEN,NZL,migrazione,2022,5,,
VEN,NZL,migrazione,2023,5,,
VEN,NZL,migrazione,2024,5,,
VEN,POL,migrazione,2021,17,,
VEN,POL,migrazione,2022,22,,
VEN,POL,migrazione,2023,23,,
VEN,POL,migrazione,2024,20,,
VEN,SLV,migrazione,2021,12,,
VEN,SLV,migrazione,2022,12,,
VEN,SLV,migrazione,2023,13,,
VEN,SLV,migrazione,2024,13,,
VEN,DOM,migrazione,2022,191,,
VEN,DOM,migrazione,2023,184,,
VEN,PRT,migrazione,2022,5,,
VEN,PRT,migrazione,2023,5,,
VEN,PRT,migrazione,2024,5,,
VEN,HUN,migrazione,2024,5,,
USA,RUS,cyber,,,Espionage,Targeting of Russian iPhone users
USA,RUS,cyber,,,Data destruction,Targeting of Hive ransomware group
USA,RUS,cyber,,,Data destruction,Targeting of REvil
USA,RUS,cyber,,,Sabotage,Targeting of TrickBot computer networks
USA,RUS,cyber,,,Sabotage,U.S. Cyber Command
USA,RUS,cyber,2019-Q1,,Denial of service,U.S. Cyber Command offensive attack of Russian troll farm
USA,RUS,cyber,,,Sabotage,Targeting of Internet Research Agency
USA,RUS,cyber,2016-Q3,,Espionage,Project Sauron
USA,RUS,cyber,2015-Q1,,Espionage,Equation Group
USA,RUS,migrazione,2018,5,,
USA,RUS,migrazione,2020,5,,
USA,RUS,migrazione,2021,5,,
USA,RUS,migrazione,2022,9,,
USA,RUS,migrazione,2023,20,,
USA,RUS,migrazione,2024,32,,
USA,RUS,coinvolgimento_militare,2018-Q2,1,,
USA,CHN,cyber,,,Espionage,Targeting of Northwestern Polytechnical University
USA,CHN,cyber,2016-Q3,,Espionage,Project Sauron
USA,CHN,cyber,2015-Q1,,Espionage,Equation Group
USA,IRN,cyber,,,Data destruction,U.S. retaliation against Iran
USA,IRN,cyber,2019-Q2,,Sabotage,Attack on Iranian computer systems
USA,IRN,cyber,2016-Q3,,Espionage,Project Sauron
USA,IRN,cyber,2015-Q1,,Espionage,Equation Group
USA,IRN,coinvolgimento_militare,2019-Q3,1,,
USA,IRN,coinvolgimento_militare,2019-Q2,2,,
USA,IRN,coinvolgimento_militare,2020-Q3,1,,
USA,IRN,coinvolgimento_militare,2020-Q2,3,,
USA,IRN,coinvolgimento_militare,2023-Q3,1,,
USA,IRN,coinvolgimento_militare,2021-Q2,3,,
USA,PRK,cyber,2017-Q3,,Denial of service,Targeting North Korea’s Reconnaissance General Bureau
USA,PRK,cyber,2017-Q1,,Sabotage,Compromise the North Korean nuclear program
USA,BEL,cyber,2016-Q3,,Espionage,Project Sauron
USA,BEL,migrazione,2022,5,,
USA,BEL,migrazione,2023,5,,
USA,BEL,migrazione,2024,5,,
USA,RWA,cyber,2016-Q3,,Espionage,Project Sauron
USA,SWE,cyber,2016-Q3,,Espionage,Project Sauron
USA,SWE,migrazione,2018,20,,
USA,SWE,migrazione,2019,22,,
USA,SWE,migrazione,2020,22,,
USA,SWE,migrazione,2021,21,,
USA,SWE,migrazione,2022,30,,
USA,SWE,migrazione,2023,25,,
USA,SWE,migrazione,2024,23,,
USA,IRQ,cyber,2016-Q1,,Sabotage,Targeting of the Islamic State group
USA,SYR,cyber,2016-Q1,,Sabotage,Targeting of the Islamic State group
USA,SYR,cyber,2015-Q1,,Espionage,Equation Group
USA,SYR,coinvolgimento_militare,2019-Q1,2,,
USA,SYR,coinvolgimento_militare,2018-Q4,5,,
USA,SYR,coinvolgimento_militare,2019-Q4,6,,
USA,SYR,coinvolgimento_militare,2020-Q2,1,,
USA,SYR,coinvolgimento_militare,2018-Q3,1,,
USA,SYR,coinvolgimento_militare,2020-Q1,4,,
USA,SYR,coinvolgimento_militare,2024-Q3,2,,
USA,SYR,coinvolgimento_militare,2021-Q4,2,,
USA,SYR,coinvolgimento_militare,2022-Q1,1,,
USA,SYR,coinvolgimento_militare,2024-Q1,1,,
USA,SYR,coinvolgimento_militare,2024-Q2,1,,
USA,AFG,cyber,2015-Q1,,Espionage,Equation Group
USA,DZA,cyber,2015-Q1,,Espionage,Equation Group
USA,IND,cyber,2015-Q1,,Espionage,Equation Group
USA,KEN,cyber,2015-Q1,,Espionage,Equation Group
USA,LBN,cyber,2015-Q1,,Espionage,Equation Group
USA,LBY,cyber,2015-Q1,,Espionage,Equation Group
USA,MLI,cyber,2015-Q1,,Espionage,Equation Group
USA,PAK,cyber,2015-Q1,,Espionage,Equation Group
USA,ARE,cyber,2015-Q1,,Espionage,Equation Group
USA,GBR,cyber,2015-Q1,,Espionage,Equation Group
USA,GBR,migrazione,2018,52,,
USA,GBR,migrazione,2019,58,,
USA,GBR,migrazione,2020,62,,
USA,GBR,migrazione,2021,67,,
USA,GBR,migrazione,2022,67,,
USA,GBR,migrazione,2023,99,,
USA,GBR,migrazione,2024,110,,
USA,YEM,cyber,2015-Q1,,Espionage,Equation Group
USA,YEM,coinvolgimento_militare,2020-Q1,12,,
USA,YEM,coinvolgimento_militare,2021-Q4,2,,
USA,YEM,coinvolgimento_militare,2019-Q4,3,,
USA,YEM,coinvolgimento_militare,2019-Q1,10,,
USA,YEM,coinvolgimento_militare,2020-Q4,3,,
USA,YEM,coinvolgimento_militare,2020-Q2,5,,
USA,YEM,coinvolgimento_militare,2019-Q3,3,,
USA,YEM,coinvolgimento_militare,2019-Q2,6,,
USA,YEM,coinvolgimento_militare,2018-Q3,11,,
USA,YEM,coinvolgimento_militare,2018-Q2,10,,
USA,YEM,coinvolgimento_militare,2018-Q1,22,,
USA,YEM,coinvolgimento_militare,2021-Q3,4,,
USA,YEM,coinvolgimento_militare,2021-Q1,1,,
USA,YEM,coinvolgimento_militare,2021-Q2,2,,
USA,YEM,coinvolgimento_militare,2022-Q1,4,,
USA,YEM,coinvolgimento_militare,2022-Q2,4,,
USA,YEM,coinvolgimento_militare,2022-Q3,7,,
USA,YEM,coinvolgimento_militare,2022-Q4,5,,
USA,YEM,coinvolgimento_militare,2023-Q1,5,,
USA,YEM,coinvolgimento_militare,2023-Q2,2,,
USA,YEM,coinvolgimento_militare,2023-Q3,3,,
USA,YEM,coinvolgimento_militare,2023-Q4,2,,
USA,YEM,coinvolgimento_militare,2020-Q3,1,,
USA,YEM,coinvolgimento_militare,2018-Q4,1,,
USA,YEM,coinvolgimento_militare,2024-Q3,58,,
USA,YEM,coinvolgimento_militare,2024-Q2,57,,
USA,YEM,coinvolgimento_militare,2024-Q1,150,,
USA,YEM,coinvolgimento_militare,2024-Q4,60,,
USA,ARG,migrazione,2018,5,,
USA,ARG,migrazione,2019,5,,
USA,ARG,migrazione,2020,5,,
USA,ARG,migrazione,2021,5,,
USA,ARG,migrazione,2022,5,,
USA,ARG,migrazione,2023,5,,
USA,ARG,migrazione,2024,5,,
USA,AUS,migrazione,2018,16,,
USA,AUS,migrazione,2019,15,,
USA,AUS,migrazione,2020,17,,
USA,AUS,migrazione,2021,17,,
USA,AUS,migrazione,2022,20,,
USA,AUS,migrazione,2023,20,,
USA,AUS,migrazione,2024,10,,
USA,AUT,migrazione,2018,5,,
USA,AUT,migrazione,2019,5,,
USA,AUT,migrazione,2020,5,,
USA,AUT,migrazione,2021,5,,
USA,AUT,migrazione,2022,5,,
USA,AUT,migrazione,2023,5,,
USA,AUT,migrazione,2024,34,,
USA,CAN,migrazione,2018,63,,
USA,CAN,migrazione,2020,12,,
USA,CAN,migrazione,2021,53,,
USA,CAN,migrazione,2022,197,,
USA,CAN,migrazione,2023,138,,
USA,CAN,migrazione,2024,2709,,
USA,ECU,migrazione,2018,7,,
USA,ECU,migrazione,2019,7,,
USA,ECU,migrazione,2020,8,,
USA,ECU,migrazione,2021,8,,
USA,ECU,migrazione,2022,8,,
USA,ECU,migrazione,2023,8,,
USA,ECU,migrazione,2024,5,,
USA,DEU,migrazione,2018,133,,
USA,DEU,migrazione,2019,133,,
USA,DEU,migrazione,2020,134,,
USA,DEU,migrazione,2021,125,,
USA,DEU,migrazione,2022,227,,
USA,DEU,migrazione,2023,232,,
USA,DEU,migrazione,2024,228,,
USA,ITA,migrazione,2018,5,,
USA,ITA,migrazione,2019,5,,
USA,ITA,migrazione,2021,5,,
USA,ITA,migrazione,2022,29,,
USA,ITA,migrazione,2023,9,,
USA,ITA,migrazione,2024,34,,
USA,MEX,migrazione,2018,7,,
USA,MEX,migrazione,2019,18,,
USA,MEX,migrazione,2020,27,,
USA,MEX,migrazione,2021,38,,
USA,MEX,migrazione,2022,50,,
USA,MEX,migrazione,2023,60,,
USA,MEX,migrazione,2024,67,,
USA,MYS,migrazione,2018,8,,
USA,MYS,migrazione,2019,7,,
USA,MYS,migrazione,2020,7,,
USA,MYS,migrazione,2021,7,,
USA,MYS,migrazione,2022,5,,
USA,MYS,migrazione,2023,6,,
USA,MYS,migrazione,2024,5,,
USA,NLD,migrazione,2018,6,,
USA,NLD,migrazione,2019,17,,
USA,NLD,migrazione,2020,29,,
USA,NLD,migrazione,2021,32,,
USA,NLD,migrazione,2022,110,,
USA,NLD,migrazione,2023,81,,
USA,NLD,migrazione,2024,92,,
USA,CRI,migrazione,2019,5,,
USA,CRI,migrazione,2020,5,,
USA,CRI,migrazione,2021,5,,
USA,CRI,migrazione,2022,7,,
USA,CRI,migrazione,2023,7,,
USA,CRI,migrazione,2024,12,,
USA,ESP,migrazione,2020,11,,
USA,ESP,migrazione,2021,19,,
USA,ESP,migrazione,2022,122,,
USA,ESP,migrazione,2023,153,,
USA,ESP,migrazione,2024,183,,
USA,FRA,migrazione,2021,9,,
USA,FRA,migrazione,2022,10,,
USA,FRA,migrazione,2023,11,,
USA,FRA,migrazione,2024,12,,
USA,SLV,migrazione,2021,5,,
USA,SLV,migrazione,2022,5,,
USA,SLV,migrazione,2023,5,,
USA,SLV,migrazione,2024,5,,
USA,BGR,migrazione,2022,20,,
USA,DNK,migrazione,2022,5,,
USA,DNK,migrazione,2023,5,,
USA,DNK,migrazione,2024,9,,
USA,EST,migrazione,2022,5,,
USA,EST,coinvolgimento_militare,2024-Q3,1,,
USA,FIN,migrazione,2022,7,,
USA,FIN,migrazione,2023,10,,
USA,FIN,migrazione,2024,12,,
USA,HRV,migrazione,2022,8,,
USA,HRV,migrazione,2023,11,,
USA,HRV,migrazione,2024,11,,
USA,HUN,migrazione,2022,7,,
USA,HUN,migrazione,2023,9,,
USA,HUN,migrazione,2024,14,,
USA,LTU,migrazione,2022,5,,
USA,LTU,migrazione,2023,5,,
USA,LVA,migrazione,2022,6,,
USA,LVA,migrazione,2023,6,,
USA,LVA,migrazione,2024,12,,
USA,MDA,migrazione,2022,93,,
USA,NOR,migrazione,2022,5,,
USA,NOR,migrazione,2023,5,,
USA,NOR,migrazione,2024,48,,
USA,POL,migrazione,2022,100,,
USA,POL,migrazione,2023,86,,
USA,POL,migrazione,2024,108,,
USA,PRT,migrazione,2022,67,,
USA,PRT,migrazione,2023,74,,
USA,PRT,migrazione,2024,75,,
USA,ROU,migrazione,2022,45,,
USA,ROU,migrazione,2023,49,,
USA,ROU,migrazione,2024,55,,
USA,SVK,migrazione,2022,22,,
USA,SVK,migrazione,2023,22,,
USA,SVK,migrazione,2024,25,,
USA,SVN,migrazione,2022,8,,
USA,SVN,migrazione,2023,12,,
USA,SVN,migrazione,2024,14,,
USA,CHE,migrazione,2022,13,,
USA,CHE,migrazione,2023,5,,
USA,CHE,migrazione,2024,14,,
USA,CZE,migrazione,2023,13,,
USA,CZE,migrazione,2024,10,,
USA,GRC,migrazione,2023,10,,
USA,GRC,migrazione,2024,5,,
USA,IRL,migrazione,2023,18,,
USA,IRL,migrazione,2024,21,,
USA,ISR,coinvolgimento_militare,2023-Q4,1,,
USA,ISR,coinvolgimento_militare,2024-Q4,1,,
USA,UKR,coinvolgimento_militare,2018-Q3,1,,
USA,SAU,coinvolgimento_militare,2021-Q2,3,,
USA,SAU,coinvolgimento_militare,2019-Q4,1,,
USA,SAU,coinvolgimento_militare,2020-Q4,1,,
USA,SAU,coinvolgimento_militare,2020-Q2,1,,
ISR,IRN,cyber,,,Sabotage,Disruption of operations at Shahid Rajaee Port
ISR,IRN,cyber,2015-Q2,,Espionage,Duqu 2.0
ISR,IRN,coinvolgimento_militare,2020-Q3,1,,
ISR,IRN,coinvolgimento_militare,2021-Q2,1,,
ISR,IRN,coinvolgimento_militare,2022-Q1,1,,
ISR,IRN,coinvolgimento_militare,2023-Q1,1,,
ISR,IRN,coinvolgimento_militare,2022-Q2,1,,
ISR,IRN,coinvolgimento_militare,2024-Q2,1,,
ISR,IRN,coinvolgimento_militare,2024-Q3,1,,
ISR,IRN,coinvolgimento_militare,2024-Q4,16,,
ISR,IRN,coinvolgimento_militare,2020-Q4,1,,
ISR,RUS,cyber,2017-Q4,,Espionage,Compromise of Kaspersky Labs
ISR,RUS,migrazione,2021,5,,
ISR,RUS,migrazione,2022,5,,
ISR,RUS,migrazione,2023,14,,
ISR,RUS,migrazione,2024,96,,
ISR,AUS,migrazione,2018,12,,
ISR,AUS,migrazione,2019,10,,
ISR,AUS,migrazione,2020,9,,
ISR,AUS,migrazione,2021,9,,
ISR,AUS,migrazione,2022,5,,
ISR,AUS,migrazione,2023,12,,
ISR,AUS,migrazione,2024,12,,
ISR,AUT,migrazione,2018,11,,
ISR,AUT,migrazione,2019,12,,
ISR,AUT,migrazione,2020,10,,
ISR,AUT,migrazione,2021,10,,
ISR,AUT,migrazione,2022,10,,
ISR,AUT,migrazione,2024,47,,
ISR,BEL,migrazione,2018,13,,
ISR,BEL,migrazione,2019,5,,
ISR,BEL,migrazione,2022,6,,
ISR,BEL,migrazione,2023,6,,
ISR,BEL,migrazione,2024,6,,
ISR,CAN,migrazione,2018,207,,
ISR,CAN,migrazione,2019,190,,
ISR,CAN,migrazione,2020,134,,
ISR,CAN,migrazione,2021,125,,
ISR,CAN,migrazione,2022,48,,
ISR,CAN,migrazione,2023,62,,
ISR,CAN,migrazione,2024,122,,
ISR,FRA,migrazione,2018,7,,
ISR,FRA,migrazione,2019,7,,
ISR,FRA,migrazione,2020,8,,
ISR,FRA,migrazione,2021,9,,
ISR,FRA,migrazione,2022,9,,
ISR,FRA,migrazione,2023,10,,
ISR,FRA,migrazione,2024,10,,
ISR,GBR,migrazione,2018,6,,
ISR,GBR,migrazione,2019,7,,
ISR,GBR,migrazione,2020,7,,
ISR,GBR,migrazione,2021,120,,
ISR,GBR,migrazione,2022,121,,
ISR,GBR,migrazione,2023,121,,
ISR,GBR,migrazione,2024,129,,
ISR,DEU,migrazione,2018,41,,
ISR,DEU,migrazione,2019,39,,
ISR,DEU,migrazione,2020,40,,
ISR,DEU,migrazione,2021,31,,
ISR,DEU,migrazione,2022,117,,
ISR,DEU,migrazione,2023,163,,
ISR,DEU,migrazione,2024,171,,
ISR,IRL,migrazione,2018,5,,
ISR,IRL,migrazione,2019,5,,
ISR,IRL,migrazione,2020,12,,
ISR,IRL,migrazione,2021,12,,
ISR,IRL,migrazione,2022,11,,
ISR,IRL,migrazione,2023,18,,
ISR,IRL,migrazione,2024,17,,
ISR,ITA,migrazione,2018,7,,
ISR,ITA,migrazione,2019,9,,
ISR,ITA,migrazione,2023,10,,
ISR,ITA,migrazione,2024,8,,
ISR,NOR,migrazione,2018,11,,
ISR,NOR,migrazione,2019,8,,
ISR,NOR,migrazione,2020,8,,
ISR,NOR,migrazione,2021,8,,
ISR,NOR,migrazione,2022,13,,
ISR,NOR,migrazione,2023,12,,
ISR,NOR,migrazione,2024,14,,
ISR,SWE,migrazione,2018,29,,
ISR,SWE,migrazione,2019,25,,
ISR,SWE,migrazione,2020,24,,
ISR,SWE,migrazione,2021,22,,
ISR,SWE,migrazione,2022,22,,
ISR,SWE,migrazione,2023,20,,
ISR,SWE,migrazione,2024,8,,
ISR,CHE,migrazione,2018,5,,
ISR,CHE,migrazione,2019,5,,
ISR,CHE,migrazione,2020,6,,
ISR,CHE,migrazione,2021,5,,
ISR,CHE,migrazione,2022,19,,
ISR,CHE,migrazione,2023,7,,
ISR,CHE,migrazione,2024,21,,
ISR,USA,migrazione,2018,138,,
ISR,USA,migrazione,2019,130,,
ISR,USA,migrazione,2020,115,,
ISR,USA,migrazione,2021,97,,
ISR,USA,migrazione,2022,99,,
ISR,USA,migrazione,2023,104,,
ISR,USA,migrazione,2024,110,,
ISR,BGR,migrazione,2022,25,,
ISR,BGR,migrazione,2024,45,,
ISR,HUN,migrazione,2022,9,,
ISR,HUN,migrazione,2023,16,,
ISR,HUN,migrazione,2024,19,,
ISR,LVA,migrazione,2022,7,,
ISR,LVA,migrazione,2023,13,,
ISR,LVA,migrazione,2024,13,,
ISR,MDA,migrazione,2022,179,,
ISR,NLD,migrazione,2022,27,,
ISR,NLD,migrazione,2024,22,,
ISR,POL,migrazione,2022,60,,
ISR,POL,migrazione,2023,73,,
ISR,POL,migrazione,2024,77,,
ISR,PRT,migrazione,2022,27,,
ISR,PRT,migrazione,2023,33,,
ISR,PRT,migrazione,2024,35,,
ISR,ROU,migrazione,2022,29,,
ISR,ROU,migrazione,2023,51,,
ISR,ROU,migrazione,2024,60,,
ISR,ESP,migrazione,2022,46,,
ISR,ESP,migrazione,2023,77,,
ISR,ESP,migrazione,2024,94,,
ISR,SVK,migrazione,2022,8,,
ISR,SVK,migrazione,2023,13,,
ISR,SVK,migrazione,2024,15,,
ISR,CZE,migrazione,2023,5,,
ISR,CZE,migrazione,2024,5,,
ISR,DNK,migrazione,2023,5,,
ISR,DNK,migrazione,2024,72,,
ISR,FIN,migrazione,2023,5,,
ISR,FIN,migrazione,2024,5,,
ISR,GRC,migrazione,2023,5,,
ISR,CRI,migrazione,2024,10,,
ISR,CYP,migrazione,2024,51,,
ISR,HRV,migrazione,2024,5,,
ISR,LTU,migrazione,2024,8,,
ISR,YEM,coinvolgimento_militare,2024-Q3,6,,
ISR,YEM,coinvolgimento_militare,2024-Q4,14,,
ISR,SYR,coinvolgimento_militare,2024-Q2,203,,
ISR,SYR,coinvolgimento_militare,2024-Q1,227,,
ISR,SYR,coinvolgimento_militare,2023-Q4,141,,
ISR,SYR,coinvolgimento_militare,2018-Q1,20,,
ISR,SYR,coinvolgimento_militare,2018-Q2,24,,
ISR,SYR,coinvolgimento_militare,2019-Q1,27,,
ISR,SYR,coinvolgimento_militare,2019-Q2,27,,
ISR,SYR,coinvolgimento_militare,2019-Q3,17,,
ISR,SYR,coinvolgimento_militare,2020-Q2,24,,
ISR,SYR,coinvolgimento_militare,2020-Q1,28,,
ISR,SYR,coinvolgimento_militare,2020-Q4,20,,
ISR,SYR,coinvolgimento_militare,2020-Q3,21,,
ISR,SYR,coinvolgimento_militare,2022-Q3,23,,
ISR,SYR,coinvolgimento_militare,2022-Q2,33,,
ISR,SYR,coinvolgimento_militare,2022-Q4,23,,
ISR,SYR,coinvolgimento_militare,2024-Q3,236,,
ISR,SYR,coinvolgimento_militare,2024-Q4,352,,
ISR,SYR,coinvolgimento_militare,2023-Q2,41,,
ISR,SYR,coinvolgimento_militare,2021-Q2,14,,
ISR,SYR,coinvolgimento_militare,2023-Q1,22,,
ISR,SYR,coinvolgimento_militare,2023-Q3,26,,
ISR,SYR,coinvolgimento_militare,2018-Q3,27,,
ISR,SYR,coinvolgimento_militare,2018-Q4,7,,
ISR,SYR,coinvolgimento_militare,2021-Q3,12,,
ISR,SYR,coinvolgimento_militare,2021-Q4,14,,
ISR,SYR,coinvolgimento_militare,2019-Q4,10,,
ISR,SYR,coinvolgimento_militare,2021-Q1,23,,
ISR,SYR,coinvolgimento_militare,2022-Q1,12,,
KOR,USA,cyber,,,Espionage,"Targeting of the staff of Korea Risk Group, as well as organizations in the United States, Asia, and Europe"
KOR,USA,migrazione,2018,33,,
KOR,USA,migrazione,2019,32,,
KOR,USA,migrazione,2020,27,,
KOR,USA,migrazione,2021,21,,
KOR,USA,migrazione,2022,21,,
KOR,USA,migrazione,2023,21,,
KOR,USA,migrazione,2024,21,,
KOR,PRK,cyber,,,Espionage,Targeting of North Koreans and North Korea–focused professionals
KOR,PRK,coinvolgimento_militare,2018-Q3,1,,
KOR,PRK,coinvolgimento_militare,2024-Q2,2,,
KOR,PRK,coinvolgimento_militare,2024-Q4,6,,
KOR,PRK,coinvolgimento_militare,2022-Q4,1,,
KOR,AUS,migrazione,2018,40,,
KOR,AUS,migrazione,2019,37,,
KOR,AUS,migrazione,2020,28,,
KOR,AUS,migrazione,2021,24,,
KOR,AUS,migrazione,2022,22,,
KOR,AUS,migrazione,2023,13,,
KOR,AUS,migrazione,2024,15,,
KOR,CAN,migrazione,2018,98,,
KOR,CAN,migrazione,2019,58,,
KOR,CAN,migrazione,2020,46,,
KOR,CAN,migrazione,2021,33,,
KOR,CAN,migrazione,2022,19,,
KOR,CAN,migrazione,2023,15,,
KOR,CAN,migrazione,2024,44,,
KOR,GBR,migrazione,2018,6,,
KOR,GBR,migrazione,2019,6,,
KOR,GBR,migrazione,2020,7,,
KOR,GBR,migrazione,2021,5,,
KOR,GBR,migrazione,2022,5,,
KOR,GBR,migrazione,2023,5,,
KOR,GBR,migrazione,2024,5,,
KOR,DEU,migrazione,2018,86,,
KOR,DEU,migrazione,2019,30,,
KOR,DEU,migrazione,2020,26,,
KOR,DEU,migrazione,2021,22,,
KOR,DEU,migrazione,2022,37,,
KOR,DEU,migrazione,2023,37,,
KOR,DEU,migrazione,2024,32,,
KOR,ITA,migrazione,2018,5,,
KOR,ITA,migrazione,2019,5,,
KOR,SWE,migrazione,2018,6,,
KOR,SWE,migrazione,2019,7,,
KOR,SWE,migrazione,2020,7,,
KOR,SWE,migrazione,2021,7,,
KOR,SWE,migrazione,2022,8,,
KOR,SWE,migrazione,2024,5,,
KOR,RUS,migrazione,2019,5,,
KOR,RUS,migrazione,2020,5,,
KOR,RUS,migrazione,2021,5,,
KOR,RUS,migrazione,2022,5,,
KOR,NLD,migrazione,2022,5,,
KOR,NLD,migrazione,2023,5,,
KOR,NLD,migrazione,2024,5,,
KOR,NOR,migrazione,2022,5,,
KOR,NOR,migrazione,2024,5,,
KOR,POL,migrazione,2022,5,,
KOR,POL,migrazione,2023,6,,
KOR,POL,migrazione,2024,5,,
KOR,ROU,migrazione,2023,5,,
KOR,ROU,migrazione,2024,5,,
SAU,USA,cyber,,,Espionage,Tracking of Saudi Arabian citizens in the United States
SAU,USA,migrazione,2018,482,,
SAU,USA,migrazione,2019,568,,
SAU,USA,migrazione,2020,594,,
SAU,USA,migrazione,2021,628,,
SAU,USA,migrazione,2022,710,,
SAU,USA,migrazione,2023,714,,
SAU,USA,migrazione,2024,723,,
SAU,YEM,cyber,,,Espionage,Targeting of the United Nations’ human rights investigator in Yemen
SAU,YEM,coinvolgimento_militare,2024-Q2,1,,
SAU,YEM,coinvolgimento_militare,2023-Q4,1,,
SAU,YEM,coinvolgimento_militare,2021-Q2,1,,
SAU,YEM,coinvolgimento_militare,2024-Q4,1,,
SAU,CAN,cyber,,,,KINGDOM
SAU,CAN,cyber,2018-Q4,,Espionage,Targeting of Omar Abdulaziz
SAU,CAN,migrazione,2018,375,,
SAU,CAN,migrazione,2019,344,,
SAU,CAN,migrazione,2020,463,,
SAU,CAN,migrazione,2021,552,,
SAU,CAN,migrazione,2022,229,,
SAU,CAN,migrazione,2023,201,,
SAU,CAN,migrazione,2024,212,,
SAU,AUS,migrazione,2018,94,,
SAU,AUS,migrazione,2019,143,,
SAU,AUS,migrazione,2020,199,,
SAU,AUS,migrazione,2021,200,,
SAU,AUS,migrazione,2022,211,,
SAU,AUS,migrazione,2023,104,,
SAU,AUS,migrazione,2024,86,,
SAU,AUT,migrazione,2018,5,,
SAU,AUT,migrazione,2019,6,,
SAU,AUT,migrazione,2020,6,,
SAU,AUT,migrazione,2021,7,,
SAU,AUT,migrazione,2022,8,,
SAU,AUT,migrazione,2023,11,,
SAU,AUT,migrazione,2024,12,,
SAU,BEL,migrazione,2018,5,,
SAU,BEL,migrazione,2019,8,,
SAU,BEL,migrazione,2020,8,,
SAU,BEL,migrazione,2021,8,,
SAU,BEL,migrazione,2022,5,,
SAU,BEL,migrazione,2023,6,,
SAU,BEL,migrazione,2024,12,,
SAU,CZE,migrazione,2018,5,,
SAU,CZE,migrazione,2019,6,,
SAU,CZE,migrazione,2020,6,,
SAU,CZE,migrazione,2021,5,,
SAU,CZE,migrazione,2022,5,,
SAU,CZE,migrazione,2023,5,,
SAU,ECU,migrazione,2018,5,,
SAU,ECU,migrazione,2019,8,,
SAU,ECU,migrazione,2020,8,,
SAU,ECU,migrazione,2021,8,,
SAU,ECU,migrazione,2022,8,,
SAU,ECU,migrazione,2023,8,,
SAU,ECU,migrazione,2024,5,,
SAU,FRA,migrazione,2018,12,,
SAU,FRA,migrazione,2019,18,,
SAU,FRA,migrazione,2020,34,,
SAU,FRA,migrazione,2021,42,,
SAU,FRA,migrazione,2022,51,,
SAU,FRA,migrazione,2023,56,,
SAU,FRA,migrazione,2024,63,,
SAU,GBR,migrazione,2018,165,,
SAU,GBR,migrazione,2019,212,,
SAU,GBR,migrazione,2020,256,,
SAU,GBR,migrazione,2021,288,,
SAU,GBR,migrazione,2022,324,,
SAU,GBR,migrazione,2023,492,,
SAU,GBR,migrazione,2024,683,,
SAU,DEU,migrazione,2018,130,,
SAU,DEU,migrazione,2019,145,,
SAU,DEU,migrazione,2020,178,,
SAU,DEU,migrazione,2021,175,,
SAU,DEU,migrazione,2022,127,,
SAU,DEU,migrazione,2023,222,,
SAU,DEU,migrazione,2024,216,,
SAU,GRC,migrazione,2018,7,,
SAU,GRC,migrazione,2019,7,,
SAU,GRC,migrazione,2020,7,,
SAU,GRC,migrazione,2021,8,,
SAU,GRC,migrazione,2022,8,,
SAU,GRC,migrazione,2023,8,,
SAU,IND,migrazione,2018,5,,
SAU,IND,migrazione,2019,5,,
SAU,IND,migrazione,2020,5,,
SAU,IND,migrazione,2021,5,,
SAU,IND,migrazione,2022,5,,
SAU,IND,migrazione,2023,5,,
SAU,IRL,migrazione,2018,9,,
SAU,IRL,migrazione,2019,13,,
SAU,IRL,migrazione,2020,16,,
SAU,IRL,migrazione,2021,20,,
SAU,IRL,migrazione,2022,22,,
SAU,IRL,migrazione,2023,26,,
SAU,IRL,migrazione,2024,32,,
SAU,ITA,migrazione,2018,11,,
SAU,ITA,migrazione,2019,25,,
SAU,ITA,migrazione,2023,6,,
SAU,ITA,migrazione,2024,7,,
SAU,LBN,migrazione,2018,13,,
SAU,LBN,migrazione,2019,13,,
SAU,LBN,migrazione,2020,12,,
SAU,LBN,migrazione,2021,7,,
SAU,LBN,migrazione,2022,6,,
SAU,MLT,migrazione,2018,5,,
SAU,MLT,migrazione,2019,5,,
SAU,MLT,migrazione,2020,5,,
SAU,MLT,migrazione,2021,5,,
SAU,MLT,migrazione,2022,5,,
SAU,MLT,migrazione,2023,5,,
SAU,NLD,migrazione,2018,13,,
SAU,NLD,migrazione,2019,21,,
SAU,NLD,migrazione,2020,25,,
SAU,NLD,migrazione,2021,35,,
SAU,NLD,migrazione,2022,57,,
SAU,NLD,migrazione,2023,71,,
SAU,NLD,migrazione,2024,85,,
SAU,NOR,migrazione,2018,6,,
SAU,NOR,migrazione,2019,8,,
SAU,NOR,migrazione,2020,8,,
SAU,NOR,migrazione,2021,8,,
SAU,NOR,migrazione,2022,8,,
SAU,NOR,migrazione,2023,9,,
SAU,NOR,migrazione,2024,5,,
SAU,NZL,migrazione,2018,60,,
SAU,NZL,migrazione,2019,68,,
SAU,NZL,migrazione,2020,64,,
SAU,NZL,migrazione,2021,62,,
SAU,NZL,migrazione,2022,63,,
SAU,NZL,migrazione,2023,48,,
SAU,NZL,migrazione,2024,49,,
SAU,PHL,migrazione,2018,7,,
SAU,PHL,migrazione,2019,8,,
SAU,SWE,migrazione,2018,50,,
SAU,SWE,migrazione,2019,55,,
SAU,SWE,migrazione,2020,62,,
SAU,SWE,migrazione,2021,60,,
SAU,SWE,migrazione,2022,62,,
SAU,SWE,migrazione,2023,54,,
SAU,SWE,migrazione,2024,23,,
SAU,CHE,migrazione,2018,7,,
SAU,CHE,migrazione,2019,11,,
SAU,CHE,migrazione,2020,17,,
SAU,CHE,migrazione,2021,18,,
SAU,CHE,migrazione,2022,13,,
SAU,CHE,migrazione,2023,16,,
SAU,CHE,migrazione,2024,16,,
SAU,SYR,migrazione,2018,11,,
SAU,SYR,migrazione,2019,9,,
SAU,SYR,migrazione,2020,6,,
SAU,SYR,migrazione,2021,6,,
SAU,SYR,migrazione,2022,5,,
SAU,SYR,migrazione,2023,5,,
SAU,SYR,migrazione,2024,5,,
SAU,TUR,migrazione,2018,5,,
SAU,ARE,migrazione,2018,5,,
SAU,ARE,migrazione,2019,5,,
SAU,ARE,migrazione,2020,5,,
SAU,EGY,migrazione,2019,5,,
SAU,EGY,migrazione,2020,14,,
SAU,EGY,migrazione,2021,15,,
SAU,EGY,migrazione,2022,5,,
SAU,EGY,migrazione,2023,5,,
SAU,EGY,migrazione,2024,5,,
SAU,ESP,migrazione,2019,5,,
SAU,ESP,migrazione,2020,5,,
SAU,ESP,migrazione,2021,5,,
SAU,ESP,migrazione,2022,5,,
SAU,ESP,migrazione,2023,5,,
SAU,ESP,migrazione,2024,5,,
SAU,IDN,migrazione,2023,8,,
SAU,IDN,migrazione,2024,8,,
SAU,DNK,migrazione,2024,80,,
ITA,AUS,migrazione,2018,5,,
ITA,AUS,migrazione,2019,5,,
ITA,AUS,migrazione,2020,5,,
ITA,AUS,migrazione,2021,5,,
ITA,AUS,migrazione,2022,5,,
ITA,AUS,migrazione,2023,5,,
ITA,AUS,migrazione,2024,5,,
ITA,CAN,migrazione,2018,5,,
ITA,CAN,migrazione,2019,5,,
ITA,CAN,migrazione,2020,5,,
ITA,CAN,migrazione,2021,5,,
ITA,CAN,migrazione,2022,17,,
ITA,CAN,migrazione,2023,24,,
ITA,CAN,migrazione,2024,121,,
ITA,DEU,migrazione,2018,27,,
ITA,DEU,migrazione,2019,34,,
ITA,DEU,migrazione,2020,30,,
ITA,DEU,migrazione,2021,31,,
ITA,DEU,migrazione,2022,44,,
ITA,DEU,migrazione,2023,48,,
ITA,DEU,migrazione,2024,53,,
ITA,SWE,migrazione,2018,5,,
ITA,SWE,migrazione,2019,5,,
ITA,SWE,migrazione,2024,5,,
ITA,CHE,migrazione,2018,5,,
ITA,CHE,migrazione,2019,5,,
ITA,CHE,migrazione,2020,5,,
ITA,CHE,migrazione,2021,6,,
ITA,CHE,migrazione,2022,15,,
ITA,CHE,migrazione,2023,12,,
ITA,CHE,migrazione,2024,10,,
ITA,USA,migrazione,2018,22,,
ITA,USA,migrazione,2019,22,,
ITA,USA,migrazione,2020,17,,
ITA,USA,migrazione,2021,9,,
ITA,USA,migrazione,2022,18,,
ITA,USA,migrazione,2023,18,,
ITA,USA,migrazione,2024,18,,
ITA,GBR,migrazione,2021,5,,
ITA,GBR,migrazione,2022,5,,
ITA,GBR,migrazione,2023,5,,
ITA,GBR,migrazione,2024,5,,
ITA,FRA,migrazione,2022,7,,
ITA,FRA,migrazione,2023,7,,
ITA,FRA,migrazione,2024,7,,
ITA,MDA,migrazione,2022,35,,
ITA,MEX,migrazione,2022,5,,
ITA,MEX,migrazione,2023,5,,
ITA,MEX,migrazione,2024,5,,
ITA,CRI,migrazione,2024,5,,
ITA,DNK,migrazione,2024,9,,
ITA,NLD,migrazione,2024,5,,
ITA,NOR,migrazione,2024,10,,
ITA,RUS,migrazione,2024,5,,
EST,CAN,migrazione,2018,5,,
EST,CAN,migrazione,2019,5,,
EST,CAN,migrazione,2020,5,,
EST,CAN,migrazione,2021,6,,
EST,CAN,migrazione,2024,5,,
EST,FRA,migrazione,2018,7,,
EST,FRA,migrazione,2019,5,,
EST,FRA,migrazione,2020,5,,
EST,FRA,migrazione,2021,5,,
EST,DEU,migrazione,2018,5,,
EST,DEU,migrazione,2019,5,,
EST,DEU,migrazione,2020,5,,
EST,DEU,migrazione,2022,5,,
EST,DEU,migrazione,2023,5,,
EST,DEU,migrazione,2024,5,,
EST,USA,migrazione,2018,264,,
EST,USA,migrazione,2019,254,,
EST,USA,migrazione,2020,252,,
EST,USA,migrazione,2021,250,,
EST,USA,migrazione,2022,25,,
EST,USA,migrazione,2023,25,,
EST,USA,migrazione,2024,25,,
EST,ZAF,migrazione,2019,5,,
EST,ZAF,migrazione,2020,5,,
EST,ZAF,migrazione,2021,5,,
EST,ZAF,migrazione,2022,5,,
EST,ZAF,migrazione,2023,5,,
EST,ZAF,migrazione,2024,5,,
EST,RUS,migrazione,2020,5,,
EST,RUS,migrazione,2021,5,,
EST,RUS,migrazione,2022,5,,
EST,RUS,migrazione,2023,15,,
EST,RUS,migrazione,2024,45,,
EST,ESP,migrazione,2022,5,,
EST,AUS,migrazione,2023,5,,
EST,BEL,migrazione,2023,5,,
EST,BEL,migrazione,2024,5,,
EST,NOR,migrazione,2024,5,,
EST,SWE,migrazione,2024,31,,
GBR,SYR,cyber,2018-Q2,,Sabotage,UK targeting of the Islamic State group
GBR,YEM,coinvolgimento_militare,2022-Q1,1,,
GBR,YEM,coinvolgimento_militare,2023-Q1,1,,
GBR,YEM,coinvolgimento_militare,2023-Q3,2,,
GBR,YEM,coinvolgimento_militare,2021-Q3,3,,
GBR,YEM,coinvolgimento_militare,2021-Q4,2,,
GBR,YEM,coinvolgimento_militare,2024-Q1,9,,
GBR,YEM,coinvolgimento_militare,2024-Q2,3,,
GBR,SAU,coinvolgimento_militare,2020-Q4,1,,
FRA,YEM,coinvolgimento_militare,2022-Q3,1,,
AFG,IRN,coinvolgimento_militare,2021-Q4,1,,
AFG,IRN,coinvolgimento_militare,2022-Q2,2,,
AFG,IRN,coinvolgimento_militare,2022-Q3,2,,
AFG,IRN,coinvolgimento_militare,2023-Q1,2,,
AFG,IRN,coinvolgimento_militare,2023-Q2,2,,
AFG,IRN,coinvolgimento_militare,2024-Q2,1,,
AFG,IRN,coinvolgimento_militare,2024-Q4,1,,
CAN,UKR,coinvolgimento_militare,2018-Q1,1,,
JOR,ISR,coinvolgimento_militare,2021-Q2,1,,
JOR,SYR,coinvolgimento_militare,2024-Q2,5,,
JOR,SYR,coinvolgimento_militare,2024-Q1,14,,
JOR,SYR,coinvolgimento_militare,2023-Q4,12,,
JOR,SYR,coinvolgimento_militare,2018-Q3,3,,
JOR,SYR,coinvolgimento_militare,2018-Q2,4,,
JOR,SYR,coinvolgimento_militare,2022-Q2,1,,
JOR,SYR,coinvolgimento_militare,2023-Q3,3,,
JOR,SYR,coinvolgimento_militare,2024-Q3,2,,
JOR,SYR,coinvolgimento_militare,2023-Q2,2,,
JOR,SYR,coinvolgimento_militare,2022-Q4,1,,
JOR,SYR,coinvolgimento_militare,2019-Q4,1,,
JOR,SYR,coinvolgimento_militare,2021-Q2,1,,
PAK,AFG,cyber,2018-Q2,,Espionage,Stealth Mango and Tangelo
PAK,AFG,cyber,,,Espionage,"Targeting of military personnel, government officials, employees of human rights and other nonprofit organizations, and students in Afghanistan, India, Pakistan, Saudi Arabia, and the United Arab Emirates (UAE)"
PAK,AUS,cyber,2018-Q2,,Espionage,Stealth Mango and Tangelo
PAK,DEU,cyber,2018-Q2,,Espionage,Stealth Mango and Tangelo
PAK,IND,cyber,2018-Q2,,Espionage,Stealth Mango and Tangelo
PAK,IRQ,cyber,2018-Q2,,Espionage,Stealth Mango and Tangelo
PAK,ARE,cyber,2018-Q2,,Espionage,Stealth Mango and Tangelo
PAK,ARE,cyber,,,Espionage,"Targeting of military personnel, government officials, employees of human rights and other nonprofit organizations, and students in Afghanistan, India, Pakistan, Saudi Arabia, and the United Arab Emirates (UAE)"
PAK,USA,cyber,2018-Q2,,Espionage,Stealth Mango and Tangelo
PAK,SAU,cyber,,,Espionage,"Targeting of military personnel, government officials, employees of human rights and other nonprofit organizations, and students in Afghanistan, India, Pakistan, Saudi Arabia, and the United Arab Emirates (UAE)"
PAK,KOR,cyber,,,Espionage,Targeting of manufacturing groups across Asia
PAK,TWN,cyber,,,Espionage,Targeting of manufacturing groups across Asia
PAK,IRN,coinvolgimento_militare,2024-Q1,1,,
TUR,SYR,coinvolgimento_militare,2024-Q2,262,,
TUR,SYR,coinvolgimento_militare,2024-Q1,354,,
TUR,SYR,coinvolgimento_militare,2023-Q4,458,,
TUR,SYR,coinvolgimento_militare,2018-Q2,74,,
TUR,SYR,coinvolgimento_militare,2018-Q1,923,,
TUR,SYR,coinvolgimento_militare,2018-Q3,77,,
TUR,SYR,coinvolgimento_militare,2019-Q1,46,,
TUR,SYR,coinvolgimento_militare,2018-Q4,111,,
TUR,SYR,coinvolgimento_militare,2019-Q3,123,,
TUR,SYR,coinvolgimento_militare,2019-Q2,109,,
TUR,SYR,coinvolgimento_militare,2019-Q4,406,,
TUR,SYR,coinvolgimento_militare,2020-Q3,198,,
TUR,SYR,coinvolgimento_militare,2020-Q2,282,,
TUR,SYR,coinvolgimento_militare,2020-Q1,491,,
TUR,SYR,coinvolgimento_militare,2021-Q1,276,,
TUR,SYR,coinvolgimento_militare,2020-Q4,270,,
TUR,SYR,coinvolgimento_militare,2022-Q1,278,,
TUR,SYR,coinvolgimento_militare,2021-Q4,220,,
TUR,SYR,coinvolgimento_militare,2021-Q3,365,,
TUR,SYR,coinvolgimento_militare,2021-Q2,267,,
TUR,SYR,coinvolgimento_militare,2022-Q3,587,,
TUR,SYR,coinvolgimento_militare,2022-Q2,543,,
TUR,SYR,coinvolgimento_militare,2023-Q2,116,,
TUR,SYR,coinvolgimento_militare,2023-Q1,163,,
TUR,SYR,coinvolgimento_militare,2022-Q4,695,,
TUR,SYR,coinvolgimento_militare,2023-Q3,278,,
TUR,SYR,coinvolgimento_militare,2024-Q3,380,,
TUR,SYR,coinvolgimento_militare,2024-Q4,435,,
TUR,IRN,coinvolgimento_militare,2020-Q3,1,,
TUR,IRN,coinvolgimento_militare,2020-Q2,1,,
TUR,IRN,coinvolgimento_militare,2020-Q4,1,,
IND,BGD,cyber,,,Espionage,Targeting of military personnel and activists in Southeast Asia
IND,CHN,cyber,,,Espionage,Targeting of military personnel and activists in Southeast Asia
IND,PAK,cyber,,,Espionage,Targeting of military personnel and activists in Southeast Asia
IND,LKA,cyber,,,Espionage,Targeting of military personnel and activists in Southeast Asia
MYS,SAU,coinvolgimento_militare,2018-Q2,1,,
MMR,CHN,coinvolgimento_militare,2023-Q4,3,,
MMR,CHN,coinvolgimento_militare,2024-Q1,1,,
VNM,KHM,cyber,2015-Q2,,Espionage,Ocean Lotus
VNM,CHN,cyber,2015-Q2,,Espionage,Ocean Lotus
VNM,CHN,cyber,,,Espionage,Targeting of Chinese users with three zero days
VNM,CHN,cyber,,,Espionage,Targeting of Wuhan government and China’s Ministry of Emergency Management
VNM,DEU,cyber,2015-Q2,,Espionage,Ocean Lotus
VNM,LAO,cyber,2015-Q2,,Espionage,Ocean Lotus
VNM,PHL,cyber,2015-Q2,,Espionage,Ocean Lotus
VNM,USA,cyber,2015-Q2,,Espionage,Ocean Lotus
VNM,DZA,cyber,,,Espionage,Distribution of malware through Google Play store
VNM,BGD,cyber,,,Espionage,Distribution of malware through Google Play store
VNM,IND,cyber,,,Espionage,Distribution of malware through Google Play store
VNM,IDN,cyber,,,Espionage,Distribution of malware through Google Play store
VNM,IRN,cyber,,,Espionage,Distribution of malware through Google Play store
VNM,MYS,cyber,,,Espionage,Distribution of malware through Google Play store
VNM,MMR,cyber,,,Espionage,Distribution of malware through Google Play store
VNM,NPL,cyber,,,Espionage,Distribution of malware through Google Play store
VNM,ZAF,cyber,,,Espionage,Distribution of malware through Google Play store
BLR,UKR,cyber,,,Espionage,Targeting of Ukrainian state entities
BLR,UKR,cyber,,,Defacement,Targeting of Ukrainian government websites
BLR,UKR,coinvolgimento_militare,2022-Q1,1,,
BLR,RUS,coinvolgimento_militare,2024-Q3,1,,
ARE,QAT,cyber,,,Espionage,Targeting of Qatari royal family
ARE,QAT,cyber,2019-Q1,,Espionage,Cyber espionage by the United Arab Emirates (UAE)
ARE,USA,cyber,,,Espionage,Targeting of Qatari royal family
ARE,TUR,cyber,2019-Q1,,Espionage,Cyber espionage by the United Arab Emirates (UAE)
ARE,YEM,cyber,2019-Q1,,Espionage,Cyber espionage by the United Arab Emirates (UAE)
ARE,SDN,coinvolgimento_militare,2024-Q2,1,,
ARE,SDN,coinvolgimento_militare,2023-Q4,1,,
ARE,SDN,coinvolgimento_militare,2024-Q4,1,,
PHL,CHN,coinvolgimento_militare,2024-Q3,1,,
PHL,CHN,coinvolgimento_militare,2021-Q2,2,,
LBN,CAN,cyber,2018-Q1,,Espionage,Targeting of individuals of interest to the government of Lebanon
LBN,FRA,cyber,2018-Q1,,Espionage,Targeting of individuals of interest to the government of Lebanon
LBN,DEU,cyber,2018-Q1,,Espionage,Targeting of individuals of interest to the government of Lebanon
LBN,USA,cyber,2018-Q1,,Espionage,Targeting of individuals of interest to the government of Lebanon
LBN,ISR,coinvolgimento_militare,2023-Q4,1,,
LBN,SYR,coinvolgimento_militare,2024-Q2,1,,
LBN,SYR,coinvolgimento_militare,2024-Q3,1,,
LBN,SYR,coinvolgimento_militare,2024-Q4,1,,
LBN,SYR,coinvolgimento_militare,2023-Q4,2,,
LBN,SYR,coinvolgimento_militare,2023-Q3,1,,
KEN,ETH,coinvolgimento_militare,2020-Q2,1,,
IRQ,SYR,coinvolgimento_militare,2024-Q1,2,,
IRQ,SYR,coinvolgimento_militare,2018-Q1,2,,
IRQ,SYR,coinvolgimento_militare,2018-Q3,4,,
IRQ,SYR,coinvolgimento_militare,2018-Q2,17,,
IRQ,SYR,coinvolgimento_militare,2019-Q4,1,,
IRQ,SYR,coinvolgimento_militare,2020-Q3,5,,
IRQ,SYR,coinvolgimento_militare,2021-Q1,3,,
IRQ,SYR,coinvolgimento_militare,2020-Q4,1,,
IRQ,SYR,coinvolgimento_militare,2022-Q2,2,,
IRQ,SYR,coinvolgimento_militare,2022-Q1,5,,
IRQ,SYR,coinvolgimento_militare,2022-Q4,2,,
IRQ,SYR,coinvolgimento_militare,2024-Q4,6,,
IRQ,SYR,coinvolgimento_militare,2019-Q1,3,,
IRQ,SYR,coinvolgimento_militare,2021-Q4,6,,
IRQ,SYR,coinvolgimento_militare,2023-Q1,1,,
IRQ,SYR,coinvolgimento_militare,2022-Q3,3,,
IRQ,SYR,coinvolgimento_militare,2023-Q2,1,,
IRQ,SYR,coinvolgimento_militare,2023-Q3,2,,
IRQ,SYR,coinvolgimento_militare,2023-Q4,3,,
IRQ,SYR,coinvolgimento_militare,2024-Q2,2,,
IRQ,SYR,coinvolgimento_militare,2018-Q4,14,,
IRQ,SYR,coinvolgimento_militare,2021-Q3,5,,
IRQ,SYR,coinvolgimento_militare,2020-Q1,1,,
IRQ,SYR,coinvolgimento_militare,2024-Q3,1,,
NLD,RUS,cyber,2018-Q1,,Espionage,Compromise of the Dukes
KWT,SAU,coinvolgimento_militare,2023-Q3,1,,
BHR,SAU,coinvolgimento_militare,2023-Q3,1,,
EGY,ISR,coinvolgimento_militare,2018-Q4,1,,
EGY,ISR,coinvolgimento_militare,2019-Q4,1,,
EGY,ISR,coinvolgimento_militare,2019-Q3,1,,
EGY,SDN,coinvolgimento_militare,2024-Q3,1,,
EGY,SDN,coinvolgimento_militare,2024-Q4,1,,
EGY,SDN,coinvolgimento_militare,2023-Q3,2,,
EGY,SDN,coinvolgimento_militare,2023-Q2,1,,
EGY,SDN,coinvolgimento_militare,2023-Q4,1,,
EGY,YEM,coinvolgimento_militare,2022-Q1,1,,
EGY,YEM,coinvolgimento_militare,2022-Q4,1,,
PSE,ISR,cyber,,,,APT-C-23
PSE,ISR,cyber,,,Espionage,Targeting of Israeli officials
PSE,ISR,cyber,,,Espionage,Catfishing of Israeli soldiers
UGA,SSD,coinvolgimento_militare,2021-Q1,2,,
UGA,SSD,coinvolgimento_militare,2022-Q2,2,,
UGA,SSD,coinvolgimento_militare,2022-Q4,1,,
UGA,SSD,coinvolgimento_militare,2019-Q4,1,,
UGA,SSD,coinvolgimento_militare,2023-Q3,2,,
UGA,SSD,coinvolgimento_militare,2024-Q1,1,,
UGA,SSD,coinvolgimento_militare,2020-Q3,1,,
UGA,SSD,coinvolgimento_militare,2024-Q2,2,,
UGA,SSD,coinvolgimento_militare,2024-Q3,10,,
UGA,SSD,coinvolgimento_militare,2024-Q4,1,,
UGA,SSD,coinvolgimento_militare,2023-Q1,1,,
UGA,SSD,coinvolgimento_militare,2021-Q2,1,,
TCD,SDN,coinvolgimento_militare,2024-Q2,1,,
TCD,SDN,coinvolgimento_militare,2023-Q2,1,,
ERI,SDN,coinvolgimento_militare,2024-Q3,1,,
ERI,SDN,coinvolgimento_militare,2021-Q1,2,,
ERI,YEM,coinvolgimento_militare,2020-Q2,5,,
ERI,YEM,coinvolgimento_militare,2023-Q3,1,,
ERI,YEM,coinvolgimento_militare,2023-Q2,1,,
ERI,YEM,coinvolgimento_militare,2022-Q4,1,,
ERI,YEM,coinvolgimento_militare,2022-Q1,1,,
ERI,YEM,coinvolgimento_militare,2021-Q3,2,,
ERI,ETH,coinvolgimento_militare,2020-Q4,45,,
ERI,ETH,coinvolgimento_militare,2021-Q1,25,,
ERI,ETH,coinvolgimento_militare,2021-Q2,11,,
ERI,ETH,coinvolgimento_militare,2022-Q2,5,,
ERI,ETH,coinvolgimento_militare,2022-Q3,11,,
ERI,ETH,coinvolgimento_militare,2022-Q4,16,,
ERI,ETH,coinvolgimento_militare,2023-Q1,4,,
ERI,ETH,coinvolgimento_militare,2023-Q2,2,,
ERI,ETH,coinvolgimento_militare,2024-Q2,1,,
ERI,ETH,coinvolgimento_militare,2022-Q1,1,,
ERI,ETH,coinvolgimento_militare,2024-Q3,3,,
ERI,ETH,coinvolgimento_militare,2024-Q4,1,,
ERI,ETH,coinvolgimento_militare,2023-Q4,2,,
ERI,ETH,coinvolgimento_militare,2024-Q1,1,,
COL,VEN,coinvolgimento_militare,2019-Q1,1,,
COL,VEN,coinvolgimento_militare,2020-Q2,2,,
COL,VEN,coinvolgimento_militare,2020-Q1,1,,
OMN,YEM,coinvolgimento_militare,2019-Q3,1,,
