titolo,categoria,sponsor_stato,paesi_vittima,ruolo,data_evento,fonte_data_evento,descrizione,link
Allanite,Espionage,Russian Federation,"United Kingdom, United States",vittima,,da_estrarre_con_llm,"This threat actor targets business and industrial control networks in the power-utility sector, for the purpose of espionage. In 2017, the U.S. Department of Homeland Security warned U.S. critical infrastructure operators about this threat actor and its capabilities.",https://www.cfr.org/cyber-operations/allanite
Kimusky,,Korea (Democratic People's Republic of),"France, Slovakia, United Kingdom, United States",vittima,,da_estrarre_con_llm,This threat actor targeted foreign ministries and think tanks in Europe and the United States using malware hidden in Microsoft Word documents and antiquated file formats.,https://www.cfr.org/cyber-operations/kimusky
APT 28,,Russian Federation,"Afghanistan, Armenia, Belgium, Canada, China, France, Georgia, Germany, Hungary, Japan, Jordan, Kazakhstan, Mongolia, Pakistan, Poland, Tajikistan, Turkey, Ukraine, United Kingdom, United States",vittima,2014-10-28,archivio_cfr_2019,"This threat actor is linked to espionage campaigns, high-profile doxing efforts, and disruptive incidents that compromised targets believed to be of interest to the Russian government.",https://www.cfr.org/cyber-operations/apt-28
Targeting of American defense industry,Espionage,Korea (Democratic People's Republic of),United States,vittima,,da_estrarre_con_llm,"The North Korean threat actor Lazarus Group leveraged a Windows update to conduct spear-phishing attacks, sending fake job offers from Lockheed Martin. Lazarus has used fake job offers in the past to plant malware on defense industry systems.",https://www.cfr.org/cyber-operations/targeting-of-american-defense-industry
"Targeting of humanitarian, think tank, and governmental organizations",Espionage,China,"India, Taiwan, United States",vittima,,da_estrarre_con_llm,"Security researchers described a long-running domain-spoofing campaign run by a Chinese-sponsored threat actor aimed at various organizations, with a special interest in Taiwan.",https://www.cfr.org/cyber-operations/targeting-of-humanitarian-think-tank-and-governmental-organizations
"Targeting of Google Chrome users in the United States, South Korea, and Europe, particularly those involved in research into North Korean affairs",Espionage,Korea (Democratic People's Republic of),"Korea (Republic of), United States",vittima,,da_estrarre_con_llm,"Zscaler observed Kimsuky leveraging a malicious version of a Google Chrome extension, which Zscaler named “Translatext,” to steal information. The extension allows Kimsuky to bypass popular email servers’ security measures and access users’ inboxes.",https://www.cfr.org/cyber-operations/targeting-of-google-chrome-users-in-the-united-states-south-korea-and-europe-particularly-those-involved-in-research-into-north-korean-affairs
UAC-0188,Espionage,Russian Federation,"Ukraine, United States",vittima,,da_estrarre_con_llm,UAC-0188 is a Russian threat actor that has been previously observed deploying malware on U.S. and European financial and insurance institutions.,https://www.cfr.org/cyber-operations/uac-0188
"Targeting of U.S. Departments of Treasury and State, defense contractors, and two New York–based companies",Espionage,Iran (Islamic Republic of),United States,vittima,,da_estrarre_con_llm,"Four Iranian nationals (Hossein Harooni, Reza Kazemifar, Komeil Baradaran Salmani, and Alireza Shafie Nasab) were members of a hacking organization from 2016 to 2021 that targeted U.S. companies and the Departments of Treasury and State. The group’s private-sector victims were mainly defense contractors with security clearance. Their primary techniques were spear phishing and social engineering.",https://www.cfr.org/cyber-operations/targeting-of-u-s-departments-of-treasury-and-state-defense-contractors-and-two-new-york-based-companies
Targeting of organizations using JetBrains software,Espionage,Russian Federation,United States,vittima,,da_estrarre_con_llm,"The Dukes, a threat actor associated with the Russian SVR intelligence agency, were detected using a previously undetected vulnerability in TeamCity, a product used to test and exchange software code before releasing it, to gain access to organizations’ networks. The attacks appear to have been opportunistic, as the Dukes targeted any vulnerable network, rather than […]",https://www.cfr.org/cyber-operations/targeting-of-organizations-using-jetbrains-software
Targeting of home internet routers to add to a botnet,Espionage,China,United States,vittima,,da_estrarre_con_llm,"Volt Typhoon targeted unsupported or unpatched home and small office internet routers. Once the routers were compromised, they were used to obfuscate Volt Typhoon’s operations. The network also contained routers from a U.S. judicial organization and a satellite management firm, although it was unclear if these organizations were targeted beyond adding the routers to the […]",https://www.cfr.org/cyber-operations/targeting-of-home-internet-routers-to-add-to-a-botnet
"Targeting of academic institutions, think tanks, and other research groups",Espionage,Russian Federation,United States,vittima,,da_estrarre_con_llm,"Calisto was observed targeting a variety of academic institutions, think tanks, and research organizations. The attacks were aimed at stealing credentials for a U.S.-based grants management portal. The report on Calisto’s targeting came the same day that three of its members were sanctioned by the UK government.",https://www.cfr.org/cyber-operations/targeting-of-academic-institutions-think-tanks-and-other-research-groups
Targeting of blockchain engineers at a cryptocurrency exchange,Financial Theft,Korea (Democratic People's Republic of),United States,vittima,,da_estrarre_con_llm,"Lazarus Group distributed a compromised cryptocurrency arbitrage bot on public services on the chat service Discord. The attack was highly targeted, with the goal of gaining access to the network of a cryptocurrency company.",https://www.cfr.org/cyber-operations/targeting-of-blockchain-engineers-at-a-cryptocurrency-exchange
Targeting of subsidiaries of global companies,Espionage,China,"Japan, Korea (Republic of), United States",vittima,,da_estrarre_con_llm,"BlackTech, a Chinese threat actor, targeted public- and private-sector organizations, including industrial, technology, media, electronics, and telecommunications companies. It attacked the poorly secured systems of subsidiary companies and then escalated access to the parent companies’ network, sometimes by compromising the firmware of routers.",https://www.cfr.org/cyber-operations/targeting-of-subsidiaries-of-global-companies
Targeting of Stake virtual currency service,Financial Theft,Korea (Democratic People's Republic of),United States,vittima,,da_estrarre_con_llm,Lazarus Group stole $41 million in cryptocurrency from the online gambling platform Stake.com.,https://www.cfr.org/cyber-operations/targeting-of-stake-virtual-currency-service
Targeting of GitHub users with an interest in cryptocurrency,Espionage,Korea (Democratic People's Republic of),United States,vittima,,da_estrarre_con_llm,"North Korean threat actor Lazarus Group used spear-phishing lures to distribute GitHub repositories, usually pretending to be media players or cryptocurrency trading tools, which contain malicious code. The attacks share commonalities with another North Korean cyberattack detected in June 2022, TraderTraitor.",https://www.cfr.org/cyber-operations/targeting-of-github-users-with-an-interest-in-cryptocurrency
Targeting of IT company as part of a supply-chain attack,Financial Theft,Korea (Democratic People's Republic of),United States,vittima,,da_estrarre_con_llm,"North Korean threat actors targeted the systems of an information technology firm, JumpCloud. After gaining access to JumpCloud’s systems, the operators targeted several JumpCloud customers involved in the cryptocurrency trade.",https://www.cfr.org/cyber-operations/targeting-of-it-company-as-part-of-a-supply-chain-attack
Targeting of nuclear security experts in phishing campaign,Espionage,Iran (Islamic Republic of),"France, Germany, United Kingdom, United States",vittima,,da_estrarre_con_llm,Iranian hackers sent phishing emails purporting to be from a senior fellow at the Royal United Services Institute. The campaign’s intent appears to be to learn more about the Joint Comprehensive Plan of Action negotiations over Iran’s nuclear program.,https://www.cfr.org/cyber-operations/targeting-of-nuclear-security-experts-in-phishing-campaign
Targeting of organizations using Barracuda email security gateway devices,Espionage,China,"Hong Kong, Taiwan, United States",vittima,,da_estrarre_con_llm,"A Chinese threat actor compromised Barracuda brand email security gateway systems and used access to infiltrate networks attached to the Barracuda products. Once the campaign was detected, the attackers rapidly expanded their persistence on compromised systems, leading Barracuda to tell affected customers to destroy their devices due to the potential for continued compromise.",https://www.cfr.org/cyber-operations/targeting-of-organizations-using-barracuda-email-security-gateway-devices
Targeting of government organizations in Eastern Europe and Western Asia,Espionage,China,"Estonia, Greece, Japan, Latvia, Taiwan, Turkey, United States",vittima,,da_estrarre_con_llm,"Mustang Panda targeted government and civil-society networks in at least nine countries— including the United States, Greece, Japan, and the United Kingdom—with several new malware droppers.",https://www.cfr.org/cyber-operations/targeting-of-government-organizations-in-eastern-europe-and-western-asia
Targeting of Atomic Wallet cryptocurrency users,Financial Theft,Korea (Democratic People's Republic of),United States,vittima,,da_estrarre_con_llm,North Korean hackers stole over $100 million in cryptocurrency from over five thousand cryptocurrency wallets run by a company called Atomic Wallet.,https://www.cfr.org/cyber-operations/targeting-of-atomic-wallet-cryptocurrency-users
Targeting of Russian iPhone users,Espionage,United States,Russian Federation,attore,,da_estrarre_con_llm,"In June, cybersecurity company Kaspersky announced that it was targeted by an advanced threat actor that compromised several Apple iOS devices in the company using zero-click exploits sent in text messages. Follow-up reporting indicates the threat actor used at least four zero-day exploits in the attack and exploited a previously unknown hardware flaw in Apple […]",https://www.cfr.org/cyber-operations/targeting-of-russian-iphone-users
Volt Typhoon,Espionage,China,United States,vittima,,da_estrarre_con_llm,"U.S. government agencies and Microsoft detected activity on critical infrastructure in the United States and Guam by a new Chinese threat actor dubbed Volt Typhoon. The attacks were primarily designed to gather information on U.S. critical infrastructure and military capabilities, but Microsoft and the agencies said the attacks could be preparation for a future attack […]",https://www.cfr.org/cyber-operations/volt-typhoon
Targeting of telecommunications equipment in Guam,Espionage,China,"Guam, United States",vittima,,da_estrarre_con_llm,"Volt Typhoon is a threat actor that has been active since 2021 and targets various organizations, including educational institutions, information technology companies, military networks, and transportation groups for the purposes of espionage. The group primarily targets high-value victims and maintains persistent access through “living off the land” techniques and hands-on activity.",https://www.cfr.org/cyber-operations/targeting-of-telecommunications-equipment-in-guam
Targeting of government networks with Snake malware,Espionage,Russian Federation,"Australia, Russian Federation, United States",vittima,,da_estrarre_con_llm,"The FBI said it had disrupted a malware network, Snake, run by Turla, a unit within Russia’s Federal Security Service (FSB). Snake had been operational for almost twenty years and had been placed on computers in over fifty countries, including the United States and Russia. The U.S. operation disabled Turla’s Snake malware using a tool […]",https://www.cfr.org/cyber-operations/targeting-of-government-networks-with-snake-malware
Targeting of PaperCut MF and NG print management servers by an Islamic Revolutionary Guard Corps–affiliated actor,Financial Theft,Iran (Islamic Republic of),United States,vittima,,da_estrarre_con_llm,Charming Kitten targeted vulnerabilities in PaperCut MF and NG print management servers with ransomware.,https://www.cfr.org/cyber-operations/targeting-of-papercut-mf-and-ng-print-management-servers-by-an-islamic-revolutionary-guard-corps-affiliated-actor
Targeting of PaperCut MF and NG print management servers by a Ministry of Intelligence and Security–affiliated actor,Financial Theft,Iran (Islamic Republic of),United States,vittima,,da_estrarre_con_llm,MuddyWater targeted vulnerabilities in PaperCut MF and NG print management servers with ransomware.,https://www.cfr.org/cyber-operations/targeting-of-papercut-mf-and-ng-print-management-servers-by-a-ministry-of-intelligence-and-security-affiliated-actor
"Targeting of the staff of Korea Risk Group, as well as organizations in the United States, Asia, and Europe",Espionage,Korea (Republic of),"Korea (Republic of), United States",vittima,,da_estrarre_con_llm,"Kimusky deployed ReconShark malware against phishing targets, including the staff of the information and analysis firm Korea Risk Group, and organizations and individuals in the United States, Asia, and Europe, including think tanks, research universities, and government entities.",https://www.cfr.org/cyber-operations/targeting-of-the-staff-of-korea-risk-group-as-well-as-organizations-in-the-united-states-asia-and-europe
Targeting of Mac users at financial institutions,Espionage,Korea (Democratic People's Republic of),United States,vittima,,da_estrarre_con_llm,"BlueNoroff, a subgroup of North Korea’s Lazarus Group, was observed using a new Mac operating-system malware family, dubbed RustBucket, in recent attacks on Mac machines. Based on the lures used, BlueNoroff likely targeted the financial technology sector with the malware. RustBucket can be used to gather system information and allows the attacker to perform various […]",https://www.cfr.org/cyber-operations/targeting-of-mac-users-at-financial-institutions
Targeting of U.S. critical infrastructure and civil-society groups,Espionage,Iran (Islamic Republic of),United States,vittima,,da_estrarre_con_llm,"Iranian state-sponsored actor Charming Kitten has been linked to attacks on the U.S. critical infrastructure from 2021 to mid-2022. Those attacks weaponized n-day vulnerabilities on a number of targets, including activists, journalists, the defense industrial base, political dissidents, and U.S. government employees.",https://www.cfr.org/cyber-operations/targeting-of-u-s-critical-infrastructure-and-civil-society-groups
Targeting of experts in North Korea policy issues,Espionage,Korea (Democratic People's Republic of),"Korea (Republic of), United States",vittima,,da_estrarre_con_llm,"In a recent phishing campaign, North Korean threat actor Kimsuky posed as media outlets and think tanks and requested interviews or information about North Korea. The emails contained malicious links redirecting to fake login pages that harvested user credentials.",https://www.cfr.org/cyber-operations/targeting-of-experts-in-north-korea-policy-issues
Targeting of 3CXDesktopApp customers and crypto firms,Espionage,Korea (Democratic People's Republic of),United States,vittima,,da_estrarre_con_llm,"Suspected members of the North Korean Lazarus Group targeted customers of the voice and video conferencing software 3CXDesktopApp in a financially motivated supply-chain attack during March 2023. The infected infrastructure was spread primarily across European countries, with additional victims in South Africa, the United Kingdom, and North America. In addition to being targeted with an […]",https://www.cfr.org/cyber-operations/targeting-of-3cxdesktopapp-customers-and-crypto-firms
Targeting of organizations of strategic interest to the Chinese government,Espionage,China,United States,vittima,,da_estrarre_con_llm,"Winnti Umbrella, a Chinese state-sponsored threat actor, is continuing to target organizations of interest to the Chinese government (including government, media, and information technology organizations). The group was using Keyplug, a Linux version of the custom modular backdoor, to gain access to victims’ networks, exfiltrating information in line with espionage operations.",https://www.cfr.org/cyber-operations/targeting-of-organizations-of-strategic-interest-to-the-chinese-government
Targeting of U.S. federal civilian agency,Espionage,China,United States,vittima,,da_estrarre_con_llm,Chinese threat actor Hafnium attacked an unnamed U.S. government civilian agency from August to January 2023. Hafnium exploited a known vulnerability in software in the agency’s Microsoft Internet Information Services (IIS) web server.,https://www.cfr.org/cyber-operations/targeting-of-u-s-federal-civilian-agency
Targeting of Hive ransomware group,Data destruction,United States,Russian Federation,attore,,da_estrarre_con_llm,"The U.S. Department of Justice ran a months-long disruption campaign against the Hive ransomware group. During this time, the FBI infiltrated the group’s servers and stole decryption keys, which they distributed to victims, preventing $130 million in ransom payouts.",https://www.cfr.org/cyber-operations/targeting-of-hive-ransomware-group
Targeting of Harmony cryptocurrency bridge,Financial Theft,Korea (Democratic People's Republic of),United States,vittima,,da_estrarre_con_llm,Lazarus Group stole nearly $100 million in cryptocurrency from the platform Harmony Bridge in June 2022. The FBI formally attributed the hack to Lazarus in January 2023 after the hackers attempted to launder nearly $60 million through cryptocurrency mixers and a series of wallets.`,https://www.cfr.org/cyber-operations/targeting-of-harmony-cryptocurrency-bridge
Calisto,Espionage,Russian Federation,"Belgium, United Kingdom, United States",vittima,,da_estrarre_con_llm,Calisto is a Russian government-affiliated threat actor. The group uses spear-phishing tactics to compromise individual email accounts for espionage purposes. The group has also been known to leak stolen emails as part of information-warfare efforts.,https://www.cfr.org/cyber-operations/calisto
Targeting of U.S. satellite network,Espionage,Russian Federation,United States,vittima,,da_estrarre_con_llm,The U.S. Cybersecurity and Infrastructure Security Agency said Russian cyber operatives had infiltrated the network of a U.S. satellite communications provider. How far the intrusion extended or what kind of information the Russians could have stolen remains unclear.,https://www.cfr.org/cyber-operations/targeting-of-u-s-satellite-network
Targeting of U.S. National Laboratories,Espionage,Russian Federation,United States,vittima,2007-12-07,archivio_cfr_2019,"In July 2022, Calisto targeted scientists at the Brookhaven National Laboratory with a fake login page to steal credentials. The hackers appear to have used the harvested credentials to access documents related to counter-proliferation and nuclear accountability in Russia and other states.",https://www.cfr.org/cyber-operations/targeting-of-u-s-national-laboratories
Targeting of organizations supporting Ukraine,Espionage,Russian Federation,United States,vittima,,da_estrarre_con_llm,"As part of a phishing campaign, Calisto targeted NATO-affiliated military and strategic research institutes, a Ukraine-based defense contractor, and former intelligence officials and Russia experts who were working at nongovernmental organizations.",https://www.cfr.org/cyber-operations/targeting-of-organizations-supporting-ukraine
Targeting of U.S. COVID relief funds,Financial Theft,China,United States,vittima,,da_estrarre_con_llm,APT 41 targeted the U.S. Small Business Administration and stole at least $20 million in U.S. COVID relief benefits allocated to businesses in several different U.S. states.,https://www.cfr.org/cyber-operations/targeting-of-u-s-covid-relief-funds
Targeting of U.S. federal agency,Espionage,Iran (Islamic Republic of),United States,vittima,,da_estrarre_con_llm,"Iran-affiliated group Nemesis Kitten targeted an unnamed U.S. federal agency, though suspected to be the U.S. Merit Systems Protections Board, and installed cryptocurrency-mining software into the government agency’s network.",https://www.cfr.org/cyber-operations/targeting-of-u-s-federal-agency
Targeting of medical professionals,Espionage,Iran (Islamic Republic of),United States,vittima,,da_estrarre_con_llm,"As part of a larger Iranian espionage campaign against medical professionals, TA453 targeted an individual with a spear-phishing lure to gain access to their credentials. The earlier campaign, known as BadBlood, targeted researchers in the United States and Israel, although the location of the researcher targeted in this latest attack remains unclear.",https://www.cfr.org/cyber-operations/targeting-of-medical-professionals
APT 42,Espionage,Iran (Islamic Republic of),"Australia, Bulgaria, Iran (Islamic Republic of), Israel, Italy, Malaysia, Norway, Qatar, United Kingdom, United States",vittima,,da_estrarre_con_llm,"APT 42 has a wide variety of targets and typically aims to access the networks of organizations and individuals who oppose the Iranian regime. Some overlap also exists between APT 42 and an Iranian-sponsored ransomware actor, UNC2448.",https://www.cfr.org/cyber-operations/apt-42
Targeting of organizations in an Iranian ransomware campaign,Financial Theft,Iran (Islamic Republic of),United States,vittima,,da_estrarre_con_llm,Charming Kitten launched ransomware attacks against multiple organizations.,https://www.cfr.org/cyber-operations/targeting-of-organizations-in-an-iranian-ransomware-campaign
Targeting of Northwestern Polytechnical University,Espionage,United States,China,attore,,da_estrarre_con_llm,"China accused the U.S. National Security Agency (NSA) of hacking into the networks of Northwestern Polytechnical University, a prominent defense research university in Xi’an, in June 2022. Some researchers expressed doubt at the claims, as the report accused the NSA of using a tool more than ten years old that was leaked more than five […]",https://www.cfr.org/cyber-operations/targeting-of-northwestern-polytechnical-university
Targeting of U.S. political reporters and White House correspondents,Espionage,China,United States of America,vittima,,da_estrarre_con_llm,"Since 2021, Zirconium, a Chinese threat actor, has carried out phishing attacks against U.S.-based journalists to uncover sensitive information about U.S. politics.",https://www.cfr.org/cyber-operations/targeting-of-u-s-political-reporters-and-white-house-correspondents
Targeting of various industries with Maui ransomware,Financial Theft,Korea (Democratic People's Republic of),United States,vittima,,da_estrarre_con_llm,The Lazarus Group used Maui ransomware to target government and civil institutions in order to raise money for the North Korean government.,https://www.cfr.org/cyber-operations/targeting-of-various-industries-with-maui-ransomware
Targeting of major telecommunications and network service providers,Espionage,China,United States,vittima,,da_estrarre_con_llm,Chinese-backed threat actors identified vulnerabilities to gain access to major telecommunication companies and network service providers to access and exfiltrate victim data.,https://www.cfr.org/cyber-operations/targeting-of-major-telecommunications-and-network-service-providers
Targeting of Boston Children’s Hospital,Financial Theft,Iran (Islamic Republic of),United States,vittima,,da_estrarre_con_llm,Iranian government-backed hackers are believed to have launched a ransomware attack against the Boston Children’s Hospital in the summer of 2021. The attack was foiled after a partner country shared intelligence with the FBI.,https://www.cfr.org/cyber-operations/targeting-of-boston-childrens-hospital
Red Menshen,Espionage,China,"Hong Kong, India, Korea (Republic of), Myanmar, Turkey, United States, Vietnam",vittima,,da_estrarre_con_llm,"A Chinese threat actor believed to have used a custom backdoor to target telecommunications providers and entities in the government, education, and logistics sectors in the United States, Hong Kong, India, Myanmar, South Korea, Turkey, and Vietnam.",https://www.cfr.org/cyber-operations/red-menshen
"Targeting of telecommunications providers across the United States, Asia, and the Middle East",Espionage,China,"Hong Kong, India, Korea (Republic of), Myanmar, Turkey, United States, Vietnam",vittima,,da_estrarre_con_llm,"Chinese threat actor Red Menshen used a custom backdoor dubbed BPFDoor to target telecommunications providers, government systems, postal and logistic systems, and others in the United States, Hong Kong, India, Myanmar, South Korea, Turkey, and Vietnam. Red Menshen moved laterally across Windows systems, sending commands via a virtual private server that were administered by compromised […]",https://www.cfr.org/cyber-operations/targeting-of-telecommunications-providers-across-the-united-states-asia-and-the-middle-east
"Targeting of technology and manufacturing companies in Asia, Europe, and North America",Espionage,China,"Germany, Japan, Korea (Republic of), United States",vittima,,da_estrarre_con_llm,"Chinese APT Winnti Umbrella targeted technology and manufacturing companies across Asia, Europe, and North America in a sophisticated cyber espionage campaign that began in 2019. Winnti used a novel strain of malware to exfiltrate the victims’ intellectual property, including documents, blueprints, diagrams, formulas, and manufacturing-related proprietary data.",https://www.cfr.org/cyber-operations/targeting-of-technology-and-manufacturing-companies-in-asia-europe-and-north-america
Targeting of specialized engineering companies,Financial Theft,Korea (Democratic People's Republic of),United States,vittima,,da_estrarre_con_llm,"North Korean threat actor Lazarus Group targeted a specialized engineering company to steal sensitive intellectual property. The hackers breached the organization’s network by exploiting the Log4j vulnerability, moving laterally to compromise eighteen other computers. The hackers installed a backdoor to steal credentials and exfiltrate sensitive data.",https://www.cfr.org/cyber-operations/targeting-of-specialized-engineering-companies
Targeting of cryptocurrency company employees,Financial Theft,Korea (Democratic People's Republic of),"Japan, Korea (Republic of), United States",vittima,,da_estrarre_con_llm,"North Korean hackers targeted cryptocurrency company employees in a phishing campaign to access systems and make fraudulent trades. Lazarus sent mass emails with job offers embedded with malicious links. When victims clicked, their devices downloaded TraderTraitor malware, which enabled the hackers to execute commands and infiltrate company networks to make fraudulent blockchain transactions.",https://www.cfr.org/cyber-operations/targeting-of-cryptocurrency-company-employees
Targeting of Axie Infinity’s Ronin Network,Financial Theft,Korea (Democratic People's Republic of),United States,vittima,,da_estrarre_con_llm,"The North Korea–linked Lazarus Group stole more than $600 million worth of cryptocurrency from the Axie Infinity video game. The hackers infiltrated Ronin Network, a decentralized finance platform used to earn and pay for in-game items with cryptocurrency. Lazarus then used a cryptocurrency mixer, Tornado Cash, to launder a portion of the stolen funds to […]",https://www.cfr.org/cyber-operations/targeting-of-axie-infinitys-ronin-network
"Targeting of telecommunication companies, internet service providers, and the data services sector",Espionage,China,United States,vittima,,da_estrarre_con_llm,"Chinese threat actor Hafnium targeted an un-patched zero-day vulnerability in Zoho products to implant a web shell. Hafnium exploited the Windows Task Scheduler to execute hidden scheduled tasks, allowing the malware to avoid detection.",https://www.cfr.org/cyber-operations/targeting-of-telecommunication-companies-internet-service-providers-and-the-data-services-sector
Targeting of Ukrainian institutions and U.S. and European foreign policy institutions and think tanks,Espionage,Russian Federation,"France, Germany, United Kingdom, United States",vittima,,da_estrarre_con_llm,"Russian threat actor APT 28 targeted Ukrainian media organizations, government institutions, and foreign policy think tanks in the United States and the European Union with attempts to establish access to victims’ systems, gain tactical information related to the invasion, and exfiltrate other sensitive information. Microsoft assumed control of seven of APT 28’s internet domains used […]",https://www.cfr.org/cyber-operations/targeting-of-ukrainian-institutions-and-u-s-and-european-foreign-policy-institutions-and-think-tanks
"Targeting of organizations in Asia, Europe, and North America",Espionage,China,"Australia, Japan, United Kingdom, United States",vittima,,da_estrarre_con_llm,"Chinese threat actor APT 10 used a vulnerability in Microsoft Exchange to gain access to victims’ networks, where the attackers deployed a custom loader and the Sodamaster backdoor. APT 10 also used a custom loader to obtain credentials. The attackers spent up to nine months in victims’ networks.",https://www.cfr.org/cyber-operations/targeting-of-organizations-in-asia-europe-and-north-america
Targeting of American news media and IT companies,Espionage,Korea (Democratic People's Republic of),United States,vittima,,da_estrarre_con_llm,"The Lazarus Group used a Google Chrome zero-day to target employees at American news media and IT companies. The Lazarus Group used phishing emails impersonating recruiters at Disney, Google, and Oracle with fake job opportunities, which included malicious links to spoofed Indeed and ZipRecruiter websites. An exploit kit hidden within the websites fingerprinted the target […]",https://www.cfr.org/cyber-operations/targeting-of-american-news-media-and-it-companies
Targeting of Asus routers,Espionage,Russian Federation,"Canada, India, Russian Federation, United States",vittima,,da_estrarre_con_llm,"Sandworm targeted WatchGuard and ASUS routers with Cyclops Blink malware, an advanced modular botnet. The malware gives Sandworm access to data and files stored on compromised networks. The malware affects devices that do not belong to critical organizations, suggesting that its purpose may be to build infrastructure for later attacks on high-value targets.",https://www.cfr.org/cyber-operations/targeting-of-asus-routers
Targeting of American state governments’ networks,Espionage,China,United States,vittima,,da_estrarre_con_llm,"The Chinese cyber threat group APT41 conducted an extended campaign targeting the networks of at least six U.S. state governments. For over a year, APT41 exploited internet-facing web applications and leveraged a zero-day vulnerability in the USAHerds application used by many state governments, gaining access to the broader networks of state governments.",https://www.cfr.org/cyber-operations/targeting-of-american-state-governments-networks
Targeting of American defense contractors,Espionage,Russian Federation,United States,vittima,,da_estrarre_con_llm,"For at least two years spanning from January 2020 through February 2022, Russian state-sponsored threat actors targeted American cleared defense contractors (CDCs) to acquire and exfiltrate sensitive data and export-controlled technology. These CDCs were contracted by the Department of Defense (DoD) and the U.S. Intelligence Community in areas including command and control, intelligence, surveillance, and […]",https://www.cfr.org/cyber-operations/targeting-of-american-defense-contractors
Targeting of journalists at News Corp,Espionage,China,"United Kingdom, United States",vittima,,da_estrarre_con_llm,"A Chinese threat actor hacked the email accounts of journalists employed at American media company News Corp. The attackers aimed to uncover journalists’ sources, as well as drafts of upcoming articles. No consumer or financial data was compromised.",https://www.cfr.org/cyber-operations/targeting-of-journalists-at-news-corp
Targeting of cryptocurrency start-ups,Financial Theft,Korea (Democratic People's Republic of),United States,vittima,,da_estrarre_con_llm,"BlueNoroff, an offshoot of the North Korean threat actor Lazarus Group, mounted a long-running campaign against cryptocurrency firms and exchanges in a bid to steal cryptocurrency.",https://www.cfr.org/cyber-operations/targeting-of-cryptocurrency-start-ups
Emennet Pasargad,Espionage,Iran (Islamic Republic of),United States,vittima,,da_estrarre_con_llm,An Iranian company hired by the Iranian government to interfere in U.S. elections. Emennet Pasargad has attacked voting-related websites and news outlets and distributed misinformation designed to undermine confidence in the U.S. electoral system.,https://www.cfr.org/cyber-operations/emennet-pasargad
Targeting of U.S. newspaper chain,Espionage,Iran (Islamic Republic of),United States,vittima,,da_estrarre_con_llm,Iranian hackers are accused of compromising a major U.S. newspaper before the 2020 election.,https://www.cfr.org/cyber-operations/targeting-of-u-s-newspaper-chain
Targeting of U.S. and Australian critical infrastructure,Financial Theft,Iran (Islamic Republic of),"Australia, United States",vittima,,da_estrarre_con_llm,"Iranian hackers have been penetrating networks in both the United States and Australia with ransomware, either to disrupt critical infrastructure or turn a profit.",https://www.cfr.org/cyber-operations/targeting-of-u-s-and-australian-critical-infrastructure
Targeting of REvil,Data destruction,United States,Russian Federation,attore,,da_estrarre_con_llm,"The FBI, U.S. Cyber Command, and allied governments took down the Tor servers of the ransomware gang REvil.",https://www.cfr.org/cyber-operations/targeting-of-revil
IronHusky,Espionage,China,United States,vittima,,da_estrarre_con_llm,IronHusky was detected using a Windows zero-day to launch a remote access Trojan dubbed MysterySnail.  Command and control infrastructure IronHusky use has been active since at least 2012.,https://www.cfr.org/cyber-operations/ironhusky
Targeting of various industries through Gmail compromises,Espionage,Russian Federation,United States,vittima,,da_estrarre_con_llm,"APT28 was detected conducting a wide-ranging phishing attack against more than fourteen thousand Gmail users who work as activists, journalists, and national security officials.",https://www.cfr.org/cyber-operations/targeting-of-various-industries-through-gmail-compromises
"Targeting of major aerospace companies in the United States, Russia, Europe, and the Middle East",,Iran (Islamic Republic of),"Russian Federation, United States",vittima,,da_estrarre_con_llm,An Iranian-linked threat actor dubbed MalKamak used a remote access Trojan (RAT) known as ShellClient to target aerospace and telecommunication companies. The RAT employed had been in development since at least 2018 and piggybacked off of Dropbox servers.,https://www.cfr.org/cyber-operations/targeting-of-major-aerospace-companies-in-the-united-states-russia-europe-and-the-middle-east
Targeting of Microsoft Exchange and MySQL servers,Espionage,China,United States,vittima,,da_estrarre_con_llm,A Chinese threat actor that had been launching attacks using the novel backdoor technique SideWalk for several months is associated with the Chinese threat actor Winnti Umbrella. The attacks targeted businesses and academic institutions in the United States.,https://www.cfr.org/cyber-operations/targeting-of-microsoft-exchange-and-mysql-servers
Targeting of U.S. computer retail business,Espionage,China,United States,vittima,,da_estrarre_con_llm,"Winnti Umbrella was found to have repurposed a backdoor, known as Crosswalk, to infiltrate the systems of a computer retailer in the United States.",https://www.cfr.org/cyber-operations/targeting-of-u-s-computer-retail-business
"Targeting of the United States, Belarus, Canada, Mongolia, and Russia in an espionage operation",Espionage,China,"Belarus, Canada, Mongolia, Russian Federation, United States",vittima,,da_estrarre_con_llm,APT 31 was detected using a new remote access Trojan horse in more than ten attacks throughout the first half of 2021 to target governmental groups in Russia and several other countries.,https://www.cfr.org/cyber-operations/targeting-of-the-united-states-belarus-canada-mongolia-and-russia-in-an-espionage-operation
Targeting of U.S. oil and gas companies,Espionage,China,United States,vittima,,da_estrarre_con_llm,"The U.S. Cybersecurity and Infrastructure Security Agency released the indicators of compromise for a series of attacks on U.S. oil and gas companies, which lasted from 2011 to 2013. The agency confirmed that at least twenty companies had been compromised and that the depth of the intrusions was not entirely clear.",https://www.cfr.org/cyber-operations/targeting-of-u-s-oil-and-gas-companies
Targeting of U.S. defense industry using Facebook,Espionage,Iran (Islamic Republic of),"United Kingdom, United States",vittima,,da_estrarre_con_llm,Iran was accused of attempting to break into the personal accounts of over two hundred senior defense personnel in the United States and United Kingdom. The individuals were targeted in phishing attacks.,https://www.cfr.org/cyber-operations/targeting-of-u-s-defense-industry-using-facebook
Targeting of prospective engineers and programmers,Espionage,Korea (Democratic People's Republic of),United States,vittima,,da_estrarre_con_llm,Lazarus Group was accused of sending phishing emails pretending to be from major engineering firms to engineers looking for work. The engineers were prompted to download malicious Microsoft Word documents.,https://www.cfr.org/cyber-operations/targeting-of-prospective-engineers-and-programmers
Targeting of Republican National Committee,Espionage,Russian Federation,United States,vittima,,da_estrarre_con_llm,"Cozy Bear, a group of Russian-sponsored hackers, were accused of breaking into the U.S. Republican National Committee’s computer systems. How much access the group obtained or what information they were able to remove is unknown",https://www.cfr.org/cyber-operations/targeting-of-republican-national-committee
Targeting of cloud computing servers in brute force attacks,Espionage,Russian Federation,United States,vittima,,da_estrarre_con_llm,Russian hackers targeted various enterprise and cloud computing companies across the world with brute force attacks in attempts to gain access.,https://www.cfr.org/cyber-operations/targeting-of-cloud-computing-servers-in-brute-force-attacks
Targeting of U.S. Agency for International Development,Espionage,Russian Federation,United States,vittima,,da_estrarre_con_llm,The Russian hacking group Nobelium compromised the company hosting the servers for the U.S. Agency for International Development (USAID) and used its access to send phishing emails to other aid groups.,https://www.cfr.org/cyber-operations/targeting-of-u-s-agency-for-international-development
Targeting of U.S. federal agencies via PulseSecure VPN,Espionage,China,United States,vittima,,da_estrarre_con_llm,"Five U.S. federal agencies were targeted in a Chinese espionage operation, along with several defense contractors and financial institutions in the country. The hackers made use of zero-day vulnerabilities in the PulseSecure VPN system to gain access to the different organizations’ systems.",https://www.cfr.org/cyber-operations/targeting-of-u-s-federal-agencies-via-pulsesecure-vpn
Targeting of U.S. and Israeli medical researchers,Espionage,Iran (Islamic Republic of),"Israel, United States",vittima,,da_estrarre_con_llm,The Iranian threat actor Charming Kitten targeted medical researchers in the United States and Israel with spear-phishing techniques. The threat actor used a malicious Gmail account masquerading as a prominent Israeli physicist to trick targets into downloading malware.,https://www.cfr.org/cyber-operations/targeting-of-u-s-and-israeli-medical-researchers
"Targeting of Uyghur activists, journalists, and dissidents",Espionage,China,"Australia, Canada, Kazakhstan, Syrian Arab Republic, Turkey, United States",vittima,,da_estrarre_con_llm,The Chinese threat actor Evil Eye used fake Facebook profiles and websites that masqueraded as legitimate Turkish and Uyghur news sites to disseminate malicious links to Uyghur activists around the world.,https://www.cfr.org/cyber-operations/targeting-of-uyghur-activists-journalists-and-dissidents
Targeting of telecommunications companies’ employees,Espionage,China,"Hong Kong, India, Myanmar, United States",vittima,,da_estrarre_con_llm,The Chinese APT Mustang Panda phished telecommunications companies’ employees by sending them malicious domains masquerading as Huawei’s career site.,https://www.cfr.org/cyber-operations/targeting-of-telecommunications-companies-employees
Hafnium,Espionage,China,United States,vittima,,da_estrarre_con_llm,"The Chinese APT believed to be behind the exploitation of vulnerabilities in the Microsoft Exchange email server to access user emails. Historically, Hafnium has primarily targeted entities in the United States.",https://www.cfr.org/cyber-operations/hafnium
Targeting of Pfizer vaccine data,Espionage,Korea (Democratic People's Republic of),United States,vittima,,da_estrarre_con_llm,South Korean lawmaker Ha Tae-keung told reporters that North Korean hackers attempted to steal COVID-19 vaccine data from U.S. pharmaceutical company Pfizer. It is unclear whether the alleged operation was successful.,https://www.cfr.org/cyber-operations/targeting-of-pfizer-vaccine-data
Targeting of Qatari royal family,Espionage,United Arab Emirates,"Qatar, United States",vittima,,da_estrarre_con_llm,"The United Arab Emirates, using hackers contracted through CyberPoint, intercepted emails between former First Lady Michelle Obama and Her Highness Sheikha Moza bint Nasser of Qatar. The operation took place in 2015 but remained unreported until February 2021.",https://www.cfr.org/cyber-operations/targeting-of-qatari-royal-family
Targeting of SolarWinds,Espionage,China,United States,vittima,,da_estrarre_con_llm,"Suspected Chinese hackers breached SolarWinds software, potentially accessing payroll information for hundreds of thousands of federal employees. Details about specific actors and the scale of the breach remain unknown.",https://www.cfr.org/cyber-operations/targeting-of-solarwinds
Take down of EMOTET botnet,Sabotage,"Canada, France, Germany, Lithuania, Netherlands, Ukraine, United Kingdom, United States",,attore,,da_estrarre_con_llm,An international coalition of law enforcement authorities successfully took down notorious criminal botnet EMOTET by taking control of its command-and-control servers.,https://www.cfr.org/cyber-operations/take-down-of-emotet-botnet
Disruption of NetWalker ransomware,Sabotage,"Bulgaria, United States",Canada,attore,,da_estrarre_con_llm,"U.S. and Bulgarian authorities disrupted the NetWalker ransomware in a coordinated effort that disabled dark web resources and led to the arrest of a Canadian citizen and the seizure of approximately $500,000 in cryptocurrency delivered by victims as ransomware payments.",https://www.cfr.org/cyber-operations/disruption-of-netwalker-ransomware
Targeting of U.S. government agency networks,Espionage,China,United States,vittima,,da_estrarre_con_llm,Chinese hackers scanned networks in search of virtual private network (VPN) and email server vulnerabilities with the aim of exfiltrating data.,https://www.cfr.org/cyber-operations/targeting-of-u-s-government-agency-networks
Zinc,Espionage,Korea (Democratic People's Republic of),"Canada, France, India, Korea (Republic of), United States",vittima,,da_estrarre_con_llm,Hackers posing as recruiters in spear-phishing emails to steal credentials belonging to individuals involved in vaccine development.,https://www.cfr.org/cyber-operations/zinc
Cerium,Espionage,Korea (Democratic People's Republic of),"Canada, France, India, Korea (Republic of), United States",vittima,,da_estrarre_con_llm,Hackers posing as World Health Organization officials in spear-phishing emails to steal credentials belonging to individuals involved in vaccine development.,https://www.cfr.org/cyber-operations/cerium
Targeting of U.S. government networks,Espionage,Russian Federation,United States,vittima,,da_estrarre_con_llm,"Russian hackers used publicly known networking gear vulnerabilities to steal data from U.S. state, local, territorial, and aviation computer networks. The Cybersecurity and Infrastructure Security Agency and the FBI reported that the stolen information included network configurations and vendor lists and that the hackers potentially had access to election information.",https://www.cfr.org/cyber-operations/targeting-of-u-s-government-networks
Targeting of TrickBot computer networks,Sabotage,United States,Russian Federation,attore,,da_estrarre_con_llm,"U.S. hackers targeted the Russian botnet Trickbot, known for spreading the Ryuk ransomware, in preparation for the 2020 U.S. presidential election.",https://www.cfr.org/cyber-operations/targeting-of-trickbot-computer-networks
Penetration of unnamed U.S. federal agency,Espionage,Russian Federation,United States,vittima,,da_estrarre_con_llm,Russian hackers used compromised credentials to install malware and ultimately steal files from unnamed U.S. government agency computers.,https://www.cfr.org/cyber-operations/penetration-of-unnamed-u-s-federal-agency
"Targeting of U.S. information technology, government, health-care, finance, and media industries",,Iran (Islamic Republic of),United States,vittima,,da_estrarre_con_llm,Iranian hackers scanned U.S. government and private networks for virtual private network (VPN) and cloud computing vulnerabilities with the aim of exfiltrating data.,https://www.cfr.org/cyber-operations/targeting-of-u-s-information-technology-government-health-care-finance-and-media-industries
"Targeting of U.S. political campaigns, advocacy groups, and political consultancies",Espionage,Russian Federation,United States,vittima,,da_estrarre_con_llm,"Russian hackers attempted to steal log-in credentials primarily belonging to more than two hundred political campaigns, advocacy groups, parties, and consultants.",https://www.cfr.org/cyber-operations/targeting-of-u-s-political-campaigns-advocacy-groups-and-political-consultancies
Zirconium,Espionage,China,United States,vittima,,da_estrarre_con_llm,Responsible for targeting email accounts belonging to former Vice President Joe Biden’s campaign staff and for attempting to discern whether accounts belonging to members of the international affairs community are active.,https://www.cfr.org/cyber-operations/zirconium
Targeting of former Vice President Joe Biden’s campaign staff and U.S. international affairs community,Espionage,China,United States,vittima,,da_estrarre_con_llm,Responsible for targeting non-campaign email accounts belonging to former Vice President Biden’s election campaign staff. Also responsible for using web bugs to determine whether accounts belonging to academics and important figures in the international affairs community are active.,https://www.cfr.org/cyber-operations/targeting-of-former-vice-president-joe-bidens-campaign-staff-and-u-s-international-affairs-community
Targeting of the Donald J. Trump presidential campaign,Espionage,Iran (Islamic Republic of),United States,vittima,,da_estrarre_con_llm,Iranian hackers attempted to log into accounts associated with the Trump administration and campaign staff.,https://www.cfr.org/cyber-operations/targeting-of-the-donald-j-trump-presidential-campaign
Targeting of U.S. defense contractors,Espionage,Korea (Democratic People's Republic of),United States,vittima,2018-09-06,archivio_cfr_2019,North Korean hackers used fake job postings from leading U.S. defense contractors on LinkedIn to install malicious data-gathering software when clicked.,https://www.cfr.org/cyber-operations/targeting-of-u-s-defense-contractors
U.S. Cyber Command,Sabotage,United States of America,Russian Federation,attore,,da_estrarre_con_llm,"Responsible for orchestrating and executing various operations to protect the United States and its interests, including steps to disrupt the Internet Research Agency and the Trickbot botnet.",https://www.cfr.org/cyber-operations/u-s-cyber-command
Targeting of U.S. companies and government agencies,Espionage,Iran (Islamic Republic of),United States,vittima,,da_estrarre_con_llm,"Iranian hackers attacked high-end networking equipment with recently reported vulnerabilities that had not yet been patched, providing a “beachhead” for peer hacking groups.",https://www.cfr.org/cyber-operations/targeting-of-u-s-companies-and-government-agencies
Tracking of Saudi Arabian citizens in the United States,Espionage,Saudi Arabia,United States,vittima,,da_estrarre_con_llm,The Saudi Arabian government used flaws in the global Signaling System 7 (SS7) to track Saudis in the United States by sending requests through Saudi phone companies.,https://www.cfr.org/cyber-operations/tracking-of-saudi-arabian-citizens-in-the-united-states
Targeting of over seventy-five organizations,Espionage,China,"Australia, Canada, Denmark, Finland, France, India, Italy, Japan, Malaysia, Mexico, Poland, Qatar, Saudi Arabia, Singapore, Sweden, Switzerland, The Philippines, United Arab Emirates, United Kingdom, United States",vittima,,da_estrarre_con_llm,The Chinese threat actor APT 41 attempted to exploit three vulnerabilities at over seventy-five organizations across sectors and countries. This was one of the most widespread attacks by a Chinese threat actor in years.,https://www.cfr.org/cyber-operations/targeting-of-over-seventy-five-organizations
"Targeting of companies in the United States, Israel, Saudi Arabia, and elsewhere",Espionage,Iran (Islamic Republic of),"Israel, Saudi Arabia, United States",vittima,,da_estrarre_con_llm,"The Iranian threat actors targeted dozens of companies in the United States, Israel, Saudi Arabia, and elsewhere. They exploited VPNs for initial access and breached additional companies via supply chain attacks.",https://www.cfr.org/cyber-operations/targeting-of-companies-in-the-united-states-israel-saudi-arabia-and-elsewhere
Fox Kitten,Espionage,Iran (Islamic Republic of),United States,vittima,,da_estrarre_con_llm,Responsible for targeting unpatched network equipment belonging to U.S. government agencies and private companies.,https://www.cfr.org/cyber-operations/fox-kitten
Targeting of U.S. government employees,Espionage,Iran (Islamic Republic of),United States,vittima,,da_estrarre_con_llm,"The Iranian state-backed hackers sent out sophisticated spear-phishing lures imitating Westat, a research services company, in hopes of compromising U.S. government employees and networks. They could have also intended to compromise actual Westat employees.",https://www.cfr.org/cyber-operations/targeting-of-u-s-government-employees
Impersonation of journalists to compromise public figures,Espionage,Iran (Islamic Republic of),"Germany, Israel, Saudi Arabia, United Kingdom, United States",vittima,,da_estrarre_con_llm,The Iranian state-backed threat actor Charming Kitten impersonated prominent journalists and sent targets fake interview requests in order to steal their credentials and send them malware.,https://www.cfr.org/cyber-operations/impersonation-of-journalists-to-compromise-public-figures
Spear-phishing campaign against unnamed U.S. government agency,Espionage,Korea (Democratic People's Republic of),United States,vittima,,da_estrarre_con_llm,The suspected North Korean threat actor Konni Group attempted to trick employees of an unnamed U.S. government agency to install malware on their computers via a spear-phishing campaign.,https://www.cfr.org/cyber-operations/spear-phishing-campaign-against-unnamed-u-s-government-agency
Targeting of U.S. grid,Espionage,Iran (Islamic Republic of),United States,vittima,,da_estrarre_con_llm,"The Iranian hackers APT 33 targeted the U.S. electric grid with password-spraying attacks, likely in an attempt to gain access. They targeted only the IT side of networks so far and have not proven their ability to access physical systems.",https://www.cfr.org/cyber-operations/targeting-of-u-s-grid
Targeting of U.S. government and private entities and other victims,Espionage,Iran (Islamic Republic of),United States,vittima,,da_estrarre_con_llm,"The Iran-aligned espionage group APT 33 used botnets to launch a campaign against a small number of victims in the public and private sectors in the United States, Asia, and the Middle East.",https://www.cfr.org/cyber-operations/targeting-of-u-s-government-and-private-entities-and-other-victims
Targeting of U.S. manufacturing group,Espionage,China,United States,vittima,,da_estrarre_con_llm,Chinese government hackers attacked the National Association of Manufacturers to steal information that might be useful in U.S.-China trade negotiations.,https://www.cfr.org/cyber-operations/targeting-of-u-s-manufacturing-group
U.S. retaliation against Iran,Data destruction,United States,Iran (Islamic Republic of),attore,,da_estrarre_con_llm,The United States carried out a cyberattack against Iran designed to limit Tehran’s ability to spread propaganda in retaliation for the September 14 attacks on Saudi oil facilities.,https://www.cfr.org/cyber-operations/u-s-retaliation-against-iran
Targeting of a U.S. presidential campaign,Espionage,Iran (Islamic Republic of),United States,vittima,,da_estrarre_con_llm,"A threat actor targeted the email accounts of an unnamed U.S. presidential campaign, current and former U.S. officials and journalists, and others. During a thirty-day period in August and September, Microsoft observed more than 2,700 attempts to identify the emails of specific customers and 241 hacks.  Four accounts were compromised, though not those connected to […]",https://www.cfr.org/cyber-operations/targeting-of-a-u-s-presidential-campaign
"Attack on U.S. presidential campaign government officials, journalists, and prominent expatriate Iranians",Espionage,Iran (Islamic Republic of),United States,vittima,,da_estrarre_con_llm,"Iranian threat actor Phosphorus attacked 241 email accounts associated with a U.S. presidential campaign government officials, and journalists, and prominent expatriate Iranians.",https://www.cfr.org/cyber-operations/attack-on-u-s-presidential-campaign-government-officials-journalists-and-prominent-expatriate-iranians
"Targeting of over sixty universities in multiple countries, including the United States and United Kingdom",Espionage,Iran (Islamic Republic of),"Australia, Canada, Hong Kong, Switzerland, United Kingdom, United States",vittima,,da_estrarre_con_llm,"A threat actor launched a phishing operation with spoofed login pages to steal the credentials of users at over sixty universities in the United States, United Kingdom, and elsewhere.",https://www.cfr.org/cyber-operations/targeting-of-over-sixty-universities-in-multiple-countries-including-the-united-states-and-united-kingdom
Autumn Aperture—malware embedded in antiquated file types,,Korea (Democratic People's Republic of),United States,vittima,,da_estrarre_con_llm,"A threat actor targeted U.S.-based entities by emailing them malware-laced Microsoft Word documents written by industry experts. The trojanized documents discussed nuclear deterrence, North Korea’s nuclear submarine program, and economic sanctions on the North Korean regime. This incident is believed to be an extension of the August Autumn Aperture campaign.",https://www.cfr.org/cyber-operations/autumn-aperture-malware-embedded-in-antiquated-file-types
Autumn Aperture—use of malicious websites to target foreign ministries and other entities,,Korea (Democratic People's Republic of),"China, France, Slovakia, South Africa, United States",vittima,,da_estrarre_con_llm,"A threat actor targeted a number of foreign ministries, a Chinese technology company, Stanford University, think tanks in the United States and the United Kingdom, and other entities that have focused on North Korea’s nuclear efforts or the related international sanctions. The threat actor created a network of malicious websites imitating the login portals of […]",https://www.cfr.org/cyber-operations/autumn-aperture-use-of-malicious-websites-to-target-foreign-ministries-and-other-entities
APT 41,Espionage,China,"France, Hong Kong, Japan, Singapore, United Kingdom, United States",vittima,,da_estrarre_con_llm,"This threat actor has, since 2014, conducted operations backed by the Chinese government, including targeting the health-care and high-tech sectors and conducting espionage against political dissidents. It has simultaneously conducted its own for-profit illicit activity in the video games industry, amassing millions of dollars in digital currency to be sold to gamers on the black […]",https://www.cfr.org/cyber-operations/apt-41
Targeting of U.S. utility companies,Espionage,,United States,vittima,,da_estrarre_con_llm,"Between July 19 and July 25, 2019, a threat actor sent several spear-phishing emails to three U.S. companies in the utility sector. The emails were sent from a domain impersonating that of the National Council of Examiners for Engineering and Surveying, an authority in the industry. The emails contained Microsoft Word attachments that used macros […]",https://www.cfr.org/cyber-operations/targeting-of-u-s-utility-companies
Compromise of Yandex,Espionage,"Australia, Canada, New Zealand, United Kingdom, United States",Russian Federation,attore,2019-06-27,archivio_cfr_2019,"This threat actor deployed Regin, a rare type of malware, in an attempt to spy on user accounts for Yandex, a Russian search engine and email provider.",https://www.cfr.org/cyber-operations/compromise-of-yandex
Attack on Iranian computer systems,Sabotage,United States,Iran (Islamic Republic of),attore,2019-06-22,archivio_cfr_2019,U.S. Cyber Command hacked Iranian rocket and missile launch systems in retaliation for the downing of a U.S. drone and attacks on oil tankers in the Strait of Hormuz. Iranian officials said the attack was not successful.,https://www.cfr.org/cyber-operations/attack-on-iranian-computer-systems
Attacks on private U.S. companies,Data destruction,Iran (Islamic Republic of),United States,vittima,2019-06-22,archivio_cfr_2019,This threat actor increased malicious activity targeting U.S. companies following a U.S. attack on Iranian computer systems.,https://www.cfr.org/cyber-operations/attacks-on-private-u-s-companies
Targeting of universities’ maritime military secrets,Espionage,China,"Canada, United States",vittima,2019-03-05,archivio_cfr_2019,"Chinese hackers targeted twenty-seven universities in the United States, Canada, and Southeast Asia as part of a scheme to steal research about maritime technology under development for military use.",https://www.cfr.org/cyber-operations/targeting-of-universities-maritime-military-secrets
U.S. Cyber Command offensive attack of Russian troll farm,Denial of service,United States,Russian Federation,attore,2019-02-27,archivio_cfr_2019,"In November 2018, the U.S. Cyber Command launched an offensive campaign to combat a Russian troll operation known for using disinformation tactics.",https://www.cfr.org/cyber-operations/u-s-cyber-command-offensive-attack-of-russian-troll-farm
Targeting of Internet Research Agency,Sabotage,United States of America,Russian Federation,attore,,da_estrarre_con_llm,"U.S. Cyber Command conducted operations to disable online activities of the Internet Research Agency (IRA), a Russia-based company closely affiliated to the Russian government that conducts information operations. The operation was meant to prevent the IRA from interfering in the 2018 U.S. midterm elections.",https://www.cfr.org/cyber-operations/targeting-of-internet-research-agency
Targeting of U.S. and European think tanks,Espionage,Russian Federation,"Germany, United States",vittima,2019-01-31,archivio_cfr_2019,"Hackers set up fake login pages or sent spoof e-mails to people who work with the think tanks in an attempt to trick them into handing over information, such as passwords.",https://www.cfr.org/cyber-operations/targeting-of-u-s-and-european-think-tanks
Attempted attack on the Democratic National Convention (DNC) during 2018 elections,Espionage,Russian Federation,United States,vittima,2019-01-18,archivio_cfr_2019,The DNC alleged it was targeted in an unsuccessful cyberattack eight days after the 2018 elections in an attempted spear-phishing campaign.,https://www.cfr.org/cyber-operations/attempted-attack-on-the-democratic-national-convention-dnc-during-2018-elections
Global hijacking of domain name system (DNS),Espionage,Iran (Islamic Republic of),"Canada, Korea (Republic of), Lebanon, United Arab Emirates, United States",vittima,2019-01-09,archivio_cfr_2019,An unknown actor with a connection to Iran hijacked DNS records to target the traffic of governments and telecommunications organizations around the world.,https://www.cfr.org/cyber-operations/global-hijacking-of-domain-name-system-dns
Compromise of Managed Service Providers and technology companies,Espionage,China,"India, Japan, South Africa, Sweden, United States",vittima,2018-12-20,archivio_cfr_2019,"The threat actor compromised eight technology service providers, including Hewlett Packard Enterprise and IBM (their cloud services in particular were targeted), to steal commercial secrets from over forty-five client technology companies. The victims include Swedish telecom giant Ericsson, U.S. Navy shipbuilder Huntington Ingalls Industries, and travel reservation system Sabre.",https://www.cfr.org/cyber-operations/compromise-of-managed-service-providers-and-technology-companies
Targeting of U.S. Navy contractors,Espionage,China,United States,vittima,2018-12-14,archivio_cfr_2019,"In a series of incidents, Chinese hackers breached U.S. Navy contractors’ systems to steal information including ship maintenance data and missile plans.",https://www.cfr.org/cyber-operations/targeting-of-u-s-navy-contractors
Compromise of American aerospace companies,Espionage,China,United States,vittima,2018-10-30,archivio_cfr_2019,"This threat actor reportedly intruded into American aerospace companies’ computer systems to steal intellectual property and business information, including information related to turbofan engines used in commercial aircraft.",https://www.cfr.org/cyber-operations/compromise-of-american-aerospace-companies
Compromise of the U.S. Anti-Doping Agency,Doxing,Russian Federation,United States,vittima,2018-10-04,archivio_cfr_2019,"A threat actor compromised the U.S. Anti-Doping Agency. Seven of the individuals alleged to be behind this incident, believed to be Russian military intelligence (known as GRU), were indicted by the U.S. Justice Department.",https://www.cfr.org/cyber-operations/compromise-of-the-u-s-anti-doping-agency
Targeting of Westinghouse Electric Corporation,Espionage,Russian Federation,United States,vittima,2018-10-04,archivio_cfr_2019,"A threat actor targeted Westinghouse Electric Company, a nuclear power developer, for espionage purposes. One of the individuals alleged to be behind this incident, believed to be Russian military intelligence (known as GRU), was indicted by the U.S. Justice Department.",https://www.cfr.org/cyber-operations/targeting-of-westinghouse-electric-corporation
Global bank attacks,Financial Theft,Korea (Democratic People's Republic of),"Bangladesh, Brazil, Chile, Malaysia, Mexico, Poland, Russian Federation, Taiwan, The Philippines, Turkey, United States, Uruguay, Vietnam",vittima,2018-10-03,archivio_cfr_2019,A North Korean group is believed to have stolen hundreds of millions of dollars by infiltrating the computer systems of banks around the world since 2014.,https://www.cfr.org/cyber-operations/global-bank-attacks
Targeting of the personal email accounts of U.S. Senators and staff,Espionage,,United States,vittima,2018-09-19,archivio_cfr_2019,"A threat actor targeted the personal email accounts of U.S. senators and staffers, according to Senator Ron Wyden (D-OR) and an unnamed technology company.",https://www.cfr.org/cyber-operations/targeting-of-the-personal-email-accounts-of-u-s-senators-and-staff
Targeting of AMC Theatres,Espionage,Korea (Democratic People's Republic of),United States,vittima,2018-09-06,archivio_cfr_2019,"A threat actor targeted U.S. movie theater chain AMC Theatres in 2014 using spear-phishing techniques. The U.S. Department of Justice alleges that the incident was related to the chain’s screenings of The Interview, a movie depicting the assassination of North Korean leader Kim Jong-un.",https://www.cfr.org/cyber-operations/targeting-of-amc-theatres
Targeting of U.S. defense contractors,Espionage,Korea (Democratic People's Republic of),United States,vittima,2018-09-06,archivio_cfr_2019,"A threat actor targeted the networks of Lockheed Martin, a U.S. defense contractor. It is one of the developers of the Terminal High Altitude Area Defense (THAAD) system installed in South Korea.",https://www.cfr.org/cyber-operations/targeting-of-u-s-defense-contractors-2
Cobalt Dickens,Espionage,Iran (Islamic Republic of),"Australia, Canada, China, Israel, Japan, Switzerland, Turkey, United Kingdom, United States",vittima,2018-08-24,archivio_cfr_2019,This threat actor targets universities around the world for espionage purposes.,https://www.cfr.org/cyber-operations/cobalt-dickens
Targeting of organizations associated with trade activity with China,Espionage,China,"Brazil, Kenya, Mongolia, United States",vittima,2018-08-16,archivio_cfr_2019,"A threat actor is targeting multiple organizations with trade ties to China, including those connected with China’s Belt and Road Initiative. The actor also targets organizations in advance of officials’ meetings with Chinese trade officials.",https://www.cfr.org/cyber-operations/targeting-of-organizations-associated-with-trade-activity-with-china
Raspite,Espionage,,United States,vittima,2018-08-02,archivio_cfr_2019,This threat actor targets entities that operate industrial control systems in the electric utility sector.,https://www.cfr.org/cyber-operations/raspite
Gorgon Group,Espionage,,"Russian Federation, Spain, United Kingdom, United States",vittima,2018-08-02,archivio_cfr_2019,Also known as Aggah. This threat actor targets government entities in the United States and Europe. It also conducts criminal operations.,https://www.cfr.org/cyber-operations/gorgon-group
Targeting of the office of U.S. Senator Claire McCaskill,Espionage,Russian Federation,United States,vittima,2018-07-26,archivio_cfr_2019,"The office of U.S. Senator Claire McCaskill (D-MO) announced that it was targeted by Russian state-sponsored cyber actors, following a report of the incident in the Daily Beast.",https://www.cfr.org/cyber-operations/targeting-of-the-office-of-u-s-senator-claire-mccaskill
Compromise of U.S. electric utility control rooms,Sabotage,Russian Federation,United States,vittima,,da_estrarre_con_llm,"A threat actor compromised air-gapped, or isolated, networks owned by U.S. electric utility companies by penetrating the networks of trusted vendors.",https://www.cfr.org/cyber-operations/compromise-of-u-s-electric-utility-control-rooms
Targeting of congressional campaigns for the 2018 U.S. midterm elections,Espionage,Russian Federation,United States,vittima,2018-07-19,archivio_cfr_2019,A threat actor targets the campaigns of candidates running for Congress in the 2018 U.S. midterm elections.,https://www.cfr.org/cyber-operations/targeting-of-congressional-campaigns-for-the-2018-u-s-midterm-elections
Thrip,Espionage,China,United States,vittima,2018-06-19,archivio_cfr_2019,"This threat actor targets organizations in the satellite communications, telecommunications, geospatial-imaging, and defense sectors in the United States and Southeast Asia for espionage purposes.",https://www.cfr.org/cyber-operations/thrip
Mustang Panda,Espionage,China,United States,vittima,2018-06-15,archivio_cfr_2019,This threat actor targets nongovernmental organizations using Mongolian-themed lures for espionage purposes.,https://www.cfr.org/cyber-operations/mustang-panda
Compromise of a U.S. Navy contractor,Espionage,China,United States,vittima,2018-06-08,archivio_cfr_2019,"A threat actor compromises the networks of a contractor for the U.S. Navy, exfiltrating 614 gigabytes of sensitive information, including data related to a new U.S. anti-ship missile and submarine communications systems.",https://www.cfr.org/cyber-operations/compromise-of-a-u-s-navy-contractor
Covellite,Espionage,,United States,vittima,2018-05-31,archivio_cfr_2019,"This threat actor compromises the networks of companies involved in electric power, specifically looking for intellectual property and information about the companies’ operations.",https://www.cfr.org/cyber-operations/covellite
Stealth Mango and Tangelo,Espionage,Pakistan,"Afghanistan, Australia, Germany, India, Iraq, Pakistan, United Arab Emirates, United States",vittima,2018-05-15,archivio_cfr_2019,"This threat actor, which consists of Stealth Mango (Android) and Tangelo (iOS), targets government officials, diplomats, military personnel, and activists in primarily Afghanistan, India, Iraq, Pakistan, and the United Arab Emirates for espionage.",https://www.cfr.org/cyber-operations/stealth-mango-and-tangelo
Winnti Umbrella,Espionage,China,"China, Hong Kong, Japan, Korea (Republic of), United Kingdom, United States",vittima,2018-05-03,archivio_cfr_2019,"This threat actor targets software companies and political organizations in the United States, China, Japan, and South Korea. It primarily acts to support cyber operations conducted by other threat actors affiliated with Chinese intelligence services.",https://www.cfr.org/cyber-operations/winnti-umbrella
Operation GhostSecret,Espionage,Korea (Democratic People's Republic of),"Australia, Bangladesh, Brazil, Canada, China, France, Germany, Guatemala, Hong Kong, India, Japan, Thailand, United Kingdom, United States",vittima,2018-04-24,archivio_cfr_2019,"A threat actor targets critical infrastructure and organizations in the entertainment, finance, health-care, education, and telecommunications sectors.",https://www.cfr.org/cyber-operations/operation-ghostsecret
Alleged Russian compromise of networking equipment,Sabotage,Russian Federation,"Ukraine, United Kingdom, United States",vittima,2018-04-16,archivio_cfr_2019,"The U.S. Department of Homeland Security and the UK National Cyber Security Centre issued a joint alert warning of a Russian state-sponsored campaign to compromise networking equipment, such as routers and switches, to support their cyber operations. A few weeks later, the FBI took control of a botnet with over five hundred thousand compromised devices […]",https://www.cfr.org/cyber-operations/alleged-russian-compromise-of-networking-equipment
Operation Parliament,Espionage,,"Afghanistan, Canada, Chile, Denmark, Djibouti, Egypt, Germany, India, Iran (Islamic Republic of), Iraq, Israel, Jordan, Korea (Republic of), Kuwait, Lebanon, Morocco, Oman, Palestine, State of, Qatar, Russian Federation, Saudi Arabia, Serbia, Somalia, Syrian Arab Republic, United Arab Emirates, United Kingdom, United States",vittima,2018-04-12,archivio_cfr_2019,"This threat actor uses spear-phishing techniques to target parliaments, government ministries, academics, and media organizations, primarily in the Middle East, for the purpose of espionage.",https://www.cfr.org/cyber-operations/operation-parliament
Indictment of officials from the Mabna Institute,Espionage,Iran (Islamic Republic of),"Australia, Canada, Denmark, Finland, Germany, Ireland, Israel, Italy, Japan, Korea (Republic of), Malaysia, Netherlands, Norway, Poland, Singapore, Spain, Sweden, Switzerland, Turkey, United Kingdom, United States",vittima,2018-03-28,archivio_cfr_2019,"The U.S. Department of Justice indicted nine officials from the Mabna Insititute, an Iranian company alleged to have conducted state-sponsored cyber operations on behalf of the Iranian Revolutionary Guards. They are alleged to have compromised the networks of over 144 U.S. universities, 176 universities in over twenty-one other countries, as well as private sector, government, […]",https://www.cfr.org/cyber-operations/indictment-of-officials-from-the-mabna-institute
Targeting of U.S. energy and other critical infrastructure sectors,Espionage,Russian Federation,United States,vittima,2018-03-15,archivio_cfr_2019,"A threat actor that the U.S. government believes to be sponsored by the Russian government, targets entities in the U.S. energy, nuclear power, water, aviation, and critical manufacturing sectors. According to the Department of Homeland Security, this activity has been ongoing since at least 2014.",https://www.cfr.org/cyber-operations/targeting-of-u-s-energy-and-other-critical-infrastructure-sectors
Iron Tiger,Espionage,,"Australia, Canada, China, India, Iran (Islamic Republic of), Israel, Japan, Korea (Republic of), Russian Federation, Taiwan, Thailand, United States",vittima,2018-02-01,archivio_cfr_2019,"This threat actor targets governments as well as technology, education, and telecommunications companies primarily in Asia and the United States, for the purpose of espionage.",https://www.cfr.org/cyber-operations/iron-tiger
Targeting of individuals of interest to the government of Lebanon,Espionage,Lebanon,"Canada, France, Germany, Lebanon, United States",vittima,2018-01-18,archivio_cfr_2019,"A threat actor used a tool, Dark Caracal, to target military personnel, activists, journalists, and lawyers for espionage purposes.",https://www.cfr.org/cyber-operations/targeting-of-individuals-of-interest-to-the-government-of-lebanon
APT 35,Espionage,Iran (Islamic Republic of),United States,vittima,,da_estrarre_con_llm,"This threat actor, whose activities date back to 2014, conducts long-term operations to collect strategic intelligence. They target U.S. and Middle Eastern defense, diplomatic, and government personnel, as well as private industries, including media, energy, business services, and telecommunications.",https://www.cfr.org/cyber-operations/apt-35
Targeting of Ethiopian dissidents,Espionage,Ethiopia,"United Kingdom, United States",vittima,2017-12-06,archivio_cfr_2019,"A threat actor targeted Ethiopian dissidents for the purpose of espionage, using commercially available spyware sold by Cyberbit, an Israel-based company. Cyberbit is also believed to have tried to sell its spyware to law enforcement and national security organizations in the Philippines, Thailand, Uzbekistan, and Zambia.",https://www.cfr.org/cyber-operations/targeting-of-ethiopian-dissidents
Indictment of APT 3 threat actors,Espionage,China,United States,vittima,2017-11-27,archivio_cfr_2019,"The U.S. Department of Justice indicted three members of Boyusec, a China-based internet security firm, on charges including conspiring to commit computer fraud and abuse and conspiring to commit trade-secret theft. The victims included Moody’s Analytics, Siemens, and Trimble. Though not mentioned in the indictment, Boyusec is believed to work on behalf of China’s Ministry […]",https://www.cfr.org/cyber-operations/indictment-of-apt-3-threat-actors
MuddyWater,Espionage,Iran (Islamic Republic of),"Georgia, India, Iraq, Israel, Pakistan, Saudi Arabia, Turkey, United Arab Emirates, United States",vittima,2017-11-14,archivio_cfr_2019,"This threat actor targets governments, primarily in the Middle East and South Asia, for espionage purposes.",https://www.cfr.org/cyber-operations/muddywater
APT 40,Espionage,China,"Hong Kong, Malaysia, The Philippines, United States",vittima,2017-10-16,archivio_cfr_2019,"This threat actor targets defense contractors, law firms, engineering firms, shipping companies, and government agencies with responsibilities or business in the maritime industry.",https://www.cfr.org/cyber-operations/apt-40
Targeting of U.S. electric companies,Espionage,Korea (Democratic People's Republic of),United States,vittima,2017-10-10,archivio_cfr_2019,A threat actor targeted U.S. electric companies with spear-phishing emails in an attempt to gain access to internal networks.,https://www.cfr.org/cyber-operations/targeting-of-u-s-electric-companies
Targeting North Korea’s Reconnaissance General Bureau,Denial of service,United States,Korea (Democratic People's Republic of),attore,2017-09-30,archivio_cfr_2019,"U.S. government officials told the Washington Post that the United States had launched a denial of service campaign against North Korea’s Reconnaissance General Bureau, the country’s intelligence agency.",https://www.cfr.org/cyber-operations/targeting-north-koreas-reconnaissance-general-bureau
APT 33,Espionage,Iran (Islamic Republic of),"Korea (Republic of), Saudi Arabia, United States",vittima,2017-09-20,archivio_cfr_2019,"This threat actor is an Iranian state-sponsored APT that targets private-sector entities in the aviation, energy, and petrochemical sectors for the purpose of espionage. It first became active in late 2015 or early 2016, and has been involved in a three-year campaign against multiple firms in the United States and Saudi Arabia. On December 19, […]",https://www.cfr.org/cyber-operations/apt-33
WhiteBear,Espionage,Russian Federation,"Korea (Republic of), United Kingdom, United States, Uzbekistan",vittima,2017-08-30,archivio_cfr_2019,This threat actor targets defense contractors and diplomatic institutions for the purpose of espionage.,https://www.cfr.org/cyber-operations/whitebear
CopyKittens,Espionage,Iran (Islamic Republic of),"Germany, Israel, Jordan, Saudi Arabia, United States",vittima,2017-07-25,archivio_cfr_2019,"This threat actor targets government institutions, universities, defense contractors, and large IT companies for the purpose of espionage.",https://www.cfr.org/cyber-operations/copykittens
Targeting of Chinese-language news websites,Espionage,China,United States,vittima,2017-07-05,archivio_cfr_2019,"A threat actor targeted the China Digital Times, a civil-society and news organization based outside China that publishes English- and Chinese-language content, using phishing techniques with the goal of compromising its network.",https://www.cfr.org/cyber-operations/targeting-of-chinese-language-news-websites
NotPetya,Data destruction,Russian Federation,"Argentina, Denmark, France, Russian Federation, Ukraine, United Kingdom, United States",vittima,2017-07-01,archivio_cfr_2019,"Threat actors deploy a tool, called NotPetya, with the purpose of encrypting data on victims’ machines and rendering it unusable. The malware was spread through tax software that companies and individuals require for filing taxes in Ukraine. Australia, Estonia, Denmark, Lithuania, Ukraine, the United Kingdom, and the United States issued statements attributing NotPetya to Russian state-sponsored actors. […]",https://www.cfr.org/cyber-operations/notpetya
Targeting of employees of companies that operate U.S. nuclear power plants,Espionage,Russian Federation,United States,vittima,2017-06-30,archivio_cfr_2019,"A threat actor targeted employees of companies that operate nuclear power plants in the United States, which prompted the Department of Homeland Security and the FBI to issue an alert to the industry. An administrative network of the Wolf Creek Nuclear Operating Corporation was compromised.",https://www.cfr.org/cyber-operations/targeting-of-employees-of-companies-that-operate-u-s-nuclear-power-plants
WannaCry,Data destruction,Korea (Democratic People's Republic of),"China, France, Germany, Japan, Russian Federation, Spain, United Kingdom, United States",vittima,2017-06-14,archivio_cfr_2019,"A threat actor used a tool called WannaCry to encrypt data in compromised networks, and intended to provide the victims with the decryption key only after a ransom had been paid. The threat actors used an exploit, called EternalBlue–first discovered by the U.S. National Security Agency–to propagate WannaCry in organizations using the Windows operating system. On December […]",https://www.cfr.org/cyber-operations/wannacry
Longhorn,Espionage,United States,,attore,2017-04-10,archivio_cfr_2019,"This threat actor compromises governments, international organizations, academic institutions, and financial, telecommunications, energy, aerospace, information technology, and natural resource  industries for espionage purposes. Some of the tools used by this threat actor were released by Wikileaks under the name “Vault 7.”",https://www.cfr.org/cyber-operations/longhorn
APT 10,Espionage,China,"Australia, Brazil, Canada, Finland, France, India, Japan, Korea (Republic of), New Zealand, Norway, South Africa, Sweden, Switzerland, Thailand, United Kingdom, United States",vittima,2017-04-04,archivio_cfr_2019,Also known as TA410. This threat actor targets managed information technology service providers to access client information for espionage purposes. APT 10 has been active since at least 2009.,https://www.cfr.org/cyber-operations/apt-10
Targeting of Marco Rubio’s presidential campaign,Espionage,Russian Federation,United States,vittima,2017-03-30,archivio_cfr_2019,A threat actor targeted the presidential campaign of U.S. Senator Marco Rubio.,https://www.cfr.org/cyber-operations/targeting-of-marco-rubios-presidential-campaign
Compromise the North Korean nuclear program,Sabotage,United States,Korea (Democratic People's Republic of),attore,2017-03-04,archivio_cfr_2019,"A threat actor, believed to be the United States, targeted computer networks and electronic components associated with the North Korean nuclear program to sabotage and slow its development.",https://www.cfr.org/cyber-operations/compromise-the-north-korean-nuclear-program
Yahoo breach (2016),Espionage,Russian Federation,United States,vittima,2016-12-14,archivio_cfr_2019,"A threat actor exploited a vulnerability in Yahoo’s account log-in process, allowing it to access user accounts without a password. Approximately thirty-two million accounts were affected.",https://www.cfr.org/cyber-operations/yahoo-breach-2016
Attempted compromise of U.S. think tanks,Espionage,Russian Federation,United States,vittima,2016-11-09,archivio_cfr_2019,A threat actor attempted to compromise the networks of U.S. think tanks associated with international affairs and national security. The attempts occurred shortly after the U.S. election in 2016.,https://www.cfr.org/cyber-operations/attempted-compromise-of-u-s-think-tanks
Compromise of gaming companies,Espionage,China,"China, Korea (Republic of), Russian Federation, Taiwan, United States",vittima,2016-10-18,archivio_cfr_2019,"A threat actor uses a tool called PassCV to target video game companies, stealing digital certificates to use in cyber operations against other targets.",https://www.cfr.org/cyber-operations/compromise-of-gaming-companies
Yahoo breach (2014),Espionage,,United States,vittima,2016-09-22,archivio_cfr_2019,"A threat actor compromised over approximately five hundred million accounts, giving it access to the names, email addresses, telephone numbers, and dates of birth associated with the accounts. Yahoo discloses that the compromise took place in 2014.",https://www.cfr.org/cyber-operations/yahoo-breach-2014
Project Sauron,Espionage,United States,"Belgium, China, Iran (Islamic Republic of), Russian Federation, Rwanda, Sweden",attore,2016-07-08,archivio_cfr_2019,"This threat actor compromises targets in the Military, telecommunications, and financial sectors in Belgium, China, Iran, Russia, Sweden, and elsewhere.",https://www.cfr.org/cyber-operations/project-sauron
Spear-phishing campaign against Google accounts in 2015,Espionage,Russian Federation,United States,vittima,2016-06-26,archivio_cfr_2019,"A threat actor conducted a spear-phishing campaign against more than 1,800 Google accounts, including those of military and government personnel, journalists, and nongovernmental organizations, for the purpose of espionage.",https://www.cfr.org/cyber-operations/spear-phishing-campaign-against-google-accounts-in-2015
Compromise of the Democratic National Committee,Espionage,Russian Federation,United States,vittima,2016-06-14,archivio_cfr_2019,"In June 2016, suspected Russian threat actors were discovered in the networks of the U.S. Democratic National Committee (DNC). Intruders gained access to its research on Republican presidential candidate Donald J. Trump and emails and correspondences among DNC officials. Over the course of the presidential campaign, the threat actors released DNC correspondence through intermediaries such […]",https://www.cfr.org/cyber-operations/compromise-of-the-democratic-national-committee
Targeting of the Islamic State group,Sabotage,United States,"Iraq, Syrian Arab Republic",attore,2016-02-28,archivio_cfr_2019,"The United States announced that it would conduct offensive cyber operations against the Islamic State with a view to disrupting its ability to recruit, communicate with, and exercise command and control over its fighters.",https://www.cfr.org/cyber-operations/targeting-of-the-islamic-state-group
Lazarus Group,Espionage,Korea (Democratic People's Republic of),"Bangladesh, Israel, Korea (Republic of), United States",vittima,2016-02-01,archivio_cfr_2019,"This threat actor targets and compromises entities primarily in South Korea and South Korean interests for espionage, disruption, and destruction. It has also been known to conduct cyber operations for financial gain, including targeting cryptocurrency exchanges. In 2018, the U.S. Department of Homeland Security issued a malware analysis report on a tool called Typeframe used […]",https://www.cfr.org/cyber-operations/lazarus-group
OilRig,Espionage,Iran (Islamic Republic of),"Israel, Kuwait, Lebanon, Qatar, Saudi Arabia, Turkey, United Arab Emirates, United States",vittima,2016-01-05,archivio_cfr_2019,"A threat actor believed to be Iran that targets private-sector and government entities for the purpose of espionage. In October 2019, revealed to have been compromised by Turla. Some operations previously attributed to the group may be Turla false flags.",https://www.cfr.org/cyber-operations/oilrig
Compromise of social media accounts of State Department officials,Espionage,Iran (Islamic Republic of),United States,vittima,2015-11-24,archivio_cfr_2019,A threat actor compromised social media accounts of junior State Department staff to launch spear-phishing campaigns for espionage purposes.,https://www.cfr.org/cyber-operations/compromise-of-social-media-accounts-of-state-department-officials
Emissary Panda,Espionage,China,"France, United Kingdom, United States",vittima,2015-08-05,archivio_cfr_2019,"This threat actor compromises web pages to lure targets for espionage purposes. It focuses on the aerospace, automotive, technology, and energy sectors, primarily in the United States and United Kingdom.",https://www.cfr.org/cyber-operations/emissary-panda
Compromise of United Airlines,Espionage,China,United States,vittima,2015-07-29,archivio_cfr_2019,"A threat actor compromised the network of United Airlines for espionage purposes, gaining access to flight manifests.",https://www.cfr.org/cyber-operations/compromise-of-united-airlines
Compromise of an unclassified network associated with the U.S. Joint Chiefs of Staff,Espionage,Russian Federation,United States,vittima,2015-07-28,archivio_cfr_2019,A threat actor compromised an unclassified network used by the U.S. Joint Chiefs of Staff for espionage purposes.,https://www.cfr.org/cyber-operations/compromise-of-an-unclassified-network-associated-with-the-u-s-joint-chiefs-of-staff
APT 3,Espionage,China,"Hong Kong, United Kingdom, United States",vittima,2015-06-23,archivio_cfr_2019,"This threat actor targets and compromises entities in the defense, construction, technology, and transportation sectors. Up until 2015, it was primarily focused on U.S. and UK entities, but it shifted to Hong Kong–based targets afterward. The U.S. Department of Justice indicted three members of this threat actor group in November 2017 for compromising the networks of […]",https://www.cfr.org/cyber-operations/apt-3
Ocean Lotus,Espionage,Vietnam,"Cambodia, China, Germany, Lao People's Democratic Republic, The Philippines, United States, Vietnam",vittima,2015-05-31,archivio_cfr_2019,"This threat actor, known to use watering-hole attacks to compromise victims, targets organizations of interest to the Vietnamese government for espionage purposes. Victims have included human rights organizations, research institutes and maritime construction firms in China, and media organizations. Also believed to have been responsible for disclosing confidential Filipino government documents.",https://www.cfr.org/cyber-operations/ocean-lotus
APT 17,Espionage,China,United States,vittima,2015-05-14,archivio_cfr_2019,"This threat actor targets U.S. government entities, the defense industrial base, law firms, information technology companies, resource extraction companies, and nongovernmental organizations. Ethical hacking group Intrusion Truth doxed three members of this threat actor: two hackers plus the head of four Chinese companies who is also believed to be an officer of the Chinese Ministry of […]",https://www.cfr.org/cyber-operations/apt-17
Hellsing,Espionage,China,"India, Indonesia, Malaysia, The Philippines, United States",vittima,2015-04-15,archivio_cfr_2019,"This threat actor uses spear-phishing techniques to compromise diplomatic targets in Southeast Asia, India, and the United States. It also seems to have targeted the APT 30.",https://www.cfr.org/cyber-operations/hellsing
APT 30,Espionage,China,"Cambodia, China, India, Indonesia, Korea (Republic of), Malaysia, Myanmar, Saudi Arabia, Singapore, Thailand, United States, Vietnam",vittima,2015-04-12,archivio_cfr_2019,This threat actor uses spear-phishing techniques to target government and private sector agencies in the South China Sea region.,https://www.cfr.org/cyber-operations/apt-30
Compromise of unclassified White House networks,Espionage,Russian Federation,United States,vittima,2015-04-07,archivio_cfr_2019,Threat actors compromised unclassified White House networks using access from compromised networks at the State Department.,https://www.cfr.org/cyber-operations/compromise-of-unclassified-white-house-networks
Disruption of GitHub,Denial of service,China,United States,vittima,2015-03-27,archivio_cfr_2019,"A threat actor launched a denial of service attack against GitHub to prevent access to internet content banned in China, such as the New York Times. The incident was the first in which threat actors, believed to be associated with the government of China, used a tool dubbed the Great Cannon.",https://www.cfr.org/cyber-operations/disruption-of-github
Equation Group,Espionage,United States,"Afghanistan, Algeria, China, India, Iran (Islamic Republic of), Kenya, Lebanon, Libya, Mali, Pakistan, Russian Federation, Syrian Arab Republic, United Arab Emirates, United Kingdom, Yemen",attore,2015-02-16,archivio_cfr_2019,"In 2015, Moscow-based Kaspersky Lab published a report on the Equation Group, a threat actor active since 2001 [PDF]. It was responsible for infecting approximately five hundred systems in at least forty-two countries. The malware used by Equation Group had the ability to reprogram hard drives and then self-destruct, which made the operations effectively invisible […]",https://www.cfr.org/cyber-operations/equation-group
Compromise of Anthem,Espionage,China,United States,vittima,2015-02-06,archivio_cfr_2019,"A threat actor compromised a U.S. health insurance company, resulting in compromised personal data on eighty million customers.",https://www.cfr.org/cyber-operations/compromise-of-anthem
Compromise of the Sands Casino,Data destruction,Iran (Islamic Republic of),United States,vittima,2014-12-12,archivio_cfr_2019,Threat actors launched a denial of service attack and wiped data from the computer networks at the Sands Casino in Las Vegas.,https://www.cfr.org/cyber-operations/compromise-of-the-sands-casino
Compromise of Sony Pictures Entertainment,Doxing,Korea (Democratic People's Republic of),United States,vittima,2014-12-03,archivio_cfr_2019,"Threat actors compromised the networks of Sony Pictures Entertainment, destroyed data, and publicly released employee emails. The United States attributed the incident to North Korea, which is believed to have staged the attack to prevent Sony from releasing the film The Interview, which depicts an assassination plot against North Korean leader Kim Jong-un. The compromise […]",https://www.cfr.org/cyber-operations/compromise-of-sony-pictures-entertainment
Operation Cleaver,Espionage,Iran (Islamic Republic of),"Canada, China, France, Germany, India, Israel, Korea (Republic of), Kuwait, Mexico, Pakistan, Qatar, Saudi Arabia, Turkey, United Kingdom, United States",vittima,2014-12-02,archivio_cfr_2019,"This threat actor targets governments and private sector entities for espionage and sabotage purposes. It is believed to be responsible for compromising U.S. Navy computers at the Navy Marine Corps Intranet in San Diego, the U.S. energy company Calpine Corporation, Saudi Aramco, Pemex, Qatar Airways, and Korean Air (http://www.reuters.com/article/2014/12/02/us-cybersecurity-iran-idUSKCN0JG18I20141202)",https://www.cfr.org/cyber-operations/operation-cleaver
Regin,Espionage,"United Kingdom, United States","Afghanistan, Algeria, Belgium, Brazil, Fiji, Germany, India, Indonesia, Iran (Islamic Republic of), Kiribati, Malaysia, Pakistan, Russian Federation, Syrian Arab Republic",attore,2014-11-24,archivio_cfr_2019,"A threat actor, using a tool dubbed Regin, compromised telecommunications networks and collected information about how those networks operate to facilitate espionage on other targets such as governments, financial institutions, and academics.",https://www.cfr.org/cyber-operations/regin
Compromise of the U.S. Postal Service,Espionage,China,United States,vittima,2014-11-09,archivio_cfr_2019,A threat actor compromised the networks of the U.S. Postal Service and gained access to employee data.,https://www.cfr.org/cyber-operations/compromise-of-the-u-s-postal-service
Compromise of the U.S. State Department,Espionage,Russian Federation,United States,vittima,2014-10-28,archivio_cfr_2019,A threat actor compromised the unclassified network of the State Department for espionage purposes.,https://www.cfr.org/cyber-operations/compromise-of-the-u-s-state-department
Compromise of U.S. Transportation Command Contractors,Espionage,China,United States,vittima,2014-09-17,archivio_cfr_2019,"A threat actor successfully compromises the networks of contractors for U.S. Transportation Command (TRANSCOM), a military command assigned with moving U.S. military personnel and assets around the world.",https://www.cfr.org/cyber-operations/compromise-of-u-s-transportation-command-contractors
Moafee,Espionage,China,United States,vittima,2014-09-10,archivio_cfr_2019,"This threat actor targets militaries and governments interested in the South China Sea, including the U.S. defense industrial base.",https://www.cfr.org/cyber-operations/moafee
Compromise of Community Health Systems,Espionage,China,United States,vittima,2014-09-08,archivio_cfr_2019,"Community Health Systems, a large hospital group in the United States, announced that its computer networks  were compromised, leading to the exfiltration of Social Security numbers and other personal information of approximately 4.5 million people to China.",https://www.cfr.org/cyber-operations/compromise-of-community-health-systems
APT 18,Espionage,China,United States,vittima,2014-09-02,archivio_cfr_2019,"This threat actor targets human rights groups, government entities, and companies in the pharmaceutical, medical, industrial, and information technology sectors.",https://www.cfr.org/cyber-operations/apt-18
Machete,Espionage,,"Argentina, Belgium, Brazil, China, Colombia, Cuba, Ecuador, France, Germany, Malaysia, Peru, Russian Federation, Spain, Sweden, United States, Venezuela (Bolivarian Republic of)",vittima,2014-08-20,archivio_cfr_2019,"This threat actor targets military, government entities, and telecommunications providers, primarily in Latin America, for the purpose of espionage.",https://www.cfr.org/cyber-operations/machete
Turla,Espionage,Russian Federation,"Armenia, Austria, Belarus, France, Germany, India, Iran (Islamic Republic of), Iraq, Kazakhstan, Netherlands, Poland, Romania, Russian Federation, Saudi Arabia, Tajikistan, United States, Uzbekistan",vittima,2014-08-07,archivio_cfr_2019,"This threat actor targets governments, militaries, and research organizations for espionage purposes.",https://www.cfr.org/cyber-operations/turla
Compromise of U.S. Investigations Services,Espionage,China,United States,vittima,2014-08-06,archivio_cfr_2019,The contractor responsible for security clearance at the U.S. Department of Homeland Security had their networks hacked and employee information was compromised.,https://www.cfr.org/cyber-operations/compromise-of-u-s-investigations-services
Crouching Yeti,Espionage,Russian Federation,"China, France, Germany, Greece, Ireland, Italy, Japan, Poland, Russian Federation, Spain, Turkey, Ukraine, United Kingdom, United States",vittima,2014-07-31,archivio_cfr_2019,"Also known as Bromine. This threat actor targets companies in the education, energy, construction, information technology, and pharmaceutical sectors for the purposes of espionage. It uses malware tailored to target industrial control systems.",https://www.cfr.org/cyber-operations/crouching-yeti
Compromise of Boeing,Espionage,China,United States,vittima,2014-07-12,archivio_cfr_2019,"Su Bin, a Chinese national, pleaded guilty to hacking Boeing and other U.S. defense contractors for the purpose of passing confidential information to the People’s Liberation Army.",https://www.cfr.org/cyber-operations/compromise-of-boeing
Putter Panda,Espionage,China,United States,vittima,2014-06-10,archivio_cfr_2019,"This threat actor targets firms in the technology (communications, space, aerospace), research, defense, and government sectors in the United States for espionage purposes. The tools and infrastructure it uses overlap with PLA Unit 61398.",https://www.cfr.org/cyber-operations/putter-panda
Charming Kitten,Espionage,Iran (Islamic Republic of),"Iraq, Israel, Saudi Arabia, United Kingdom, United States",vittima,,da_estrarre_con_llm,"This threat actor uses watering hole attacks and fake profiles to lure targets from the U.S. government for espionage purposes. Also believed to target scholars who study Iran, human rights organizations, and the media. At least one cybersecurity company claims that Behzah Mesri, who was indicted by the U.S. Department of Justice for compromising the […]",https://www.cfr.org/cyber-operations/charming-kitten
Indictment of PLA officers,Espionage,China,United States,vittima,2014-05-19,archivio_cfr_2019,"In May 2014, the U.S. Department of Justice indicted five members of the People’s Liberation Army (PLA) Unit 61398, a Chinese army unit dedicated to cyber espionage. According to the Department of Justice, Unit 61398 compromised U.S. corporate networks for trade information potentially useful to Chinese state-owned enterprises. The PLA indictments were the most direct […]",https://www.cfr.org/cyber-operations/indictment-of-pla-officers
Saffron Rose,Espionage,Iran (Islamic Republic of),"Iran (Islamic Republic of), United States",vittima,2014-05-12,archivio_cfr_2019,This threat actor is focused on espionage and targets companies within the U.S. defense industrial base and Iranians who use anticensorship technology.,https://www.cfr.org/cyber-operations/saffron-rose
admin@338,Espionage,China,"Hong Kong, United States",vittima,2013-10-31,archivio_cfr_2019,"This threat actor targets prodemocratic activists and organizations in Hong Kong, European and international financial institutions, and a U.S.-based think tank.",https://www.cfr.org/cyber-operations/admin338
Compromise of unclassified U.S. Navy network,Espionage,Iran (Islamic Republic of),United States,vittima,2013-09-27,archivio_cfr_2019,A threat actor compromised an unclassified U.S. Navy computer network for espionage purposes.,https://www.cfr.org/cyber-operations/compromise-of-unclassified-u-s-navy-network
Anchor Panda,Espionage,China,"Australia, Germany, Sweden, United Kingdom, United States",vittima,2013-03-22,archivio_cfr_2019,This threat actor targets government and private sector entities interested in maritime issues in the South China Sea for espionage purposes,https://www.cfr.org/cyber-operations/anchor-panda
PLA Unit 61398,Espionage,China,"Belgium, Canada, France, India, Israel, Japan, Luxembourg, Norway, Singapore, South Africa, Switzerland, Taiwan, United Arab Emirates, United Kingdom, United States",vittima,2013-02-19,archivio_cfr_2019,"U.S. cybersecurity firm Mandiant, later purchased by FireEye, released a report in February 2013 that exposed one of China’s cyber espionage units, Unit 61398. The group, which FireEye called APT 1, is a unit within China’s People’s Liberation Army (PLA) that has been linked to a wide range of cyber operations targeting U.S. private sector […]",https://www.cfr.org/cyber-operations/pla-unit-61398
Compromise of Coca-Cola,Espionage,China,United States,vittima,2012-11-04,archivio_cfr_2019,A threat actor compromised Coca-Cola’s network coinciding with the company’s attempted acquisition of China Huiyuan Juice Group.,https://www.cfr.org/cyber-operations/compromise-of-coca-cola
Denial of service attacks against U.S. banks in 2012–2013,Denial of service,Iran (Islamic Republic of),United States,vittima,2012-09-18,archivio_cfr_2019,"The websites of Bank of America, JPMorgan Chase, Wells Fargo, and other U.S. financial institutions suffered simultaneous outages due to a coordinated denial of service cyberattack in September 2012. Attackers flooded bank servers with junk traffic, preventing users from online banking. An Iranian group called Izz ad-Din al-Qassam Cyber Fighters initially claimed responsibility for the […]",https://www.cfr.org/cyber-operations/denial-of-service-attacks-against-u-s-banks-in-2012-2013
Madi,Espionage,Iran (Islamic Republic of),"Iran (Islamic Republic of), Israel, Pakistan, United States",vittima,2012-07-17,archivio_cfr_2019,"This threat actor compromises engineering firms, government entities, and financial and academic institutions in the United States, Israel, Iran, and Pakistan",https://www.cfr.org/cyber-operations/madi
Flame,Data destruction,"Israel, United States","Austria, Egypt, France, Hungary, Iran (Islamic Republic of), Israel, Lebanon, Russian Federation, Saudi Arabia, Sudan, Syrian Arab Republic, United Arab Emirates",attore,2012-05-28,archivio_cfr_2019,"A threat actor, using a tool called Flame, targeted computers in the Middle East region; the most compromises were in Iran. This compromise gained widespread coverage due to the modular nature of the malware the threat actors used.",https://www.cfr.org/cyber-operations/flame
SabPub,Espionage,China,"France, India, Spain, United Kingdom, United States",vittima,2012-04-16,archivio_cfr_2019,"Malware, believed to be linked to Lucky Cat, that facilitates cyber espionage on activists through spear phishing",https://www.cfr.org/cyber-operations/sabpub
Compromise of the U.S. Chamber of Commerce,Espionage,China,United States,vittima,2011-12-21,archivio_cfr_2019,Threat actors compromised the computer networks of the U.S. Chamber of Commerce,https://www.cfr.org/cyber-operations/compromise-of-the-u-s-chamber-of-commerce
Interference with NASA satellite Landsat 7,Espionage,China,United States,vittima,2011-11-09,archivio_cfr_2019,Recurring interference with a joint NASA-U.S. Geological Survey satellite in 2007 and 2008,https://www.cfr.org/cyber-operations/interference-with-nasa-satellite-landsat-7
Interference with NASA satellite Terra (EOS AM-1),Espionage,China,United States,vittima,2011-11-09,archivio_cfr_2019,Recurring interference with a NASA observation satellite,https://www.cfr.org/cyber-operations/interference-with-nasa-satellite-terra-eos-am-1
Nitro attacks,Espionage,China,"Argentina, Bangladesh, China, Czech Republic, Finland, France, Germany, Hong Kong, India, Korea (Republic of), Netherlands, Singapore, Taiwan, United Kingdom, United States",vittima,2011-10-31,archivio_cfr_2019,A threat actor targeted defense contractors and private companies involved in research and manufacture of chemicals.,https://www.cfr.org/cyber-operations/nitro-attacks
Shady RAT,Espionage,China,"Canada, Germany, Hong Kong, India, Indonesia, Japan, Korea (Republic of), Singapore, Switzerland, Taiwan, United Kingdom, United States, Vietnam",vittima,2011-08-03,archivio_cfr_2019,"A threat actor targeted government entities (primarily in the United States), defense contractors, think tanks, and companies in the advanced information technology and aerospace industries for espionage purposes using a tool called Shady RAT.",https://www.cfr.org/cyber-operations/shady-rat
Compromise of Oak Ridge National Laboratory,Espionage,China,United States,vittima,2011-04-19,archivio_cfr_2019,A compromise at the computer network of Oak Ridge National Laboratory led to the exfiltration of approximately one gigabyte of data and the shutdown of the network.,https://www.cfr.org/cyber-operations/compromise-of-oak-ridge-national-laboratory
Denial of service incident against South Korean and U.S. targets,Denial of service,Korea (Democratic People's Republic of),"Korea (Republic of), United States",vittima,2011-04-09,archivio_cfr_2019,"Dubbed “Ten Days of Rain,” this attack was a ten-day denial of service campaign that targeted websites associated with the South Korean government and U.S. military forces in South Korea.",https://www.cfr.org/cyber-operations/denial-of-service-incident-against-south-korean-and-u-s-targets
Syrian Electronic Army,,Syrian Arab Republic,United States,vittima,,da_estrarre_con_llm,A loosely organized collective of Syrian government–affiliated threat actors that has targeted a wide range of entities since 2011.,https://www.cfr.org/cyber-operations/syrian-electronic-army
Secretary of defense email incident,Espionage,China,United States,vittima,2007-06-22,archivio_cfr_2019,"A DDoS and defacement attack targeted Estonian government websites, news outlets, and financial institutions.",https://www.cfr.org/cyber-operations/secretary-of-defense-email-incident
Compromise of National Defense University,Espionage,China,United States,vittima,2007-01-12,archivio_cfr_2019,"During routine maintenance, the National Defense University discovered malware that gave threat actors persistent access to its network.",https://www.cfr.org/cyber-operations/compromise-of-national-defense-university
Compromise at U.S. Naval War College,Espionage,China,United States,vittima,2006-12-04,archivio_cfr_2019,This undefined cyber incident at the U.S. Naval War College led the college to shut down its internal- and external-facing computer networks.,https://www.cfr.org/cyber-operations/compromise-at-u-s-naval-war-college
Compromise of the Pentagon’s NIPRNet,Espionage,China,United States,vittima,2006-08-17,archivio_cfr_2019,Threat actors accessed unclassified information and email and probed the Pentagon network.,https://www.cfr.org/cyber-operations/compromise-of-the-pentagons-niprnet
Compromise at the State Department,Espionage,China,United States,vittima,2006-07-11,archivio_cfr_2019,Threat actors exfiltrated sensitive but unclassified information.,https://www.cfr.org/cyber-operations/compromise-at-the-state-department
Titan Rain,Espionage,China,"United Kingdom, United States",vittima,2005-08-25,archivio_cfr_2019,"Titan Rain was a string of cyber operations that compromised a number of agencies within the U.S. and UK government. Chinese state-sponsored actors are suspected of breaching the unclassified networks of the U.S. Departments of State, Homeland Security, and Energy, and UK defense and foreign ministries. Although the attacks were first publicly revealed in 2005, […]",https://www.cfr.org/cyber-operations/titan-rain
