event_date,year,event_type,sub_event_type,actor1,actor2,country,admin1,notes,fatalities,PERIODO
2018-01-13,2018,Explosions/Remote violence,Air/drone strike,Military Forces of Saudi Arabia (2015-),,Saudi Arabia,Jizan,Five airstrikes were reportedly waged on Hamidhah village and Ad Dud in Jizan governorate. The source did not specify a target for the airstrikes.,0,2018-Q1
2018-12-23,2018,Explosions/Remote violence,Air/drone strike,Military Forces of Saudi Arabia (2015-),,Saudi Arabia,Jizan,"Seven Saudi air raids were reported in Jizan governorate, with no report of casualties.",0,2018-Q4
2018-07-12,2018,Strategic developments,Other,Military Forces of Saudi Arabia (2015-),,Saudi Arabia,Asir,"Non-violent activity: A Saudi tornado-type jet reportedly crashed in Asir governorate, KSA, after returning from a bombing run in Sadah governate, Yemen. Both pilots survived the accident. Al-Houthi forces claim to have shot the plane down.",0,2018-Q3
2018-05-31,2018,Battles,Armed clash,Unidentified Armed Group (Saudi Arabia),Police Forces of Saudi Arabia (2015-),Saudi Arabia,Mecca,A Saudi policeman was fatally stabbed by an unknown attacker in the city of Taif on the 31 May 2018.,1,2018-Q2
2018-05-07,2018,Battles,Armed clash,Police Forces of Saudi Arabia (2015-),Unidentified Armed Group (Saudi Arabia),Saudi Arabia,Asir,"A man identified as Khaled Mohammed Ali Al-Shehri was reportedly shot dead by Saudi police during a raid in An Namas town after he attacked security officers with a knife. According to the Saudi interior ministry, the man killed was responsible for the death of 4 police officers in Asir district last month (Recorded in the ACLED dataset as SAU1843).",1,2018-Q2
2018-04-19,2018,Battles,Armed clash,Unidentified Armed Group (Saudi Arabia),Police Forces of Saudi Arabia (2015-),Saudi Arabia,Asir,"4 Police officers were killed and 4 others injured during clashes with unidentified armed men at a checkpoint in Asir province. According to the source, the security checkpoint came under fire from an unknown source on the Arqoub road between Majarada and Baeq. One of the gunmen (A Saudi citizen) was killed and two others arrested. A fifth security officer died as he was being transferred to the hospital.",6,2018-Q2
2018-04-07,2018,Battles,Armed clash,Unidentified Armed Group (Saudi Arabia),Police Forces of Saudi Arabia (2015-),Saudi Arabia,Eastern,"A Saudi security officer was killed on Thursday by unidentified gunmen as he was taking part in a raid in Al-Awamiyah area of Qatif. According to the source, several weapons and explosives were later seized.",1,2018-Q2
2018-03-28,2018,Explosions/Remote violence,Air/drone strike,Military Forces of Saudi Arabia (2015-),,Saudi Arabia,Jizan,Saudi air forces carried out air raids - reportedly more than twenty-five - on different areas of Jizan governorate. No casualties were reported.,0,2018-Q1
2018-03-27,2018,Protests,Protest with intervention,Police Forces of Saudi Arabia (2015-),Protesters (Saudi Arabia),Saudi Arabia,Mecca,"32 individuals were arrested for protesting in front of the KSA government administration building in Taif city, KSA. According to the source, the protest was held in response to a government plan to arrest individuals who refused a government order to tear down housing built on government owned plots of land.",0,2018-Q1
2019-09-29,2019,Battles,Armed clash,Humat al Tawhid,Police Forces of Saudi Arabia (2015-),Saudi Arabia,Mecca,"On 29 September 2019, Saudi authorities reportedly killed the killer of one of the personal guards of the Saudi King, Abd al Aziz al-Faghm from the Mutayr tribe, in the Hayy al Shati (Jiddah, Makkah). The killer reportedly belongs to a new group called Humat al-Tawhid (Guardians of Monotheism). Contrary to this version of the facts, Saudi whistleblowers claim that the matter is connected to the killing of journalist Khashoggi one year ago. Earlier it had been suggested that the killing came after a personal dispute, but main figures of the Mutayr tribe had been forced to meet with Crown Prince Muhammad bin Salman in Riyadh and were prevented from travelling abroad.",1,2019-Q3
2020-03-24,2020,Strategic developments,Other,Government of Saudi Arabia (2015-),Civilians (Saudi Arabia),Saudi Arabia,Mecca,"On 24 March 2020, the government of Saudi Arabia released hundreds of prisoners from the Al Shumaisi prison (Makkah, Makkah) to combat the spread of coronavirus.",0,2020-Q1
2020-04-13,2020,Battles,Armed clash,Police Forces of Saudi Arabia (2015-),Howeitat Tribal Militia (Saudi Arabia),Saudi Arabia,Tabuk,"On 13 April 2020, police forces of Saudi Arabia raided the house of a tribal activist of the Howeitat tribe in Al Kuraybah (Duba, Tabuk) over his rejection of compensation and subsequent refusal to vacate his property for the NEOM city project in the north-west corner of the country. The activist had allegedly shot at security forces and was then killed in the shootout.",1,2020-Q2
2020-03-27,2020,Strategic developments,Arrests,Police Forces of Saudi Arabia (2015-),Civilians (Saudi Arabia),Saudi Arabia,Ar Riyadh,"On 27 March 2020, Saudi security forces reportedly arrested Prince Faisal bin Abdullah Al Saud for unknown reasons. The location of his detention was also not known.",0,2020-Q1
2020-06-27,2020,Violence against civilians,Attack,Military Forces of Saudi Arabia (2015-),Civilians (Iran),Saudi Arabia,Eastern,"On 27 June 2020, Saudi military forces reportedly fired at Iranian fishers who crossed into Saudi territorial waters. No one was injured and the Iranians returned to Rostami port.",0,2020-Q2
2020-08-01,2020,Protests,Peaceful protest,Protesters (Saudi Arabia),,Saudi Arabia,Najran,"On 1 August 2020, Saudi forces of the 1st Infantry Brigade stationing on the Najran Axis reportedly demonstrated against the Saudi leadership, demanding the payment of their salaries which have not been paid for 5 months.",0,2020-Q3
2020-09-01,2020,Strategic developments,Other,Operation Restoring Hope,,Saudi Arabia,Ar Riyadh,"On 1 September 2020, King Salman of Saudi Arabia issued a decree to remove Prince Fahd bin Turki bin Abdulaziz Al Saud as the commander of the Saudi-led coalition over accusations of corruption. Lt. Gen. Mutlaq bin Salem bin Mutlaq Al-Azima was designated as the interim commander. The princes son, deputy governor of Al Jawf province in Saudi Arabia, and several commanders have been relieved of their duties as well.",0,2020-Q3
2018-03-31,2018,Explosions/Remote violence,Air/drone strike,Military Forces of Saudi Arabia (2015-),,Saudi Arabia,Jizan,Saudi warplanes reportedly launched strikes on Al-Jasher and Sharijah area of Jizan. No info on the target.,0,2018-Q1
2018-06-28,2018,Strategic developments,Other,Military Forces of Malaysia (2018-2020),,Saudi Arabia,Ar Riyadh,"On 28 June 2018, the Malaysian government announced that it would withdraw from the Saudi-led coalition active in Yemen. Malaysian troops had only been stationed in Saudi Arabia as part of the coalition and did not intervene in Yemen. At least one year later the withdrawal had been complete.",0,2018-Q2
2018-01-16,2018,Battles,Armed clash,Police Forces of Saudi Arabia (2015-),Unidentified Armed Group (Saudi Arabia),Saudi Arabia,Eastern,"Saudi security forces shot dead Abdullah bin Mirza al-Qalaf, in Awwamiyya town, Qatif. According to Press TV (who quoted 'local sources'), Qallaf was mistakenly shot by Saudi troops who were targeting a political activist. Pro-Saudi government sources named him as a fugitive wanted for his involvement in killing Abdulla Al-Qahtani, a policeman on-duty in an incident two months ago. Saudi Press Agency reported short clashes, and confirmed that the man was armed.",1,2018-Q1
2018-08-10,2018,Protests,Peaceful protest,Protesters (Saudi Arabia),,Saudi Arabia,Eastern,"On 10 August 2018, activists held a solidarity stand in the Qatif region, east of Saudi Arabia, to condemn the attack of the Saudi-led coalition on students in Dhahyan in Yemen, which killed several dozens.",0,2018-Q3
2020-01-07,2020,Battles,Armed clash,Police Forces of Saudi Arabia (2015-),Unidentified Armed Group (Saudi Arabia),Saudi Arabia,Eastern,"On 7 January 2020, a wanted gunman shot at police forces in Al Qatif governorate (Ash Sharqiyah). The police arrested the gunman. No report of fatalities or injuries.",0,2020-Q1
2020-12-20,2020,Strategic developments,Change to group/activity,Government of Saudi Arabia (2015-),,Saudi Arabia,Ar Riyadh,"Security measures: On 20 December 2020, Saudi officials announced the suspension of international flights and of entry through ports and border crossings for one week, following the spread of a new strain of Coronavirus in the United Kingdom. Reportedly, the transportation of goods from countries without the new strain was excluded from the decision. On 28 December 2020, Saudi officials extended suspension of international flights and of entry through ports and border crossings for one week while allowing foreigners in the country to leave.",0,2020-Q4
2020-12-28,2020,Battles,Armed clash,Military Forces of Saudi Arabia (2015-),Unidentified Armed Group (Saudi Arabia),Saudi Arabia,Jizan,"Around 28 December 2020 (as reported), a Saudi soldier was killed during clashes with an unidentified group in the southern border area of the Jazan region (Jizan).",1,2020-Q4
2019-07-15,2019,Explosions/Remote violence,Shelling/artillery/missile attack,Military Forces of Saudi Arabia (2015-),Civilians (Saudi Arabia),Saudi Arabia,Eastern,"Around 15 July 2019 (month of), Saudi forces attacked Al Jash district in Al Qatif (Ash Sharqiyah) with artillery, killing one civilian.",1,2019-Q3
2019-12-25,2019,Battles,Armed clash,Police Forces of Saudi Arabia (2015-),Unidentified Armed Group (Saudi Arabia),Saudi Arabia,Eastern,"On 25 December 2019, Saudi security forces clashed with unidentified gunmen in a residential area in Dammam (Ad Dammam, Ash Sharqiyah). Two of the gunmen were killed in the clashes.",2,2019-Q4
2021-02-02,2021,Protests,Protest with intervention,Protesters (Saudi Arabia),Police Forces of Saudi Arabia (2015-),Saudi Arabia,Al Qassim,"On 2 February 2021, Saudi police forces intervened to break up a demonstration with hundreds of protesters demonstrating against Saudi economic policies in Buraydah (Buraydah, Al-Qassim). There were no reports of fatalities.",0,2021-Q1
2019-09-29,2019,Violence against civilians,Attack,Humat al Tawhid,Civilians (Saudi Arabia),Saudi Arabia,Mecca,"On 29 September 2019, one of the personal guards of the Saudi King, Abd al Aziz al-Faghm from the Mutayr tribe, in the Hayy al Shati (Jiddah, Makkah) was killed by a new group called Humat al-Tawhid (Guardians of Monotheism). Contrary to this version of the facts, Saudi whistleblowers claim that the matter is connected to the killing of journalist Khashoggi one year ago. Earlier it had been suggested that the killing came after a personal dispute, but main figures of the Mutayr tribe had been forced to meet with Crown Prince Muhammad bin Salman in Riyadh and were prevented from travelling abroad. Saudi authorities claim that the perpetrator of al-Faghm's murder has been killed by security forces but refuse to hand him over.",1,2019-Q3
2019-11-11,2019,Violence against civilians,Attack,AQAP: Al Qaeda in the Arabian Peninsula,Civilians (Spain),Saudi Arabia,Ar Riyadh,"On 11 November 2019, a Yemeni-national stabbed and injured four Spanish actors in King Abdullah Park in the Al Malaz neighbourhood of Riyadh. During the trial, Saudi television reported that the Yemeni man operated under the orders of Al Qaeda command.",0,2019-Q4
2021-05-06,2021,Strategic developments,Change to group/activity,Military Forces of the United States (2021-) Marine Corps,,Saudi Arabia,Ar Riyadh,"Movement of forces: Around 6 May 2021 (week of), F/A-18D Hornet fighter jets and squadron personnel from the Marine All Weather Fighter Attack Squadron 224 (Marine Aircraft Group 31) deployed to Prince Sultan Air Base (Al Kharj, Ar Riyadh) as part of a dynamic force employment to 'enhance USCENTCOM's ability to deter aggression and promote security and stability within the USCENTCOM area of responsibility'.",0,2021-Q2
2021-03-25,2021,Violence against civilians,Attack,Military Forces of Saudi Arabia (2015-),Civilians (Yemen),Saudi Arabia,Jizan,"Around 25 March 2021, Saudi forces interrogated and tortured 11 Yemeni fishers on Farasan island (Jizan) for 9 days after they were taken in international waters in the South Red Sea. The fishers were then imprisoned in Jizan, and released and returned to Yemen on 5 May 2021.",0,2021-Q1
2018-09-26,2018,Battles,Armed clash,Military Forces of Saudi Arabia (2015-),Shiite Muslim Militia (Saudi Arabia),Saudi Arabia,Eastern,"The Saudi army killed three Shiite militants and anti-regime activists, Mohamed Hassan Ahmed al-Zayed, Moufeed Hamza Ali al-Alwan and Khalil Ibrahim Hassan al-Muslim, in a shootout following a raid to arrest them in al-Kuwaikeb district in the center of Qatif. Three soldiers were injured as well. The raid came shortly after another operation in Qatif during which at least seven people were injured.",3,2018-Q3
2021-09-13,2021,Violence against civilians,Attack,Police Forces of Saudi Arabia (2015-),Civilians (Yemen),Saudi Arabia,Jizan,"On 13 September 2021, Saudi security forces tortured and killed a Yemeni businessman in Jizan province. According to the source, the businessman was arrested a week ago and was tortured to death by Saudi forces that suspected that he was supplying the Houthis with information.",1,2021-Q3
2021-11-02,2021,Violence against civilians,Attack,Police Forces of Saudi Arabia (2015-) Prison Guards,Civilians (Saudi Arabia),Saudi Arabia,Mecca,"Around 2 November 2021 (as reported), prison guards beat and tortured political prisoner Saud Mukhtar al Hashimi in Dhahban Central Prison (Jiddah, Mecca). The guards also deprived him of medicine.",0,2021-Q4
2020-03-07,2020,Strategic developments,Arrests,Police Forces of Saudi Arabia (2015-),Civilians (Yemen),Saudi Arabia,Ar Riyadh,"On 7 March 2020, Saudi police forces on the command of Muhammad bin Salman reportedly arrested former crown prince Muhammad bin Nayef, Ahmad bin Abdel Aziz, Nawad bin Nayef and several police, national guard and royal guard officers who considered themselves to be loyal to the arrested.",0,2020-Q1
2020-11-21,2020,Strategic developments,Arrests,Police Forces of Saudi Arabia (2015-),Civilians (China),Saudi Arabia,Mecca,"Arrests: On 21 November 2020, Saudi police arrested a Uyghur religious scholar who has been legally residing in Turkey but travelling in Saudi Arabia, reportedly at the behest of the Chinese government, fearing deportation. He was arrested with another helper, also a Uyghur man, near the Kaaba in Makkah (Makkah, Makkah) and brought to Buraiman prison in Jeddah city. The scholar had been arrested in China twice, in 2013 and 2014.",0,2020-Q4
2019-10-10,2019,Strategic developments,Change to group/activity,Military Forces of the United States (2017-2021),,Saudi Arabia,Ar Riyadh,"Since last month, the US has reportedly added more than 3000 US soldiers to their contingent on Saudi soil consisting of two fighter squadrons, one air expeditionary wing, two patriot batteries, and a THAAD system.",0,2019-Q4
2020-09-01,2020,Protests,Peaceful protest,Protesters (Saudi Arabia),,Saudi Arabia,Al Madinah,"On 1 September 2020, tribal members of the Juhayna tribal group protested in Al Aiss (Al Madinah) and surrounding villages against destruction of their homes and farms by the Saudi government.",0,2020-Q3
2020-12-04,2020,Strategic developments,Change to group/activity,Military Forces of the United States (2017-2021),,Saudi Arabia,Ar Riyadh,"Movement of forces: Around 4 December 2020 (as reported), US forces deployed a THAAD missile system next to the Prince Sultan airbase in Al Kharj (Al Kharj, Ar Riyad), pointing towards northeast. It includes 6 THAAD anti ballistic missile launchers and two Patriot launcher and is supported by the AN/TPY-2 Radar. The system covers Riyadh, some airbases and Khurays oil fields.",0,2020-Q4
2020-09-01,2020,Protests,Peaceful protest,Protesters (Saudi Arabia),,Saudi Arabia,Tabuk,"On 1 September 2020, tribal members of the Juhayna tribal group protested in Shabha (Umluj, Tabuk) and surrounding villages against destruction of their homes and farms by the Saudi government.",0,2020-Q3
2020-04-15,2020,Violence against civilians,Attack,Police Forces of Saudi Arabia (2015-) Prison Guards,Civilians (International),Saudi Arabia,Mecca,"Around 15 April 2020 (month of), tens of thousands of African migrants in Saudi Arabia, many of whom are Ethiopian, have reportedly been held in detention centres with squalid conditions in southern Saudi Arabia and are regularly beaten by Saudi Prison Guards. The locations of two camps were reported in Al Shumaisi (Makkah, Makkah) and Jizan (Jazan, Jizan). It is unclear how many other camps may be in operation. Additionally, a number of detainees have reportedly committed suicide in the camps while others have reportedly died from disease and heatstroke. Unclear fatalities coded as 10 and split between two locations.",5,2020-Q2
2020-04-15,2020,Violence against civilians,Attack,Police Forces of Saudi Arabia (2015-) Prison Guards,Civilians (International),Saudi Arabia,Jizan,"Around 15 April 2020 (month of), tens of thousands of African migrants in Saudi Arabia, many of whom are Ethiopian, have reportedly been held in detention centres with squalid conditions in southern Saudi Arabia and are regularly beaten by Saudi Prison Guards. The locations of two camps were reported in Al Shumaisi (Makkah, Makkah) and Jizan (Jazan, Jizan). It is unclear how many other camps may be in operation. Additionally, a number of detainees have reportedly committed suicide in the camps while others have reportedly died from disease and heatstroke. Unclear fatalities coded as 10 and split between two locations.",5,2020-Q2
2018-11-15,2018,Violence against civilians,Attack,Police Forces of Saudi Arabia (2015-),Civilians (Saudi Arabia),Saudi Arabia,Mecca,"In November 2018, according to Amensty and HRW, several well-known imprisoned Saudi political activists, the majority of them women, were repeatedly tortured by Saudi authorities in Dahban central prison. One of the women was reportedly subjected to sexual harassment.",0,2018-Q4
2020-09-23,2020,Strategic developments,Arrests,Police Forces of Saudi Arabia (2015-) Presidency of State Security,Unidentified Armed Group (Saudi Arabia),Saudi Arabia,Ar Riyadh,"On 23 September 2020, the Presidency of State Security reportedly arrested 10 members of an unidentified armed group, who the PSS reported were trained at IRGC camps in Iran, from two undisclosed locations. A number of weapons and explosive devices were recovered in the operation.",0,2020-Q3
2021-12-30,2021,Explosions/Remote violence,Remote explosive/landmine/IED,Unidentified Armed Group (International),Civilians (France),Saudi Arabia,Mecca,"On 30 December 2021, an explosion of unidentified origin targeted the vehicle of a French team of the Dakar rally in Jeddah city (Jiddah, Mecca) injuring the driver. Saudi authorities denied any criminal suspicions around the incident but France opened a 'terrorism investigation'. In February 2022, French investigators concluded that the explosion was caused by an IED.",0,2021-Q4
2022-03-12,2022,Strategic developments,Other,Government of Saudi Arabia (2015-),Civilians (Saudi Arabia),Saudi Arabia,Ar Riyadh,"Other: On 12 March 2022, Saudi authorities executed 81 individuals for various charges including 'allegiance to foreign terrorist organizations' and holding 'deviant beliefs' (coded to capital city Riyadh). The individuals included 41 Shiite Muslims from the Qatif region as well as 7 Yemenis and 1 Syrian. The legitimacy of the due process of the trial was questioned by a number of NGOs.",81,2022-Q1
2018-03-12,2018,Violence against civilians,Abduction/forced disappearance,Police Forces of Saudi Arabia (2015-),Civilians (Saudi Arabia),Saudi Arabia,Ar Riyadh,"On 12 March 2018, police forces abducted a Saudi national working for the Saudi Red Crescent Society from his office in Riyadh (Ar Riyadh). He was brought to the police station but never heard of again. His relatives believe that his forced disappearance may have been prompted by his online activity including social media posts that were often critical of the regime.",0,2018-Q1
2019-04-23,2019,Strategic developments,Other,Government of Saudi Arabia (2015-),Civilians (Saudi Arabia),Saudi Arabia,Ar Riyadh,"Other: On 23 April 2019, Saudi authorities executed 37 individuals for various charges including protest-related offenses, espionage, and terrorism (coded to capital city Riyadh). At least 33 out of the 37 executed were Shiites. The legitimacy of the due process of the trial was questioned by NGOs.",37,2019-Q2
2022-04-28,2022,Protests,Protest with intervention,Protesters (Pakistan),Police Forces of Saudi Arabia (2015-),Saudi Arabia,Al Madinah,"On 28 April 2022, Pakistani pilgrims chanted political slogans against the Pakistani PM and other officials during their visit at Al Masjid an Nabawi (the Prophet's Mosque) in Medina (Madinah Monawrah, Al Madinah). Saudi police forces arrested around 150 Pakistanis for 'violating the regulations' and 'disrespecting' the sanctity of the mosque.",0,2022-Q2
2019-10-23,2019,Riots,Violent demonstration,Rioters (Saudi Arabia),Police Forces of Saudi Arabia (2015-),Saudi Arabia,Eastern,"On 23 October 2019, a mass brawl took place in Hafar al Batin. Security patrols shot on the rioters without any reported fatalities or injuries. Not anymore info.",0,2019-Q4
2019-07-01,2019,Protests,Peaceful protest,Protesters (Sudan),,Saudi Arabia,Ar Riyadh,"On 1 July 2019, Sudanese migrant workers protested in front of the Sudanese embassy in Riyadh to show their support with the protest movement in Sudan.",0,2019-Q3
2022-05-14,2022,Strategic developments,Other,Police Forces of Saudi Arabia (2015-),Civilians (Saudi Arabia),Saudi Arabia,Eastern,"Other: On 14 May 2022, Saudi authorities executed two Shiite political prisoners from Al Qatif (Eastern) on charges of involvement in 'terrorist activities'.",2,2022-Q2
2022-06-08,2022,Violence against civilians,Attack,Military Forces of Saudi Arabia (2015-) Border Guard,Civilians (Yemen),Saudi Arabia,Jizan,"On 8 June 2022, Saudi border guard fired at a civilian vehicle in Jizan city (Jizan) killing 4 Yemeni nationals. The Yemeni civilians were immigrants that lived in Saudi Arabia and were going back to Saudi Arabia from Yemen after Eid.",4,2022-Q2
2019-05-14,2019,Explosions/Remote violence,Air/drone strike,Unidentified Military Forces,,Saudi Arabia,Ar Riyadh,"On 14 May 2019, unidentified military forces launched seven Delta-wing UAVs targeting two oil-pumping stations of the East-West Saudi pipeline, which goes from the eastern Saudi oil fields to the oil terminal of Yanbu on the western coast, in Ad Dawadimi and Afif (Ar Riyadh). There were no fatalities or injuries but a large fire erupted at pumping station no.8 prompting a temporary closure of the station. Houthi forces claimed the attack but later US assessments stated that the attack originated from Iraqi territory.",0,2019-Q2
2019-05-14,2019,Explosions/Remote violence,Air/drone strike,Unidentified Military Forces,,Saudi Arabia,Ar Riyadh,"On 14 May 2019, unidentified military forces launched seven Delta-wing UAVs targeting two oil-pumping stations of the East-West Saudi pipeline, which goes from the eastern Saudi oil fields to the oil terminal of Yanbu on the western coast, in Ad Dawadimi and Afif (Ar Riyadh). There were no fatalities or injuries but a large fire erupted at pumping station no.8 prompting a temporary closure of the station. Houthi forces claimed the attack but later US assessments stated that the attack originated from Iraqi territory.",0,2019-Q2
2022-08-23,2022,Strategic developments,Other,Government of Saudi Arabia (2015-),Civilians (Saudi Arabia),Saudi Arabia,Ar Riyadh,"Other: Around 23 August 2022, the Saudi Specialized Criminal Appeals Court in Riyadh sentenced the former imam of the Grand Mosque in Mecca -- Sheikh Saleh at Talib -- to ten years of imprisonment after overturning an acquittal received at first instance (coded to Riyadh). No reports were identified on the exact charges that were levied against him. Some organizations though claim that the prosecution was politically motivated because of the imam's criticism of the Saudi government.",0,2022-Q3
2022-09-27,2022,Strategic developments,Other,Government of Saudi Arabia (2015-),,Saudi Arabia,Ar Riyadh,"Other: On 27 September 2022, Saudi King Salman bin Abdulaziz issued a royal decree reshuffling the country's Council of Ministers. The decree appointed Crown Prince Muhammed bin Salman as Prime Minister, Prince Khalid bin Salman as Defense Minister, Prince Turki bin Muhammed bin Fahad bin Abdulaziz as State Minister, Prince Abdulaziz bin Turki Faisal as Sports Minister, and Youssef Al Benyan as Education Minister (coded to the capital Riyadh (Ar Riyadh). The position of Prime Minister delegated to MBS is a position that is typically held by the king.",0,2022-Q3
2022-10-20,2022,Strategic developments,Looting/property destruction,Police Forces of Saudi Arabia (2015-),Civilians (Saudi Arabia),Saudi Arabia,Eastern,"Property destruction: On 20 October 2022, Saudi authorities (coded as police) began razing King Abdulaziz Road in Shiite-majority Al Qatif (Eastern) as part of an ongoing operation for demolitions in the area, targeting 521 houses and other properties, under the pretext of a multi-billion dollar development project. The operation displaced hundreds of residents and removed commercial shops, a mosque, and archaeological sites. According to NGOs and activists, the demolition was politically motivated against the region's Shiite residents due to the 2017-2020 period of unrest.",0,2022-Q4
2022-09-18,2022,Strategic developments,Looting/property destruction,Police Forces of Saudi Arabia (2015-),Civilians (Saudi Arabia),Saudi Arabia,Eastern,"Property destruction: Around 18 September 2022 (as reported), Saudi authorities (coded as police) started the process of demolishing 119 houses in Al Awamiyah in Shiite-majority Al Qatif (Eastern) under the pretext of a project for the 'clean up' of the area and the improvement of its road traffic. This was denounced by activists are purposefully targeting the region's Shiite residents.",0,2022-Q3
2022-10-24,2022,Violence against civilians,Abduction/forced disappearance,Police Forces of Saudi Arabia (2015-) Prison Guards,Civilians (Saudi Arabia),Saudi Arabia,Ar Riyadh,"Around 24 October 2022, prison authorities subjected Saudi human rights defender Mohammed al Qahtani to an incommunicado detention, denying him contact with the outside world and refusing to disclose his location to his family, while he was completing his ten-year imprisonment sentence at Al Hair Prison in Riyadh (Ar Riyadh) over political charges. He was not released following the end of his imprisonment term on 22 November 2022, and the authorities continue to refuse to disclose his whereabouts as of January 2023.",0,2022-Q4
2023-02-22,2023,Strategic developments,Arrests,Police Forces of Saudi Arabia (2015-),Civilians (Saudi Arabia),Saudi Arabia,Ar Riyadh,"On 22 February 2023, Saudi police forces arrested an unreported number of individuals who were driving in Riyadh and Hail provinces (Ar Riyadh) with tribal flags and banners, at least one of which belonged to the Shammar tribe, on Saudi Arabia's Founding Day. Police authorities indicated that the arrests took place because the banners 'stirred up tribal strife and destabilized national cohesion'.",0,2023-Q1
2023-02-22,2023,Strategic developments,Arrests,Police Forces of Saudi Arabia (2015-),Civilians (Saudi Arabia),Saudi Arabia,Hail,"On 22 February 2023, Saudi police forces arrested an unreported number of individuals who were driving in Riyadh and Hail provinces (Ar Riyadh) with tribal flags and banners, at least one of which belonged to the Shammar tribe, on Saudi Arabia's Founding Day. Police authorities indicated that the arrests took place because the banners 'stirred up tribal strife and destabilized national cohesion'.",0,2023-Q1
2022-04-17,2022,Violence against civilians,Abduction/forced disappearance,Police Forces of Saudi Arabia (2015-),Civilians (Yemen),Saudi Arabia,Ar Riyadh,"On 17 April 2022, Saudi security forces forcibly disappeared 1 Yemeni woman activist and her son in Al Nada neighborhood in Riyadh (Riyadh, Ar Riyadh). Their location remained unknown as of June 2023.",0,2022-Q2
2019-04-07,2019,Battles,Armed clash,Police Forces of Saudi Arabia (2015-),Unidentified Armed Group (Saudi Arabia),Saudi Arabia,Eastern,"On 7 April 2019, Saudi security forces engaged in a firefight with wanted 'activist' elements in Al Qatif district (Eastern). There were no fatalities or injuries. Clashes resumed the day after killing 2 armed elements (coded as a separate event).",0,2019-Q2
2020-01-04,2020,Explosions/Remote violence,Air/drone strike,Military Forces of Saudi Arabia (2015-),,Saudi Arabia,Jizan,"On 4 January 2020, 8 Saudi airstrikes reportedly targeted MBC mountain and Al Qambur area (Jizan). No fatalities nor injuries reported.",0,2020-Q1
2020-01-03,2020,Explosions/Remote violence,Air/drone strike,Military Forces of Saudi Arabia (2015-),,Saudi Arabia,Jizan,"On 3 January 2020, 3 Saudi airstrikes reportedly targeted MBC mountain area (Jazan). No fatalities nor injuries reported.",0,2020-Q1
2019-05-11,2019,Battles,Armed clash,Police Forces of Saudi Arabia (2015-),Unidentified Armed Group (Saudi Arabia),Saudi Arabia,Eastern,"11 May 2019: Unidentified armed men opened fire at security forces in the Sanabis neighborhood of Qatif city, KSA, prompting clashes. 8 gunmen were killed in the ensuing gunbattle.",8,2019-Q2
2018-10-07,2018,Violence against civilians,Attack,Military Forces of Saudi Arabia (2015-),Civilians (Yemen),Saudi Arabia,Jizan,"After being attacked by Saudi naval and air forces off the coast of Eritrea on August 21, 11 Yemeni fishers were reportedly captured by Saudi forces and detained in a facility near Jizan port. During the three months of captivity for 8 of them (as of August 21, 2019, the fate of the 3 others remains unknown), they faced mistreatment that, according to HRW, 'amounted to torture'. One of the detainee for instance explained that for 15 days straight, he lost consciousness every night as he was beaten up.",0,2018-Q4
2023-07-17,2023,Strategic developments,Change to group/activity,Military Forces of Saudi Arabia (2015-),,Saudi Arabia,Asir,"Movement of forces: On 17 July 2023, Saudi forces deployed several air defense systems including US Patriot batteries and other Chinese-made systems to the border governorates with Yemen (coded to Asir at Abha, Jizan, and Najran governorates). The source speculated that the deployment was a preparation for military escalation with the Houthis or with UAE-backed groups in Hadramawt.",0,2023-Q3
2023-07-17,2023,Strategic developments,Change to group/activity,Military Forces of Saudi Arabia (2015-),,Saudi Arabia,Jizan,"Movement of forces: On 17 July 2023, Saudi forces deployed several air defense systems including US Patriot batteries and other Chinese-made systems to the border governorates with Yemen (coded to Asir at Abha, Jizan, and Najran governorates). The source speculated that the deployment was a preparation for military escalation with the Houthis or with UAE-backed groups in Hadramawt.",0,2023-Q3
2023-07-17,2023,Strategic developments,Change to group/activity,Military Forces of Saudi Arabia (2015-),,Saudi Arabia,Najran,"Movement of forces: On 17 July 2023, Saudi forces deployed several air defense systems including US Patriot batteries and other Chinese-made systems to the border governorates with Yemen (coded to Asir at Abha, Jizan, and Najran governorates). The source speculated that the deployment was a preparation for military escalation with the Houthis or with UAE-backed groups in Hadramawt.",0,2023-Q3
2018-01-15,2018,Explosions/Remote violence,Shelling/artillery/missile attack,Military Forces of Yemen (2017-) Houthi,Military Forces of Saudi Arabia (2015-),Saudi Arabia,Jizan,In Jizan border province Pro-Houthi artillery shelled Saudi army gatherings in Abadiya and Hamda-alShamali area. Additional shelling hit Maseal valley.,0,2018-Q1
2018-01-21,2018,Battles,Armed clash,Military Forces of Yemen (2017-) Houthi,Military Forces of Saudi Arabia (2015-),Saudi Arabia,Jizan,"In Saudi Arabia's Jizan region, pro-Houthi forces claim to have shot and killed 4 Saudi soldiers in Hamidhah village. An IED was also detonated in the area.",4,2018-Q1
2018-01-24,2018,Explosions/Remote violence,Shelling/artillery/missile attack,Military Forces of Yemen (2017-) Houthi,Military Forces of Saudi Arabia (2015-),Saudi Arabia,Jizan,"Pro-Houthi fighters claim to have shelled Saudi soldiers in Um Katib village, Jizan. According to the report, Ambulances were seen rushing to the area after the shelling.",0,2018-Q1
2018-01-28,2018,Battles,Armed clash,Military Forces of Yemen (2017-) Houthi,Military Forces of Saudi Arabia (2015-),Saudi Arabia,Jizan,Pro-Houthi fighters claim to have shot an killed a single Saudi soldier in the Muntazah area of Jizan.,1,2018-Q1
2018-01-31,2018,Explosions/Remote violence,Shelling/artillery/missile attack,Military Forces of Yemen (2017-) Houthi,Military Forces of Saudi Arabia (2015-),Saudi Arabia,Jizan,"Pro-Houthi forces reportedly fired artillery shells at Saudi soldiers in Qais mountain, Mahjer site, and beyond Faridhah site, Jizan. No info on casualties.",0,2018-Q1
2018-02-03,2018,Battles,Armed clash,Military Forces of Yemen (2017-) Houthi,Military Forces of Saudi Arabia (2015-),Saudi Arabia,Jizan,Saudi soldiers went under fire in and around Hamdah village in Jizan.,0,2018-Q1
2018-02-04,2018,Battles,Armed clash,Military Forces of Yemen (2017-) Houthi,Military Forces of Saudi Arabia (2015-),Saudi Arabia,Jizan,"On Sunday, Yemen's War Media said that pro-Houthi snipers had shot and killed seven members of the Saudi Arabian military in counterattacks against various locations in the kingdom's Jizan border region.",7,2018-Q1
2018-02-05,2018,Battles,Armed clash,Military Forces of Yemen (2017-) Houthi,Military Forces of Saudi Arabia (2015-),Saudi Arabia,Jizan,"Also in Hathera site of Jizan, five Saudi soldiers were shot by snipers, and artillery targeted the area. The sources did not specify if those shot by the snipers were killed or if they survived.",0,2018-Q1
2018-02-08,2018,Explosions/Remote violence,Shelling/artillery/missile attack,Military Forces of Yemen (2017-) Houthi,Military Forces of Saudi Arabia (2015-),Saudi Arabia,Jizan,"In border Saudi province of Jizan, artillery shelling targeted Saudi soldiers' gatherings and fortifications in Qatbah school, Qedhaa-Namir, Kamer village, Dafinh, Qarn, Jarah valley, Hemiah center, and in Faridhah and Haskul sites.",0,2018-Q1
2018-01-19,2018,Battles,Armed clash,Military Forces of Yemen (2017-) Houthi,Military Forces of Saudi Arabia (2015-),Saudi Arabia,Jizan,A Pro-Houthi Yemeni military sources reported that Houthi militiamen had shot dead five soldiers just in al Quwah and Hamidah of Jizan. Fatalities split between 2 events.,3,2018-Q1
2018-01-19,2018,Explosions/Remote violence,Shelling/artillery/missile attack,Military Forces of Yemen (2017-) Houthi,Military Forces of Saudi Arabia (2015-),Saudi Arabia,Jizan,Houthi forces reportedly shelled fortifications of Saudi army in Wadi Al Ma'yen in Jizan in the past 24 hours of January 19.There were no reports of human casualties or material damage.,0,2018-Q1
2018-02-11,2018,Explosions/Remote violence,Shelling/artillery/missile attack,Military Forces of Yemen (2017-) Houthi,Military Forces of Saudi Arabia (2015-),Saudi Arabia,Jizan,"Pro-Houthi forces reportedly fired artillery shells at Saudi soldiers in Mustahdath-Nashaw site located near As Sahhar area, Mawsim, Mataan, Kamer, Shabakah, beyond Hamedhah village and Musthadath site eastern Jahfan, causing casualties. (all in Jizan)",0,2018-Q1
2018-02-13,2018,Explosions/Remote violence,Shelling/artillery/missile attack,Military Forces of Yemen (2017-) Houthi,Military Forces of Saudi Arabia (2015-),Saudi Arabia,Jizan,"Pro-Houthi forces reportedly shelled Saudi military vehicles in Shamikh center, Jizan. No injuries were reported.",0,2018-Q1
2018-02-14,2018,Explosions/Remote violence,Shelling/artillery/missile attack,Military Forces of Yemen (2017-) Houthi,Military Forces of Saudi Arabia (2015-),Saudi Arabia,Jizan,"Pro-Houthi forces claim to have fired artillery shells at soldiers in al- Faridah and al-Moa'anaq sites in Al Khobh, al-Kirs, and bombed a Saudi military vehicle, killing its crew in Bujan site. Unknown fatalities coded as 10 at the governorate level.",10,2018-Q1
2018-02-15,2018,Explosions/Remote violence,Shelling/artillery/missile attack,Military Forces of Yemen (2017-) Houthi,Military Forces of Saudi Arabia (2015-),Saudi Arabia,Jizan,"On 15 February 2018, Houthi forces claimed to have fired artillery rounds at Saudi soldiers in Ramazah military camp in Jizan province. Casualties unknown.",0,2018-Q1
2018-02-17,2018,Battles,Armed clash,Military Forces of Saudi Arabia (2015-),Military Forces of Yemen (2017-) Houthi,Saudi Arabia,Jizan,"Saudi troops using advanced weaponry claim to have killed up to 30 Houthi militia members during clashes in Jizan, on the border with Yemen.",30,2018-Q1
2018-02-20,2018,Battles,Armed clash,Military Forces of Yemen (2017-) Houthi,Military Forces of Saudi Arabia (2015-),Saudi Arabia,Jizan,Yemen's Arabic-language al-Masirah television network reported that two Saudi soldiers were killed in al-Hamezah and Tabat al-Khazan villages of Jizan region on Monday night. Fatalities spread across two locations.,1,2018-Q1
2018-02-20,2018,Battles,Armed clash,Military Forces of Yemen (2017-) Houthi,Military Forces of Saudi Arabia (2015-),Saudi Arabia,Jizan,Yemen's Arabic-language al-Masirah television network reported that two Saudi soldiers were killed in al-Hamezah and Tabat al-Khazan villages of Jizan region on Monday night. Fatalities spread across two locations.,1,2018-Q1
2018-02-25,2018,Battles,Armed clash,Military Forces of Yemen (2017-) Houthi,Military Forces of Saudi Arabia (2015-),Saudi Arabia,Asir,"'Several' Saudi soldiers were killed and wounded during clashes with Houthi forces on Um Riyah hill, Asir. Unknown fatalities coded as 10.",10,2018-Q1
2018-02-28,2018,Explosions/Remote violence,Shelling/artillery/missile attack,Military Forces of Yemen (2017-) Houthi,Military Forces of Saudi Arabia (2015-),Saudi Arabia,Asir,"Pro-Houthi forces claim to have 'bombed' the Saudi forces stationed in Alb border crossing area, as well as the nearby Qanaseen. No injuries were reported.",0,2018-Q1
2018-03-04,2018,Explosions/Remote violence,Shelling/artillery/missile attack,Military Forces of Yemen (2017-) Houthi,Military Forces of Saudi Arabia (2015-),Saudi Arabia,Jizan,"In Jabary and Bujan sites of Jizan, pro-Houthi forces claim to have killed 'dozens' in an artillery attack.",12,2018-Q1
2018-03-05,2018,Explosions/Remote violence,Shelling/artillery/missile attack,Military Forces of Yemen (2017-) Houthi,Military Forces of Saudi Arabia (2015-),Saudi Arabia,Jizan,Pro-Houthi forces claim to have hit Saudi soldiers with artillery strikes in al- Mahtam site and Qazaa Mustahdath in Jizan. No info on casualties.,0,2018-Q1
2018-01-17,2018,Explosions/Remote violence,Shelling/artillery/missile attack,Military Forces of Yemen (2017-) Houthi,Military Forces of Saudi Arabia (2015-),Saudi Arabia,Jizan,Houthi forces reportedly shelled troops of Saudi forces in Ufrah in Jizan on January 17. There were no reports of deaths or injuries.,0,2018-Q1
2018-01-17,2018,Explosions/Remote violence,Shelling/artillery/missile attack,Military Forces of Yemen (2017-) Houthi,Military Forces of Saudi Arabia (2015-),Saudi Arabia,Najran,Houthi forces reportedly shelled troops of Saudi forces in Wadi Aleeb in Najran on January 17. There were no reports of deaths or injuries.,0,2018-Q1
2018-01-26,2018,Explosions/Remote violence,Shelling/artillery/missile attack,Military Forces of Yemen (2017-) Houthi,Military Forces of Saudi Arabia (2015-),Saudi Arabia,Jizan,Houthi forces reportedly shelled Saudi forces in Qaryat Asawdah near Al Khobh and Jawbah in Jizan on the days around January 26. No deaths or injuries were reported.,0,2018-Q1
2018-01-27,2018,Explosions/Remote violence,Shelling/artillery/missile attack,Military Forces of Yemen (2017-) Houthi,Military Forces of Saudi Arabia (2015-),Saudi Arabia,Jizan,Houthi forces reportedly shelled troops of Saudi forces in Al Maqran in Jizan on the days around January 27. No deaths or injuries were reported.,0,2018-Q1
2018-01-31,2018,Battles,Armed clash,Military Forces of Yemen (2017-) Houthi,Military Forces of Saudi Arabia (2015-),Saudi Arabia,Najran,"Houthi forces reportedly clashed with Saudi forces and 2 Saudi military vehicles were destroyed in Jebal Aleeb in Najran on the days around January 31, leaving deaths and injuries on the Saudi side. Unknown fatalities coded as 10.",10,2018-Q1
2018-02-07,2018,Explosions/Remote violence,Air/drone strike,Military Forces of Saudi Arabia (2015-),Military Forces of Yemen (2017-) Houthi,Saudi Arabia,Jizan,It was also reported that the Saudi Apache helicopters shelled Dar Anasr in Abu Arish of Jizan on February 7. No deaths or injuries were reported.,0,2018-Q1
2018-02-07,2018,Explosions/Remote violence,Shelling/artillery/missile attack,Military Forces of Yemen (2017-) Houthi,Military Forces of Saudi Arabia (2015-),Saudi Arabia,Najran,Houthi forces reportedly shelled Saudi forces in Jebal Aleeb in Najran on the days around February 7. No deaths or injuries were reported.,0,2018-Q1
2018-02-09,2018,Explosions/Remote violence,Shelling/artillery/missile attack,Military Forces of Yemen (2017-) Houthi,Military Forces of Saudi Arabia (2015-),Saudi Arabia,Najran,Houthi forces reportedly shelled troops and fortifications of Saudi forces in Wadi Aleeb in Najran on February 9. No deaths or injuries were reported.,0,2018-Q1
2018-03-10,2018,Battles,Armed clash,Military Forces of Yemen (2017-) Houthi,Military Forces of Saudi Arabia (2015-),Saudi Arabia,Jizan,"In Jizan, 2 Saudi soldiers were reportedly shot dead by pro-Houthi fighters in Hamidha village.",2,2018-Q1
2018-03-12,2018,Explosions/Remote violence,Shelling/artillery/missile attack,Military Forces of Yemen (2017-) Houthi,Military Forces of Saudi Arabia (2015-),Saudi Arabia,Asir,"Pro-Houthi forces fired artillery shells at Saudi soldiers in Thuban area of Asir, causing injuries. No fatalities were specified in the event.",0,2018-Q1
2018-03-12,2018,Battles,Armed clash,Military Forces of Yemen (2017-) Houthi,Military Forces of Saudi Arabia (2015-),Saudi Arabia,Jizan,"Pro-Houthi forces claim to have shot and killed 6 Saudi soldiers in Quwah and Hamdha villages, Jizan. Fatalities spread evenly across two locations.",3,2018-Q1
2018-03-12,2018,Battles,Armed clash,Military Forces of Yemen (2017-) Houthi,Military Forces of Saudi Arabia (2015-),Saudi Arabia,Jizan,"A Saudi soldier was reportedly shot dead by a Houthi sniper in Haskul, Jizan.",1,2018-Q1
2018-03-16,2018,Explosions/Remote violence,Shelling/artillery/missile attack,Military Forces of Yemen (2017-) Houthi,Military Forces of Saudi Arabia (2015-),Saudi Arabia,Jizan,Houthi fighters fired artillery shells at Saudi soldiers in Hamidah village of Ahad al Musarihah. No info on casualties.,0,2018-Q1
2018-03-17,2018,Battles,Armed clash,Military Forces of Yemen (2017-) Houthi,Military Forces of Saudi Arabia (2015-),Saudi Arabia,Jizan,"A total of 4 Saudi soldiers were reportedly shot and killed by pro-Houthi fighters in the Quwah, Jadhea Namir, and Hasskol areas of Jizan. It was initially claimed the fatality count was 6, but another source later clarified that 2 had been killed in Quwah (coded as a seperat event).",4,2018-Q1
2018-03-18,2018,Explosions/Remote violence,Shelling/artillery/missile attack,Military Forces of Yemen (2017-) Houthi,Military Forces of Saudi Arabia (2015-),Saudi Arabia,Asir,Pro-Houthi forces claim to have fired artillery shells at Saudi soldiers in the areas of Qilal al-Shaibani and Alb border crossing area in Asir. No mention of casualties.,0,2018-Q1
2018-03-15,2018,Explosions/Remote violence,Shelling/artillery/missile attack,Military Forces of Yemen (2017-) Houthi,Military Forces of Saudi Arabia (2015-),Saudi Arabia,Asir,Pro-Houthi forces fired artillery at Saudi positions behind Al Musayal site and near Alb border crossing in Asir governorate. No casualties were reported.,0,2018-Q1
2018-03-15,2018,Explosions/Remote violence,Shelling/artillery/missile attack,Military Forces of Yemen (2017-) Houthi,Military Forces of Saudi Arabia (2015-),Saudi Arabia,Jizan,Pro-Houthi forces fired artillery at Saudi military positions in Hamdah village in Jizan governorate. No casualties were reported.,0,2018-Q1
2018-03-15,2018,Explosions/Remote violence,Air/drone strike,Military Forces of Saudi Arabia (2015-),Military Forces of Yemen (2017-) Houthi,Saudi Arabia,Jizan,Saudi air forces reportedly carried out an air raid on allied pro-Houthi fighters in Bajil site in Jizan governorate. No casualties were reported.,0,2018-Q1
2018-03-15,2018,Explosions/Remote violence,Shelling/artillery/missile attack,Military Forces of Yemen (2017-) Houthi,Military Forces of Saudi Arabia (2015-),Saudi Arabia,Najran,Pro-Houthi forces fired artillery at Saudi positions near 'Alib mountains in Najran governorate. No casualties were reported but a military vehicle was allegedly destroyed.,0,2018-Q1
2018-03-17,2018,Battles,Armed clash,Military Forces of Yemen (2017-) Houthi,Military Forces of Saudi Arabia (2015-),Saudi Arabia,Jizan,Pro-Houthi sniper units reportedly killed 1 Saudi soldier in Al Haskul site of Jizan governorate.,1,2018-Q1
2018-03-18,2018,Explosions/Remote violence,Shelling/artillery/missile attack,Military Forces of Yemen (2017-) Houthi,Military Forces of Saudi Arabia (2015-),Saudi Arabia,Jizan,Pro-Houthi forces fired artillery at Saudi military positions in Hamdah village and Al Hathirah in Jizan governorate. No casualties were reported.,0,2018-Q1
2018-03-19,2018,Battles,Armed clash,Military Forces of Yemen (2017-) Houthi,Military Forces of Saudi Arabia (2015-),Saudi Arabia,Jizan,Pro-Houthi forces reportedly attacked Saudi positions in As Suda watch tower in Al Khobh and Al Haskul area in Jizan governorate. No casualties were reported.,0,2018-Q1
2018-03-19,2018,Battles,Armed clash,Military Forces of Yemen (2017-) Houthi,Military Forces of Saudi Arabia (2015-),Saudi Arabia,Najran,Pro-Houthi forces reportedly attacked positions of pro-Hadi forces and allied militias in Aleeb mountain in Najran governorate. Dozens of pro-Hadi fighters were reported killed.,12,2018-Q1
2018-04-01,2018,Battles,Non-state actor overtakes territory,Military Forces of Yemen (2017-) Houthi,Military Forces of Yemen (2012-2022) Hadi,Saudi Arabia,Najran,Pro-Houthi forces reportedly gained territory against pro-Hadi forces and allied militias in 'Aleeb area of Najran governorate. The event also included pro-Houthi artillery fire near 'Aleeb mountain. No casualties were reported.,0,2018-Q2
2018-04-06,2018,Explosions/Remote violence,Shelling/artillery/missile attack,Military Forces of Yemen (2017-) Houthi,Military Forces of Saudi Arabia (2015-),Saudi Arabia,Jizan,Pro-Houthi forces fired artillery at Saudi military barracks in Jabal Qays and the Mahawlah centre in Jizan governorate. No casualties were reported.,0,2018-Q2
2018-04-07,2018,Battles,Non-state actor overtakes territory,Military Forces of Yemen (2017-) Houthi,Military Forces of Saudi Arabia (2015-),Saudi Arabia,Jizan,Pro-Houthi forces reportedly gained territory against Saudi forces and Yemeni anti-Houthi fighters in Al 'Amud area of Jizan governorate. 15 anti-Houthi fighters - including Saudis - were reported killed.,15,2018-Q2
2018-04-01,2018,Explosions/Remote violence,Shelling/artillery/missile attack,Military Forces of Yemen (2017-) Houthi,Military Forces of Saudi Arabia (2015-),Saudi Arabia,Jizan,"Pro-Houthi forces fired at Saudi soldiers, pro-Hadi forces and allied militias from southern Yemen in Jizan governorate. It is unclear if this was part of clashes or if it was remote violence. At least 5 pro-Hadi fighters were reported killed.",5,2018-Q2
2018-04-09,2018,Explosions/Remote violence,Shelling/artillery/missile attack,Military Forces of Yemen (2017-) Houthi,Military Forces of Yemen (2012-2022) Hadi,Saudi Arabia,Najran,"Pro-Houthi forces fired artillery at pro-Hadi forces and allied militias in 'Alib, Ash Shabakah, Al Qiyadah and Al Buqa' desert off Al Khadra border crossing in Najran governorate. No casualties were reported.",0,2018-Q2
2018-04-12,2018,Battles,Armed clash,Military Forces of Yemen (2017-) Houthi,Military Forces of Saudi Arabia (2015-),Saudi Arabia,Jizan,Pro-Houthi forces reportedly attacked - including artillery fire - Saudi forces in Al Lahij village and the Mahawlah centre in Jizan governorate. Saudi soldiers were reported killed. Unknown fatalities coded as 10.,10,2018-Q2
2018-04-14,2018,Explosions/Remote violence,Shelling/artillery/missile attack,Military Forces of Yemen (2017-) Houthi,Military Forces of Saudi Arabia (2015-),Saudi Arabia,Asir,"Pro-Houthi forces claim to have shelled Saudi affiliated soldiers in al-Masila site, Asir. No further info.",0,2018-Q2
2018-04-16,2018,Explosions/Remote violence,Shelling/artillery/missile attack,Military Forces of Yemen (2017-) Houthi,Military Forces of Saudi Arabia (2015-),Saudi Arabia,Jizan,"In Jizan, 2 Saudi affiliated soldiers were reportedly killed by Houthi artillery fire. No further info.",2,2018-Q2
2018-04-17,2018,Explosions/Remote violence,Shelling/artillery/missile attack,Military Forces of Yemen (2017-) Houthi,Military Forces of Saudi Arabia (2015-),Saudi Arabia,Jizan,"In Jizan, pro-Houthi forces claim to have shelled Saudi soldiers in Abu Madh, Namshih and a number of watch towers in Juhfan area. No injuries were reported.",0,2018-Q2
2018-04-15,2018,Explosions/Remote violence,Shelling/artillery/missile attack,Military Forces of Yemen (2017-) Houthi,Military Forces of Saudi Arabia (2015-),Saudi Arabia,Najran,"Pro-Houthi forces fired artillery at Saudi forces in Al Qiyadah, Al 'Alib camp and Al Buqa' desert area off Al Khadra border crossing in Najran governorate. Soldiers were reported injured.",0,2018-Q2
2018-04-16,2018,Battles,Armed clash,Military Forces of Yemen (2017-) Houthi,Military Forces of Saudi Arabia (2015-),Saudi Arabia,Jizan,Pro-Houthi snipers reportedly killed 1 Saudi soldier in Al Haskul and 2 pro-Hadi soldiers in Bajil in Jizan governorate.,3,2018-Q2
2018-04-16,2018,Explosions/Remote violence,Shelling/artillery/missile attack,Military Forces of Yemen (2017-) Houthi,Military Forces of Saudi Arabia (2015-),Saudi Arabia,Najran,"Pro-Houthi forces fired artillery at Saudi positions in Shurfah, Al Makhruq, Al Kabir, Ash Shabakah, 'Alib, Silah areas of Najran governorate and in Al Ajashir desert. Soldiers were reported killed in Silah and Al Ajashir. Unknown fatalities coded as 10 and split across two locations at governorate level and in Al Ajashir.",0,2018-Q2
2018-04-17,2018,Explosions/Remote violence,Shelling/artillery/missile attack,Military Forces of Yemen (2017-) Houthi,Military Forces of Saudi Arabia (2015-),Saudi Arabia,Najran,"In Najran, pro-Houthi forces reportedly shelled Saudi military positions in al-Hamra area, Al Hamad site, and near 'Alib.",0,2018-Q2
2018-04-19,2018,Explosions/Remote violence,Shelling/artillery/missile attack,Military Forces of Yemen (2017-) Houthi,Military Forces of Yemen (2012-2022) Hadi,Saudi Arabia,Najran,"Pro-Houthi forces fired artillery at pro-Hadi forces and allied militias in 'Alib, Al Ajashir desert area and Al Buqa' desert area - off Al Khadra border crossing - in Najran governorate.",0,2018-Q2
2018-04-20,2018,Battles,Armed clash,Military Forces of Yemen (2017-) Houthi,Military Forces of Saudi Arabia (2015-),Saudi Arabia,Jizan,Pro-Houthi snipers reportedly killed 1 Saudi soldier in Al Haskul area of Jizan governorate.,1,2018-Q2
2018-04-24,2018,Explosions/Remote violence,Shelling/artillery/missile attack,Military Forces of Yemen (2017-) Houthi,Military Forces of Saudi Arabia (2015-),Saudi Arabia,Jizan,Pro-Houthi forces fired artillery at Saudi forces in Sila mount and the sites of As Samnah and Al Mustahdath in Jizan governorate. No casualties were reported.,0,2018-Q2
2018-05-03,2018,Battles,Non-state actor overtakes territory,Military Forces of Yemen (2017-) Houthi,Unidentified Military Forces,Saudi Arabia,Najran,Pro-Houthi forces claim to have carried out incursions into positions held by Saudi-affiliated soldiers in Al Tala'a site of Najran governorate and to have killed a number of them. Unknown reported fatalities coded as 10.,10,2018-Q2
2018-05-04,2018,Explosions/Remote violence,Shelling/artillery/missile attack,Military Forces of Yemen (2017-) Houthi,Military Forces of Saudi Arabia (2015-),Saudi Arabia,Jizan,"Pro-Houthi forces claim to have fired artillery at Saudi and Saudi-affiliated forces in Walan compound, Al Madhaf and Al Muhatam sites, and in Al Mizaab camp in Jizan governorate. No casualties were reported.",0,2018-Q2
2018-05-05,2018,Battles,Armed clash,Military Forces of Yemen (2017-) Houthi,Military Forces of Saudi Arabia (2015-),Saudi Arabia,Jizan,Pro-Houthi forces claim to have killed 2 Saudi soldiers in sniper operations in Al Shaykh hills and Al Haskul area in Jizan governorate.,2,2018-Q2
2018-05-10,2018,Explosions/Remote violence,Shelling/artillery/missile attack,Military Forces of Yemen (2017-) Houthi,Military Forces of Saudi Arabia (2015-),Saudi Arabia,Jizan,"In Jizan, Houthi forces fired artillery shells at Saudi soldiers in Khobh, Duhrah, BVC, and Qays. No info on casualties. Report issued in English on the 10 May 2018.",0,2018-Q2
2018-05-11,2018,Explosions/Remote violence,Shelling/artillery/missile attack,Military Forces of Yemen (2017-) Houthi,Military Forces of Saudi Arabia (2015-),Saudi Arabia,Jizan,"Pro-Houthi forces claim to have fired artillery at Saudi and Saudi-affiliated (unidentified in the source) positions in Juhfan mountain area, Al Mahanish, and Al Ayn al Harah in Jizan governorate. No casualties were reported.",0,2018-Q2
2018-05-13,2018,Explosions/Remote violence,Shelling/artillery/missile attack,Military Forces of Yemen (2017-) Houthi,Military Forces of Saudi Arabia (2015-),Saudi Arabia,Jizan,"In Jizan, pro-Houthi forces claim to have destroyed a Saudi military vehicle with artillery fire in MBC mountain area. No casualties were reported.",0,2018-Q2
2018-05-24,2018,Explosions/Remote violence,Shelling/artillery/missile attack,Military Forces of Yemen (2017-) Houthi,Military Forces of Saudi Arabia (2015-),Saudi Arabia,Jizan,"Pro-Houthi forces claim to have fired artillery at Saudi and Saudi-affiliated (unidentified in the source) forces in Jilah military centre, Al Mubakharah and Umm al Qatab areas in southern Saudi Arabia. No casualties were reported.",0,2018-Q2
2018-05-26,2018,Explosions/Remote violence,Shelling/artillery/missile attack,Military Forces of Yemen (2017-) Houthi,Militia (Pro-Government),Saudi Arabia,Najran,"Pro-Houthi forces claim to have fired artillery at Saudi-affiliated forces (unidentified in the source) in Silah site, Al Buqa' desert area off Al Khadra border crossing and behind 'Alib mountain in Najran governorate. Fighters were reported killed near Al Khadra and behind 'Alib. Unknown reported fatalities coded as 10 and split across two locations.",5,2018-Q2
2018-08-21,2018,Battles,Armed clash,Military Forces of Yemen (2017-) Houthi,Military Forces of Saudi Arabia (2015-),Saudi Arabia,Jizan,Houthi forces claim to have shot dead a single Saudi soldier in the Bajil area of Jizan.,1,2018-Q3
2020-03-15,2020,Strategic developments,Arrests,Police Forces of Saudi Arabia (2015-),Civilians (Yemen),Saudi Arabia,Mecca,"Sometime in March 2020, Saudi security forces reportedly arrested the pro-Hadi Deputy Governor of Sanaa governorate in Yemen at the Jeddah international airport in Saudi Arabia before he could leave to MUscat, Oman, after a video of him criticizing the Saudi government allegedly circulated.",0,2020-Q1
2018-08-21,2018,Battles,Armed clash,Military Forces of Yemen (2017-) Houthi,Military Forces of Saudi Arabia (2015-),Saudi Arabia,Jizan,"On 21 August 2018, Houthi forces claimed to have shot dead 1 Saudi soldier in the Bajil area of Jizan region.",1,2018-Q3
2020-08-17,2020,Explosions/Remote violence,Shelling/artillery/missile attack,Military Forces of Yemen (2017-) Houthi,,Saudi Arabia,Jizan,"On 17 August 2020, a Houthi shell reportedly damaged two houses and a vehicle in a Saudi border village in Jazan district (Jizan). There were no injuries or fatalities.",0,2020-Q3
2021-01-17,2021,Explosions/Remote violence,Shelling/artillery/missile attack,Military Forces of Yemen (2017-) Houthi,Civilians (Saudi Arabia),Saudi Arabia,Jizan,"On 17 January 2021, a Houthi shell injured three civilians in a village near the border in Jazan (Jazan). No fatalities reported.",0,2021-Q1
2021-03-01,2021,Explosions/Remote violence,Shelling/artillery/missile attack,Military Forces of Yemen (2017-) Houthi,Civilians (Saudi Arabia),Saudi Arabia,Jizan,"On 1 March 2021, a Houthi military projectile struck a border village in Jizan region (Jizan) injuring 5 civilians, 3 Saudis and 2 Yemenis, as well as damaging stores and civilian vehicles.",0,2021-Q1
2018-05-28,2018,Battles,Armed clash,Military Forces of Yemen (2017-) Houthi,Militia (Pro-Government),Saudi Arabia,Jizan,5 Saudi-affiliated soldiers were reportedly shot dead by Houthi fighters in the Mustahadath area of Jizan.,5,2018-Q2
2018-05-30,2018,Explosions/Remote violence,Shelling/artillery/missile attack,Military Forces of Yemen (2017-) Houthi,Military Forces of Saudi Arabia (2015-),Saudi Arabia,Jizan,"Pro-Houthi forces claim to have fired artillery at Saudi forces in Ash Shaykh hills, Ad Dud mountain and Al Amud site in Jizan governorate. No casualties were reported.",0,2018-Q2
2018-05-30,2018,Explosions/Remote violence,Shelling/artillery/missile attack,Military Forces of Yemen (2017-) Houthi,Military Forces of Saudi Arabia (2015-),Saudi Arabia,Najran,Pro-Houthi forces claim to have fired artillery at Saudi-affiliated forces (unidentified in the source) in Ramliyah hills and 'Alib mountain in Najran governorate. No casualties were reported.,0,2018-Q2
2018-06-02,2018,Explosions/Remote violence,Shelling/artillery/missile attack,Military Forces of Yemen (2017-) Houthi,Military Forces of Saudi Arabia (2015-),Saudi Arabia,Jizan,Pro-Houthi forces claim to have fired artillery at Saudi and Saudi-affiliated (unidentified in the source) forces in Madrasah village in Jizan governorate. No casualties were reported.,0,2018-Q2
2018-11-05,2018,Battles,Armed clash,Military Forces of Yemen (2017-) Houthi,Military Forces of Saudi Arabia (2015-),Saudi Arabia,Jizan,Houthi forces shot and killed two Saudi soldiers with snipers at the Al Marithah military site in Jizan governorate.,2,2018-Q4
2018-06-03,2018,Battles,Armed clash,Military Forces of Yemen (2017-) Houthi,Military Forces of Saudi Arabia (2015-),Saudi Arabia,Jizan,Battles between pro-Houthi forces on one side and Saudi military forces on the other were reported in Azzan mountain area of Jizan border governorate. Two soldiers were reportedly shot dead.,2,2018-Q2
2018-06-09,2018,Battles,Armed clash,Military Forces of Yemen (2017-) Houthi,Military Forces of Saudi Arabia (2015-),Saudi Arabia,Jizan,Pro-Houthi forces claim to have killed 1 Saudi soldier in sniper operations in Bajil area of Jizan governorate.,1,2018-Q2
2018-06-07,2018,Explosions/Remote violence,Shelling/artillery/missile attack,Military Forces of Yemen (2017-) Houthi,Military Forces of Saudi Arabia (2015-),Saudi Arabia,Jizan,Pro-Houthi forces claim to have fired artillery at Saudi forces in Al Amud site and Al Khobh area in Jizan governorate. No casualties were reported.,0,2018-Q2
2018-06-10,2018,Battles,Armed clash,Military Forces of Yemen (2017-) Houthi,Military Forces of Saudi Arabia (2015-),Saudi Arabia,Jizan,"A Saudi soldier was reportedly shot dead by pro-Houthi forces in Bajil site, Jizan.",1,2018-Q2
2018-06-10,2018,Explosions/Remote violence,Shelling/artillery/missile attack,Military Forces of Yemen (2017-) Houthi,Military Forces of Saudi Arabia (2015-),Saudi Arabia,Jizan,Pro-Houthi forces claim to have fired artillery at Saudi soldiers in Al Haskul site in Jizan governorate. No casualties were reported.,0,2018-Q2
2018-06-11,2018,Explosions/Remote violence,Shelling/artillery/missile attack,Military Forces of Yemen (2017-) Houthi,Military Forces of Saudi Arabia (2015-),Saudi Arabia,Jizan,Pro-Houthi forces claim to have fired artillery at Saudi soldiers in Al Mijazi and As Sawdah in Jizan governorate. No casualties were reported.,0,2018-Q2
2018-06-15,2018,Battles,Armed clash,Military Forces of Yemen (2017-) Houthi,Military Forces of Saudi Arabia (2015-),Saudi Arabia,Jizan,Houthi snipers claim to have shot dead 3 Saudi soldiers in the Bajal site of Jizan governorate. U,3,2018-Q2
2018-06-18,2018,Explosions/Remote violence,Shelling/artillery/missile attack,Military Forces of Yemen (2017-) Houthi,Militia (Pro-Government),Saudi Arabia,Jizan,"On 18 June 2018, Houthi forces claim to have 'bombed' a minefield belonging to Saudi-affiliated troops (coded as pro-Hadi forces) in Jizan province. The source claimed that 'dozens' were killed and injured. Unclear fatalities coded as 6 (half of 12).",6,2018-Q2
2018-06-19,2018,Battles,Armed clash,Military Forces of Yemen (2017-) Houthi,Militia (Pro-Government),Saudi Arabia,Najran,"Houthi fighters reportedly attacked Saudi-affiliated soldiers in the Khadra crossing area of Najran and Al Asaker hill in Alib mountain area. According to reports, 'tens' were killed and wounded in Al Asaker (fatalities coded as 5) and an unspecified number of fighters were killed in Al Khadra (unknown fatalities coded as 10).",5,2018-Q2
2018-06-16,2018,Explosions/Remote violence,Shelling/artillery/missile attack,Military Forces of Yemen (2017-) Houthi,Military Forces of Saudi Arabia (2015-),Saudi Arabia,Jizan,Pro-Houthi forces claim to have fired artillery at Saudi soldiers in the site of Al Khaqaqat in Jizan governorate. No casualties were reported.,0,2018-Q2
2018-06-24,2018,Battles,Armed clash,Military Forces of Yemen (2017-) Houthi,Militia (Pro-Government),Saudi Arabia,Jizan,"Houthi snipers reportedly shot dead one Saudi-affiliated soldier in the Nao'aman site, Jizan.",1,2018-Q2
2018-06-25,2018,Battles,Armed clash,Military Forces of Yemen (2017-) Houthi,Militia (Pro-Government),Saudi Arabia,Jizan,Pro-Houthi forces claimed to have killed 2 Saudi-affiliated fighters in sniper operations in Bajil site in Jizan governorate. Fatalities split between 2 events.,2,2018-Q2
2018-06-28,2018,Explosions/Remote violence,Shelling/artillery/missile attack,Military Forces of Yemen (2017-) Houthi,Militia (Pro-Government),Saudi Arabia,Jizan,"Pro-Houthi forces claimed to have fired artillery at pro-Hadi forces and allied militias in the northern desert area of Midi in northwestern Yemen, and at Saudi-affiliated forces on the other side of the border. Unknown reported fatalities coded as 10 and spread across two countries.",5,2018-Q2
2018-07-05,2018,Battles,Armed clash,Military Forces of Yemen (2017-) Houthi,Militia (Pro-Government),Saudi Arabia,Najran,Pro-Houthi forces reportedly attacked and killed a number of Saudi-affiliated forces in Alib mountain area in Najran governorate. Unknown reported fatalities coded as 10.,10,2018-Q3
2018-07-16,2018,Explosions/Remote violence,Shelling/artillery/missile attack,Military Forces of Yemen (2017-) Houthi,Military Forces of Saudi Arabia (2015-),Saudi Arabia,Jizan,Pro-Houthi forces claimed to have fired artillery at gatherings of Saudi soldiers in Al Ma'ridah centre in Jizan governorate. No casualties were reported.,0,2018-Q3
2018-07-17,2018,Explosions/Remote violence,Shelling/artillery/missile attack,Military Forces of Yemen (2017-) Houthi,Military Forces of Saudi Arabia (2015-),Saudi Arabia,Jizan,Pro-Houthi forces claimed to have shelled groups of Saudi soldiers in As Sawdah site of Jizan governorate. No casualties were reported.,0,2018-Q3
2018-07-18,2018,Battles,Armed clash,Military Forces of Yemen (2017-) Houthi,Military Forces of Saudi Arabia (2015-),Saudi Arabia,Jizan,Pro-Houthi forces claimed to have attacked and killed a number of Saudi soldiers in Al Ma'ridah centre in Jizan governorate. Unknown reported fatalities coded as 10.,10,2018-Q3
2018-07-19,2018,Explosions/Remote violence,Shelling/artillery/missile attack,Military Forces of Yemen (2017-) Houthi,Militia (Pro-Government),Saudi Arabia,Najran,"Pro-Houthi forces claimed to have fired artillery at Saudi-affiliated forces in Alib mountain area, Al Awadi, the Adyaq area of Al Ajashir desert, and off Al Khadra border crossing in Najran governorate. No casualties were reported.",0,2018-Q3
2018-07-23,2018,Battles,Armed clash,Military Forces of Yemen (2017-) Houthi,Militia (Pro-Government),Saudi Arabia,Jizan,Pro-Houthi forces claimed to have killed 2 Saudi-affiliated fighters in sniper operations in Bajil and Mash'al areas of Jizan governorate.,2,2018-Q3
2018-07-23,2018,Battles,Armed clash,Military Forces of Yemen (2017-) Houthi,Militia (Pro-Government),Saudi Arabia,Najran,Pro-Houthi forces claimed to have killed 1 Saudi-affiliated fighter in sniper operations in Al Alib mountain in Najran governorate.,1,2018-Q3
2018-07-24,2018,Battles,Non-state actor overtakes territory,Military Forces of Yemen (2017-) Houthi,Military Forces of Saudi Arabia (2015-),Saudi Arabia,Jizan,"Pro-Houthi forces claimed to have taken control of Mash'al mountain, and to have subsequently killed and injured 'dozens' of Saudi and Saudi-affiliated fighters, in Jizan governorate. Fatalities coded as 6.",6,2018-Q3
2018-07-26,2018,Explosions/Remote violence,Shelling/artillery/missile attack,Military Forces of Yemen (2017-) Houthi,Militia (Pro-Government),Saudi Arabia,Najran,"On 26 July 2018, Pro-Houthi forces reportedly shelled Saudi-affiliated soldiers in At Tala'ah and Ash Shabakah sites as well as in Jibal Aleeb in Najran.",0,2018-Q3
2018-07-29,2018,Battles,Armed clash,Military Forces of Yemen (2017-) Houthi,Military Forces of Saudi Arabia (2015-),Saudi Arabia,Jizan,Pro-Houthi fighters claim to have killed 4 Saudi soldiers and captured 2 others during military operations targeting the Mash'al military base in Jizan.,4,2018-Q3
2018-07-29,2018,Explosions/Remote violence,Shelling/artillery/missile attack,Military Forces of Yemen (2017-) Houthi,Militia (Pro-Government),Saudi Arabia,Najran,"Pro-Houthi forces claimed to have fired artillery at Saudi-affiliated forces behind and west of Alib mountain area, and off Al Khadra border crossing in Najran governorate. No casualties were reported.",0,2018-Q3
2018-07-31,2018,Explosions/Remote violence,Shelling/artillery/missile attack,Military Forces of Yemen (2017-) Houthi,,Saudi Arabia,Jizan,"A Houthi-fired artillery shell reportedly damaged a house in the border city of Al-Mahanish in Jizan on Tuesday, 31 July 2018. No injuries were reported.",0,2018-Q3
2018-08-02,2018,Explosions/Remote violence,Shelling/artillery/missile attack,Military Forces of Yemen (2017-) Houthi,Military Forces of Saudi Arabia (2015-),Saudi Arabia,Jizan,Pro-Houthi forces claimed to have shelled Saudi and Saudi-affiliated forces in Thahil al Jamal area of the Qays mountain and in the Masha'al mountain of Jizan governorate. No casualties were reported.,0,2018-Q3
2018-08-04,2018,Explosions/Remote violence,Shelling/artillery/missile attack,Military Forces of Yemen (2017-) Houthi,Militia (Pro-Government),Saudi Arabia,Najran,"Pro-Houthi forces claimed to have fired artillery at Saudi-affiliated forces in Najran governorate: in Al Qiyadah hill, off Shabakah area in Al Khadra border crossing, and in Alib mountain area. Injuries were reported but no fatalities.",0,2018-Q3
2018-08-05,2018,Battles,Armed clash,Military Forces of Yemen (2017-) Houthi,Military Forces of Saudi Arabia (2015-),Saudi Arabia,Jizan,Pro-Houthi forces claimed to have killed 1 Saudi soldier in sniper operations in the Bajil site of Jizan governorate.,1,2018-Q3
2018-08-06,2018,Battles,Armed clash,Military Forces of Yemen (2017-) Houthi,Military Forces of Saudi Arabia (2015-),Saudi Arabia,Jizan,Pro-Houthi forces claimed to have killed 3 Saudi soldiers in sniper operations in the Masha'al military site in Jizan governorate.,3,2018-Q3
2018-08-07,2018,Explosions/Remote violence,Shelling/artillery/missile attack,Military Forces of Yemen (2017-) Houthi,Militia (Pro-Government),Saudi Arabia,Najran,Pro-Houthi forces claimed to have fired artillery at Saudi-affiliated forces behind Alib mountain area and off Al Khadra border crossing in Najran governorate. No casualties were reported.,0,2018-Q3
2018-08-12,2018,Explosions/Remote violence,Shelling/artillery/missile attack,Military Forces of Yemen (2017-) Houthi,Military Forces of Saudi Arabia (2015-),Saudi Arabia,Jizan,Pro-Houthi forces claimed to have fired artillery at Saudi and Saudi-affiliated forces in the Masha'al and Sawdah sites of Jizan governorate. No casualties were reported.,0,2018-Q3
2018-08-13,2018,Battles,Armed clash,Military Forces of Yemen (2017-) Houthi,Military Forces of Saudi Arabia (2015-),Saudi Arabia,Jizan,Pro-Houthi forces claimed to have killed 1 Saudi soldier in the Masha'al site of Jizan governorate.,1,2018-Q3
2018-08-15,2018,Battles,Armed clash,Military Forces of Yemen (2017-) Houthi,Militia (Pro-Government),Saudi Arabia,Najran,"Pro-Houthi forces claimed to have attacked, and subsequently killed, a number of Saudi-affiliated fighters off Alib mountain area in Najran governorate. Unknown reported fatalities coded as 10.",10,2018-Q3
2018-08-16,2018,Explosions/Remote violence,Shelling/artillery/missile attack,Military Forces of Yemen (2017-) Houthi,Military Forces of Saudi Arabia (2015-),Saudi Arabia,Jizan,Pro-Houthi forces claimed to have shelled Saudi forces in the camp of the mountains of 'Aqabah and in the Sawdah site in Jizan governorate. No casualties were reported.,0,2018-Q3
2018-08-20,2018,Battles,Armed clash,Military Forces of Yemen (2017-) Houthi,Militia (Pro-Government),Saudi Arabia,Jizan,"In Jizan, pro-Houthi forces claim to have attacked and subsequently killed, a number of Saudi-affiliated soldiers in the Jamarik area. Unknown fatalities coded as 10.",10,2018-Q3
2018-08-22,2018,Battles,Armed clash,Military Forces of Yemen (2017-) Houthi,Military Forces of Sudan (1989-2019) Rapid Support Forces,Saudi Arabia,Jizan,"Pro-Houthi forces claim to have killed one Saudi-affiliated soldier during sniper operations in Mashaal camp of Jizan on 22 August 2018. Yemen News Agency later reported that clashes in the Mashal area on the 22 of August resulted in 'dozens' dead and injured among the Sudanese soldiers, adding that two drones had also been shot down during the battles. Fatalities coded as 6.",6,2018-Q3
2018-08-23,2018,Battles,Armed clash,Military Forces of Yemen (2017-) Houthi,Military Forces of Sudan (1989-2019) Rapid Support Forces,Saudi Arabia,Jizan,Pro-Houthi forces claim to have shot dead 2 Sudanese soldiers in the Mashal area of Jizan during sniper operations. Shelling also allegedly targeted additional soldiers in the area.,2,2018-Q3
2018-08-30,2018,Explosions/Remote violence,Shelling/artillery/missile attack,Military Forces of Yemen (2017-) Houthi,Military Forces of Saudi Arabia (2015-),Saudi Arabia,Jizan,Pro-Houthi forces claimed to have fired artillery at Saudi forces in the Masha'al site of Jizan governorate. No casualties were reported.,0,2018-Q3
2018-08-31,2018,Explosions/Remote violence,Shelling/artillery/missile attack,Military Forces of Yemen (2017-) Houthi,Military Forces of Saudi Arabia (2015-),Saudi Arabia,Jizan,Pro-Houthi forces claimed to have fired artillery at Saudi forces in the sites of As Samnah and Al Jimayim in Jizan governorate. Injuries were reported but no fatalities.,0,2018-Q3
2018-09-01,2018,Explosions/Remote violence,Shelling/artillery/missile attack,Military Forces of Yemen (2017-) Houthi,Military Forces of Saudi Arabia (2015-),Saudi Arabia,Jizan,"On 1 September 2018, pro-Houthi forces claimed to have shelled a Saudi warship off the Coast of Jizan governorate, leaving a number of Saudi soldiers injured. No fatalities reported. Houthi forces claimed that this was retaliation for the targeting of Yemeni fishermen.",0,2018-Q3
2018-09-02,2018,Battles,Armed clash,Military Forces of Yemen (2017-) Houthi,Military Forces of Saudi Arabia (2015-),Saudi Arabia,Jizan,"On 4 September 2018, pro-Houthi forces claimed to have killed 5 Saudi soldiers and 10 Saudi-affiliated fighters in sniper operations in different areas of Jizan governorate 'over the last few days'. 15 fatalities coded and spread across three dates.",5,2018-Q3
2018-09-03,2018,Explosions/Remote violence,Shelling/artillery/missile attack,Military Forces of Yemen (2017-) Houthi,Military Forces of Saudi Arabia (2015-),Saudi Arabia,Jizan,Pro-Houthi forces claimed to have fired artillery at Saudi forces in the Masha'al site of Jizan governorate. No casualties were reported.,0,2018-Q3
2018-09-03,2018,Battles,Armed clash,Military Forces of Yemen (2017-) Houthi,Military Forces of Saudi Arabia (2015-),Saudi Arabia,Jizan,"On 4 September 2018, pro-Houthi forces claimed to have killed 5 Saudi soldiers and 10 Saudi-affiliated fighters in sniper operations in different areas of Jizan governorate 'over the last few days'. 15 fatalities coded and spread across three dates.",5,2018-Q3
2018-09-07,2018,Explosions/Remote violence,Shelling/artillery/missile attack,Military Forces of Yemen (2017-) Houthi,Military Forces of Saudi Arabia (2015-),Saudi Arabia,Jizan,"Pro-Houthi forces claimed to have fired artillery at Saudi and Saudi-affiliated forces in the MBC mount area, the Dud mountain, and As Sawdah area in Jizan governorate. Injuries were reported but no fatalities.",0,2018-Q3
2018-09-21,2018,Explosions/Remote violence,Shelling/artillery/missile attack,Military Forces of Yemen (2017-) Houthi,,Saudi Arabia,Jizan,Pro-Houthi forces claimed to have fired artillery at the Mahawlah centre of Jizan governorate. No casualties were reported.,0,2018-Q3
2018-09-22,2018,Battles,Armed clash,Military Forces of Yemen (2017-) Houthi,Militia (Pro-Government),Saudi Arabia,Najran,Pro-Houthi forces claimed to have attacked and killed a number of Saudi-affiliated fighters toward the 'Alib mountain area of Najran governorate. Unknown reported fatalities coded as 10.,10,2018-Q3
2018-09-23,2018,Explosions/Remote violence,Shelling/artillery/missile attack,Military Forces of Yemen (2017-) Houthi,Military Forces of Saudi Arabia (2015-),Saudi Arabia,Jizan,Pro-Houthi forces claimed to have fired artillery at Saudi forces in the Sawdah site of Jizan governorate. No casualties were reported.,0,2018-Q3
2018-09-23,2018,Explosions/Remote violence,Remote explosive/landmine/IED,Military Forces of Yemen (2017-) Houthi,Military Forces of Saudi Arabia (2015-),Saudi Arabia,Jizan,Pro-Houthi forces reportedly blew up a Saudi army vehicle in Jizan province with an IED. Unknown casualties coded as 10.,10,2018-Q3
2018-09-25,2018,Explosions/Remote violence,Shelling/artillery/missile attack,Military Forces of Yemen (2017-) Houthi,Militia (Pro-Government),Saudi Arabia,Jizan,"Pro-Houthi forces claimed to have fired artillery at Saudi and Saudi-affiliated forces in the Salbah site, and east and south of the Dud mountain in Jizan governorate. No casualties were reported.",0,2018-Q3
2018-09-27,2018,Battles,Armed clash,Military Forces of Yemen (2017-) Houthi,Military Forces of Saudi Arabia (2015-),Saudi Arabia,Jizan,"Pro-Houthi forces claimed to have killed 1 Saudi soldier in a sniper operation at the Ma'aridah site of Jizan governorate, and to have destroyed a Saudi military vehicle, killing its crew, with a method that is left unclear by the source in the Shajrah area of Jizan governorate. Unknown reported fatalities coded as 10. Total fatalities coded as 11.",11,2018-Q3
2018-09-30,2018,Explosions/Remote violence,Shelling/artillery/missile attack,Military Forces of Yemen (2017-) Houthi,Militia (Pro-Government),Saudi Arabia,Jizan,"Houthi forces shelled anti-Houthi Saudi-affiliated groups in the al Amoud area in Jizan Governorate, Saudi Arabia.",0,2018-Q3
2018-10-11,2018,Explosions/Remote violence,Shelling/artillery/missile attack,Military Forces of Yemen (2017-) Houthi,Military Forces of Saudi Arabia (2015-),Saudi Arabia,Jizan,Pro-Houthi forces claimed to have fired artillery at Saudi forces in the Masha'al site of Jizan governorate. No casualties were reported.,0,2018-Q4
2018-10-13,2018,Battles,Non-state actor overtakes territory,Military Forces of Yemen (2017-) Houthi,Military Forces of Saudi Arabia (2015-),Saudi Arabia,Jizan,Pro-Houthi forces reportedly attacked and took control of Saudi sites in Jizan governorate. No casualties were reported.,0,2018-Q4
2018-10-10,2018,Explosions/Remote violence,Shelling/artillery/missile attack,Military Forces of Yemen (2017-) Houthi,Military Forces of Saudi Arabia (2015-),Saudi Arabia,Jizan,Pro-Houthi forces claimed to have fired artillery at a military vehicle in the Sawdah site of Jizan governorate. No casualties were reported but the vehicle was allegedly damaged.,0,2018-Q4
2018-10-15,2018,Battles,Armed clash,Military Forces of Yemen (2017-) Houthi,Military Forces of Saudi Arabia (2015-),Saudi Arabia,Jizan,"Pro-Houthi forces claimed to have killed 3 Saudi soldiers in sniper operations in the Batul hill, Masha'al and Al 'Amud areas of Jizan governorate.",3,2018-Q4
2018-10-17,2018,Battles,Armed clash,Military Forces of Yemen (2017-) Houthi,Militia (Pro-Government),Saudi Arabia,Asir,"Al-Houthi snipers reportedly shot dead three Saudi-affiliated soldiers in the Thaher al-Gamal site, Asir.",3,2018-Q4
2018-10-18,2018,Battles,Armed clash,Military Forces of Yemen (2017-) Houthi,Military Forces of Saudi Arabia (2015-),Saudi Arabia,Jizan,"Pro-Houthi forces claimed to have attacked and killed a number of Saudi soldiers in the Masha'al site of Jizan governorate, destroying two military vehicles. Unknown reported fatalities coded as 10.",10,2018-Q4
2018-10-27,2018,Battles,Armed clash,Military Forces of Yemen (2017-) Houthi,Militia (Pro-Government),Saudi Arabia,Jizan,"Houthi forces attacked positions of Saudi soldiers and Saudi-affilliated anti-Houthi groups in Jizan governorate, including Ar Ruqa'ah military site. The battle resulted in a number deaths and injuries as well as the destruction of two military vehicles and the tower of Ar Ruqa'ah military site. Unknown fatalities coded as 10.",10,2018-Q4
2018-10-31,2018,Explosions/Remote violence,Shelling/artillery/missile attack,Military Forces of Yemen (2017-) Houthi,Military Forces of Saudi Arabia (2015-),Saudi Arabia,Jizan,"Houthi forces shelled Saudi military forces in Hassakul and Hida military camps in Jizan governorate, Saudi Arabia. No casualties were reported.",0,2018-Q4
2018-11-02,2018,Battles,Armed clash,Military Forces of Yemen (2017-) Houthi,Military Forces of Saudi Arabia (2015-),Saudi Arabia,Jizan,"Houthi fighters attacked Saudi soldiers in the Tabbah Al-Nasuur border post, claiming to have 'killed and injured' a number of them. Unknown fatalities coded as 10.",10,2018-Q4
2018-11-09,2018,Battles,Armed clash,Military Forces of Yemen (2017-) Houthi,Military Forces of Saudi Arabia (2015-),Saudi Arabia,Jizan,"Houthi fighters reportedly carried out an attack against Saudi soldiers in the city of Sufi, in Jizan, leading to the death and injury of a number of Saudi soldiers. Unknown fatalities coded as 10. They also shot dead two more soldiers with a sniper in Raqabat Halq.",12,2018-Q4
2018-11-13,2018,Explosions/Remote violence,Shelling/artillery/missile attack,Military Forces of Yemen (2017-) Houthi,Military Forces of Saudi Arabia (2015-),Saudi Arabia,Jizan,Houthi forces shelled Saudi soldiers and Saudi-affiliated anti-Houthi fighters west of Attyal in Jizan governorate. No casualties were reported.,0,2018-Q4
2018-11-19,2018,Explosions/Remote violence,Shelling/artillery/missile attack,Military Forces of Yemen (2017-) Houthi,Military Forces of Saudi Arabia (2015-),Saudi Arabia,Jizan,"Houthi forces shelled Saudi soldiers in Bawabat Al-Hutahyrah in Jizan governorate, killing and injuring a number of soldiers and destroying a military vehicle. Unknown fatalities coded as 10.",10,2018-Q4
2018-12-05,2018,Explosions/Remote violence,Shelling/artillery/missile attack,Military Forces of Yemen (2017-) Houthi,Military Forces of Saudi Arabia (2015-),Saudi Arabia,Jizan,"Houthi forces targeted Saudi soldiers and affiliates in the Mashghl mountain with artillery fire, reporting injuries. No fatalities were specified by the source.",0,2018-Q4
2018-12-25,2018,Explosions/Remote violence,Remote explosive/landmine/IED,Military Forces of Yemen (2017-) Houthi,Military Forces of Saudi Arabia (2015-),Saudi Arabia,Jizan,"A Saudi military vehicle was reportedly damaged by the explosion of an IED planted by pro-Houthi forces in Jizan governorate, with no report of casualties.",0,2018-Q4
2018-12-27,2018,Battles,Armed clash,Military Forces of Yemen (2017-) Houthi,Military Forces of Saudi Arabia (2015-),Saudi Arabia,Jizan,Houthi forces claim to have shot and killed 2 Saudi soldiers during sniper operations in Jahfan mountain of Jizan province on December 27.,2,2018-Q4
2019-01-14,2019,Explosions/Remote violence,Shelling/artillery/missile attack,Military Forces of Yemen (2017-) Houthi,Military Forces of Saudi Arabia (2015-),Saudi Arabia,Jizan,"Pro-Houthi forces claimed to have fired artillery at Saudi and Saudi-affiliated forces in Al-'Abbarah area and off Qays mountain in Jizan governorate, with no report of casualties.",0,2019-Q1
2019-01-15,2019,Explosions/Remote violence,Remote explosive/landmine/IED,Military Forces of Yemen (2017-) Houthi,Military Forces of Saudi Arabia (2015-),Saudi Arabia,Jizan,An IED planted by Houthis exploded destroying Saudi Military vehicle in an area located within Jizan province.,0,2019-Q1
2019-01-18,2019,Explosions/Remote violence,Shelling/artillery/missile attack,Military Forces of Yemen (2017-) Houthi,Military Forces of Saudi Arabia (2015-),Saudi Arabia,Jizan,"Either on 17 or 18 January, pro-Houthi forces fired artillery at gatherings of Saudi troops in Jilah centre of Jizan province, southern Saudi Arabia, causing injuries. Also the shelling caused damages to military vehicles in Al Farida, same province.",0,2019-Q1
2019-01-25,2019,Battles,Armed clash,Military Forces of Yemen (2017-) Houthi,Military Forces of Saudi Arabia (2015-),Saudi Arabia,Jizan,Pro-Houthi forces claimed to have killed fiver Saudi soldiers in sniper operations in Masha'al and Al-Faridah sites of Jizan governorate. Fatalities spread across two locations (at governorate level for Masha'al and at Al-Harth district level for Al-Faridah).,3,2019-Q1
2019-01-28,2019,Explosions/Remote violence,Shelling/artillery/missile attack,Military Forces of Yemen (2017-) Houthi,Military Forces of Saudi Arabia (2015-),Saudi Arabia,Jizan,"Pro-Houthi forces claimed to have damaged a Saudi military vehicle with artillery shelling in Ma'ridah site of Jizan governorate, with no report of casualties.",0,2019-Q1
2019-02-04,2019,Battles,Armed clash,Military Forces of Yemen (2017-) Houthi,Military Forces of Saudi Arabia (2015-),Saudi Arabia,Jizan,Pro-Houthi forces claimed to have killed a Saudi soldier in sniper operations in Masha'al site of Jizan governorate.,1,2019-Q1
2019-02-08,2019,Battles,Armed clash,Military Forces of Yemen (2017-) Houthi,Military Forces of Saudi Arabia (2015-),Saudi Arabia,Jizan,"On 8 February 2019, pro-Houthi snipers reportedly shot 2 Saudi soldiers in Tibat Al Hamrah area of Jizan province, southern Saudi Arabia, with no fatalities reported.",0,2019-Q1
2019-02-16,2019,Battles,Armed clash,Military Forces of Yemen (2017-) Houthi,Militia (Pro-Government),Saudi Arabia,Jizan,"Pro-Houthi forces claimed to have thwarted an attack of Saudi-affiliated forces toward Al-Ksarah area in Jizan governorate, killing and injuring a number of fighters. Unknown reported fatalities coded as 10.",10,2019-Q1
2019-02-17,2019,Battles,Armed clash,Military Forces of Yemen (2017-) Houthi,Military Forces of Saudi Arabia (2015-),Saudi Arabia,Jizan,Pro-Houthi forces claimed to have killed a Saudi soldier in sniper operations in Masha'al site of Jizan governorate.,1,2019-Q1
2019-02-20,2019,Explosions/Remote violence,Shelling/artillery/missile attack,Military Forces of Yemen (2017-) Houthi,Militia (Pro-Government),Saudi Arabia,Jizan,"Pro-Houthi forces claimed to have fired artillery at Saudi-affiliated forces in Al-Haskul site of Jizan governorate, with no report of casualties.",0,2019-Q1
2019-03-23,2019,Battles,Armed clash,Military Forces of Yemen (2017-) Houthi,Militia (Pro-Government),Saudi Arabia,Asir,"On 23 March 2019, pro-Houthi snipers reportedly shot dead 23 anti-Houthi elements, including 1 Saudi soldier, on the Jizan and Asir front lines, southern Saudi Arabia. Fatalities split up between 2 events.",11,2019-Q1
2019-03-23,2019,Battles,Armed clash,Military Forces of Yemen (2017-) Houthi,Militia (Pro-Government),Saudi Arabia,Jizan,"On 23 March 2019, pro-Houthi snipers reportedly shot dead 23 anti-Houthi elements, including 1 Saudi soldier, on the Jizan and Asir front lines, southern Saudi Arabia. Fatalities split up between 2 events.",12,2019-Q1
2019-03-24,2019,Battles,Armed clash,Military Forces of Yemen (2017-) Houthi,Military Forces of Saudi Arabia (2015-),Saudi Arabia,Jizan,Houthi forces claim to killed a Saudi soldier during sniping operations in Masha'al area of Jizan.,1,2019-Q1
2019-03-28,2019,Battles,Armed clash,Military Forces of Yemen (2017-) Houthi,Military Forces of Saudi Arabia (2015-),Saudi Arabia,Asir,"On 28 March 2019, pro-Houthi snipers reportedly killed and injured 34 anti-Houthi elements, including 6 Saudi soldiers, in Najran, Jizan and Asir provinces, southern Saudi Arabia. Fatalities and injuries coded as 17 (half of 34) and split up between 3 events.",5,2019-Q1
2019-03-28,2019,Battles,Armed clash,Military Forces of Yemen (2017-) Houthi,Military Forces of Saudi Arabia (2015-),Saudi Arabia,Jizan,"On 28 March 2019, pro-Houthi snipers reportedly killed and injured 34 anti-Houthi elements, including 6 Saudi soldiers, in Najran, Jizan and Asir provinces, southern Saudi Arabia. Fatalities and injuries coded as 17 (half of 34) and split up between 3 events.",6,2019-Q1
2019-03-28,2019,Explosions/Remote violence,Shelling/artillery/missile attack,Military Forces of Yemen (2017-) Houthi,Militia (Pro-Government),Saudi Arabia,Jizan,"On 28 March 2019, pro-Houthi forces reportedly fired artillery at a Saudi-affiliated military bulldozer in Mashal area of Jizan province, southern Saudi Arabia, damaging it. No fatalities nor injuries reported.",0,2019-Q1
2019-04-04,2019,Explosions/Remote violence,Shelling/artillery/missile attack,Military Forces of Yemen (2017-) Houthi,Militia (Pro-Government),Saudi Arabia,Jizan,"On 4 April 2019, pro-Houthi snipers reportedly injured and killed 30 Saudi-affiliated elements on the Jizan and Najran front lines, southern Saudi Arabia. Also, pro-Houthi forces reportedly targeted a Saudi-affiliated military vehicle in Al Maridhah area of the same province. Fatalities and injuries coded as 15 (half of 30) and split up between 2 events.",8,2019-Q2
2019-04-05,2019,Explosions/Remote violence,Shelling/artillery/missile attack,Military Forces of Yemen (2017-) Houthi,Militia (Pro-Government),Saudi Arabia,Jizan,"On 5 April 2019, pro-Houthi forces reportedly shelled and damaged a Saudi-affiliated military vehicle in Al Maridhah area of Jizan province, southern Saudi Arabia, killing the passengers. Unknown number of fatalities and injuries coded as 10.",10,2019-Q2
2019-04-06,2019,Battles,Armed clash,Military Forces of Yemen (2017-) Houthi,Military Forces of Saudi Arabia (2015-),Saudi Arabia,Jizan,"On 6 April 2019, pro-Houthi snipers reportedly shot dead a Saudi soldier in Al Faridhah area of Jizan province, southern Saudi Arabia.",1,2019-Q2
2019-04-08,2019,Explosions/Remote violence,Shelling/artillery/missile attack,Military Forces of Yemen (2017-) Houthi,Militia (Pro-Government),Saudi Arabia,Jizan,"On 8 April 2019, pro-Houthi forces claimed to have destroyed three military vehicles belonging to Saudi-affiliated forces with a method that is left unclear by the source in Al-Ma'ridah area of Jizan governorate, with no report of fatalities nor injuries. Previous reports with similar language suggest the use of artillery.",0,2019-Q2
2019-04-09,2019,Explosions/Remote violence,Remote explosive/landmine/IED,Military Forces of Yemen (2017-) Houthi,Military Forces of Saudi Arabia (2015-),Saudi Arabia,Jizan,"On 9 April 2019, pro-Houthi forces claimed to have killed a Saudi soldier and injured others with an explosive device in Wa'aylah area of Jizan governorate.",1,2019-Q2
2019-04-15,2019,Explosions/Remote violence,Shelling/artillery/missile attack,Military Forces of Yemen (2017-) Houthi,Militia (Pro-Government),Saudi Arabia,Jizan,"On 15 April 2019, pro-Houthi forces claimed to have fired artillery at Saudi-affiliated forces in Al-Mashriq area of Jizan governorate, with no report of fatalities nor injuries.",0,2019-Q2
2019-04-26,2019,Battles,Armed clash,Military Forces of Yemen (2017-) Houthi,Military Forces of Saudi Arabia (2015-),Saudi Arabia,Jizan,"On 26 April 2019, pro-Houthi snipers reportedly shot dead a Saudi soldier in Al Faridhah area of Jizan province, southern Saudi Arabia.",1,2019-Q2
2019-05-06,2019,Explosions/Remote violence,Shelling/artillery/missile attack,Military Forces of Yemen (2017-) Houthi,Military Forces of Saudi Arabia (2015-),Saudi Arabia,Jizan,"On 6 May 2019, pro-Houthi forces claimed to have fired artillery at Saudi forces in Al-Mashriq area of Jizan governorate, injuring a number of soldiers.",0,2019-Q2
2019-05-11,2019,Battles,Armed clash,Military Forces of Yemen (2017-) Houthi,Militia (Pro-Government),Saudi Arabia,Jizan,"On 11 May 2019, pro-Houthi snipers reportedly shot dead 16 Saudi-affiliated elements in Najran and Jizan provinces, southern Saudi Arabia. 16 fatalities split between 2 locations.",8,2019-Q2
2019-05-21,2019,Explosions/Remote violence,Shelling/artillery/missile attack,Military Forces of Yemen (2017-) Houthi,Military Forces of Saudi Arabia (2015-),Saudi Arabia,Jizan,"On 21 May 2019, pro-Houthi forces claimed to have fired artillery at Saudi forces in Al-Muqrin site of Jizan governorate, injuring a number of soldiers.",0,2019-Q2
2019-05-24,2019,Explosions/Remote violence,Shelling/artillery/missile attack,Military Forces of Yemen (2017-) Houthi,Military Forces of Saudi Arabia (2015-),Saudi Arabia,Jizan,"On 24 May 2019, pro-Houthi forces reportedly fired artillery at Saudi groups in Mashal area of Jizan province, southern Saudi Arabia, killing and injuring several of them. Unknown number of fatalities and injuries coded as 10.",10,2019-Q2
2019-06-11,2019,Battles,Armed clash,Military Forces of Yemen (2017-) Houthi,Militia (Pro-Government),Saudi Arabia,Jizan,"On 11 June 2019, pro-Houthi forces claimed to have killed and injured 13 Saudi-affiliated fighters and 2 Saudi soldiers with sniper fire in Jizan and Najran governorates; fatalities coded as 7 and spread across two locations.",3,2019-Q2
2019-06-13,2019,Battles,Armed clash,Military Forces of Yemen (2017-) Houthi,Militia (Pro-Government),Saudi Arabia,Jizan,"On 13 June 2019, pro-Houthi forces ambushed Saudi-affiliated forces near the Twailiq mountain in Jizan governorate, killing and injuring several soldiers. Also, pro-Houthi snipers shot dead and injured 13 Saudi-affiliated forces, including a Saudi soldier, in Jizan and Najran governorates. Unknown fatalities coded as 10 plus 13 fatalities and injuries coded as 6 and split up between 2 locations.",13,2019-Q2
2019-06-20,2019,Explosions/Remote violence,Remote explosive/landmine/IED,Military Forces of Yemen (2017-) Houthi,Militia (Pro-Government),Saudi Arabia,Asir,"On 20 June 2019, a Houthi-planted IED reportedly detonated on the Asir frontline, southern Saudi Arabia, damaging an armored military vehicle carrying caliber 23 machine guns and killing and injuring several Saudi-affiliated elements. Unknown number of fatalities and injuries coded as 10.",10,2019-Q2
2019-06-20,2019,Battles,Armed clash,Military Forces of Yemen (2017-) Houthi,Militia (Pro-Government),Saudi Arabia,Jizan,"On 20 June 2019, pro-Houthi snipers reportedly shot dead several Saudi-affiliated elements in Jizan province, southern Saudi Arabia. Unknown number of fatalities coded as 10.",10,2019-Q2
2019-07-04,2019,Battles,Armed clash,Military Forces of Yemen (2017-) Houthi,Militia (Pro-Government),Saudi Arabia,Jizan,"On 4 July 2019, pro-Houthi forces reportedly attacked Saudi-affiliated troops in Mashal mountain of Jizan frontline, southern Saudi Arabia, killing and injuring dozens of Saudi-affiliated elements. Dozens of fatalities and injuries coded as 6.",6,2019-Q3
2019-07-05,2019,Battles,Armed clash,Military Forces of Yemen (2017-) Houthi,Militia (Pro-Government),Saudi Arabia,Jizan,"On 5 July 2019, pro-Houthi snipers reportedly targeted Saudi-affiliated groups on various frontlines in Jizan and Najran, southern Saudi Arabia, killing and injuring more than 21 soldiers, including Saudi ones. Fatalities and injuries coded as 10 (half of 21 rounded down) and split up between 2 events.",5,2019-Q3
2019-07-05,2019,Battles,Armed clash,Military Forces of Yemen (2017-) Houthi,Militia (Pro-Government),Saudi Arabia,Najran,"On 5 July 2019, pro-Houthi forces reportedly thwarted a Saudi-affiliated troops' incursion backed by aircrafts and Apache helicopters in Al Kassarah area of Najran province, southern Saudi Arabia, killing and injuring several Saudi-affiliated elements. Unknown number of fatalities and injuries coded as 10.",10,2019-Q3
2019-08-24,2019,Battles,Armed clash,Military Forces of Yemen (2017-) Houthi,Militia (Pro-Government),Saudi Arabia,Najran,"On 24 August 2019, pro-Houthi forces reportedly thwarted a Saudi-affiliated troops' incursion in Al Kassarah area of Najran province, southern Saudi Arabia, killing and injuring several Saudi-affiliated elements. Unknown number of fatalities and injuries coded as 10.",10,2019-Q3
2019-09-27,2019,Strategic developments,Agreement,Military Forces of Saudi Arabia (2015-),Military Forces of Yemen (2017-) Houthi,Saudi Arabia,Ar Riyadh,"During the week of September 27, Saudi Arabia has reportedly agreed to a partial ceasefire in Yemen. While diplomatic sources said that Saudi Arabia had agreed to a ceasefire in four areas including Sana'a, the Houthi leadership said that it would only accept a full, comprehensive truce.",0,2019-Q3
2019-11-01,2019,Battles,Armed clash,Military Forces of Yemen (2017-) Houthi,Military Forces of Saudi Arabia (2015-),Saudi Arabia,Jizan,"On Nov 01, reported clashes between pro-Houthi forces and Saudi forces in the southern area (coded at Jizan) left 6 Saudi soldiers killed in total, fatalities split across two days (4 fatalities coded in this event next to 2 fatalities in SAU6098).",4,2019-Q4
2020-01-09,2020,Battles,Armed clash,Military Forces of Yemen (2017-) Houthi,Militia (Pro-Government),Saudi Arabia,Jizan,"On 9 January 2020, pro-Houthi forces reportedly fired upon Saudi-affiliated forces in the area of Jabal al-Umud in Jizan governorate while the Saudi forces were attempting to flank pro-Houthi forces. A large number of Saudi fighters were reported killed and injured. Unknown fatalities coded as 10.",10,2020-Q1
2020-01-15,2020,Explosions/Remote violence,Shelling/artillery/missile attack,Military Forces of Yemen (2017-) Houthi,Militia (Pro-Government),Saudi Arabia,Jizan,"On 15 January 2020, pro-Houthi forces claimed to have fired artillery shells at Saudi-affiliated forces near Jabal Al-Mab'uthah in Jizan governorate, killing and injuring a number of fighters. Unknown reported fatalities coded as 10.",10,2020-Q1
2023-09-28,2023,Strategic developments,Change to group/activity,Military Forces of Kuwait (2020-),,Saudi Arabia,Jizan,"Movement of forces: Around 28 September 2023 (as reported), Kuwaiti forces pulled out of the southern border of Saudi Arabia (coded to Jizan). The reason behind the move was not reported although it took place days after Bahraini forces were killed by a Houthi drone strike along with border.",0,2023-Q3
2023-09-07,2023,Strategic developments,Change to group/activity,Military Forces of Yemen (2022-2026) Presidential Leadership Council,,Saudi Arabia,Najran,"Change to armed group: On 7 September 2023, Saudi forces decided to demobilize the IRG Happy Yemen Brigades and the special forces in the southern borders (coded to Najran). The reasons behind the layoff was not reported.",0,2023-Q3
2020-12-14,2020,Explosions/Remote violence,Remote explosive/landmine/IED,Military Forces of Yemen (2017-) Houthi,Military Forces of Saudi Arabia (2015-),Saudi Arabia,Mecca,"On 14 December 2020, two presumed Houthi WBIEDs (bomb-laden boats) targeted the piers of Jeddah - King Faysal Naval Base (Jiddah, Mecca) causing significant damage to both the concrete structure and a Saudi warship (naval replenishment tanker BORAIDA). There were no fatalities or injuries.",0,2020-Q4
2020-12-14,2020,Explosions/Remote violence,Remote explosive/landmine/IED,Military Forces of Yemen (2017-) Houthi,,Saudi Arabia,Mecca,"On 14 December 2020, a presumed Houthi WBIED (bomb-laden boat) targeted Jeddah - Saudi ARAMCO (Marine Terminal) (Jiddah, Mecca) damaging a tank of Singaporean-flagged oil products tanker BW RHINE (IMO: 9341940) as it was offloading refined petroleum products. A fire with 20m-flames broke out and lasted for an hour but there were no fatalities or injuries. The crew put out the fire.",0,2020-Q4
2022-09-08,2022,Violence against civilians,Abduction/forced disappearance,Military Forces of Saudi Arabia (2015-),Civilians (Yemen),Saudi Arabia,Mecca,"On 8 September 2022, Saudi forces abducted the Yemeni IRG commander of the 6th Military District and of the 1st Border Guard Brigade -- Haykal Hantaf -- in Jeddah - King Abdulaziz International Airport (Jiddah, Mecca) and took him to an unknown destination. Saudi forces ordered a Yemenia plane flying from Sayun to Cairo to land in Jeddah to take the commander. The commander had previously refused to go to Saudi Arabia to undergo investigations on the IRG's defeat against Houthi forces in Al Jawf governorate in late 2021. The PLC appointed Nassir Bin Salih Thawabah as IRG commander of the 6th Military District the next day.",0,2022-Q3
2018-08-26,2018,Explosions/Remote violence,Shelling/artillery/missile attack,Military Forces of Yemen (2017-) Houthi,Military Forces of Saudi Arabia (2015-),Saudi Arabia,Jizan,"On 26 August 2018, Houthi forces claimed to have shelled Saudi-affiliated soldiers in MBC mount in Al Khobh region (Al Harth, Jizan) and in Jabal ad Dud (coded to Jabal ad Dud Frontline in Yemen) (Al Dhaher, Sadah). Casualties unknown.",0,2018-Q3
2018-10-03,2018,Riots,Violent demonstration,Rioters (Saudi Arabia),Police Forces of Saudi Arabia (2015-),Saudi Arabia,Eastern,"On 3 October 2018, employees of AZMEEL Contracting and Construction Corporation staged a demonstration in the Industrial Free Zone of Dhahran (Al Khubar, Eastern) to denounce the non-payment of their salaries for over six months. The demonstration turned violent after it was forcibly dispersed by police. Demonstrators threw rocks at police forces with the latter firing live bullets. Casualties are unknown.",0,2018-Q4
2023-11-07,2023,Strategic developments,Agreement,Military Forces of Sudan (2019-),Rapid Support Forces,Saudi Arabia,Mecca,"On 7 November 2023, Sudanese armed forces and rebel Rapid Support Forces agreed on the entrance of humanitarian aid during talks that took place in Jeddah (Jiddah, Mecca) under the auspices of Saudi Arabia, the US, and the IGAD. The forces, however, could not reach an agreement regarding a ceasefire.",0,2023-Q4
2020-09-22,2020,Strategic developments,Change to group/activity,Military Forces of Sudan (2019-2023) Rapid Support Forces,,Saudi Arabia,Jizan,"Movement of forces: On 22 September 2020, 1018 Sudanese army officers and soldiers reportedly arrived in Jizan Port (Jazan, Jizan). The soldiers were ostensibly en route to Yemen.",0,2020-Q3
2020-09-21,2020,Strategic developments,Change to group/activity,Military Forces of Sudan (2019-2023) Rapid Support Forces,,Saudi Arabia,Najran,"Movement of forces: On 21 September 2020, two planes carrying 151 Sudanese soldiers arrived at Najran Airport (Najran, Najran), with the intention of deployment in Operation Restoring Hope.",0,2020-Q3
2018-11-16,2018,Strategic developments,Disrupted weapons use,Military Forces of Saudi Arabia (2015-),Military Forces of Yemen (2017-) Houthi,Saudi Arabia,Jizan,"Interception: On 16 November 2018, Saudi gunboats claimed to have intercepted and destroyed a suspected Houthi explosive-laden boat headed toward Saudi territorial waters off the Coast of Jizan.",0,2018-Q4
2023-10-30,2023,Strategic developments,Arrests,Police Forces of Saudi Arabia (2015-),Civilians (Saudi Arabia),Saudi Arabia,Al Madinah,"Around 30 October 2023 (between 7 October - 23 November), Saudi forces arrested several visitors including foreign visitors to the holy sites in Mecca (Makkah Al Mukarramah) and Medina (Madinah Monawrah, Al Madinah) for showing solidarity with Gaza amid the latest round of violence in Israel-Palestine including wearing the Palestinian keffiyeh and chanting pro-Palestinian slogans.",0,2023-Q4
2023-10-30,2023,Strategic developments,Arrests,Police Forces of Saudi Arabia (2015-),Civilians (Saudi Arabia),Saudi Arabia,Mecca,"Around 30 October 2023 (between 7 October - 23 November), Saudi forces arrested several visitors including foreign visitors to the holy sites in Mecca (Makkah Al Mukarramah) and Medina (Madinah Monawrah, Al Madinah) for showing solidarity with Gaza amid the latest round of violence in Israel-Palestine including wearing the Palestinian keffiyeh and chanting pro-Palestinian slogans.",0,2023-Q4
2020-12-08,2020,Strategic developments,Agreement,Government of Yemen (2012-2022) Hadi,STC: Southern Transitional Council of South Arabia,Saudi Arabia,Ar Riyadh,"Agreement: On 8 December 2020, the Hadi-led government of Yemen and the Southern Transitional Council reportedly reached a new agreement in Riyadh (Ar Riyad, Ar Riyad) regarding the implementation of the Riyadh Agreement and the deescalation of tensions between pro-Hadi military and pro-STC forces in the Abyan governorate. The agreement includes the redeployment of pro-Hadi and pro-STC forces from their current positions and the formation of a military committee to oversee the redeployments.",0,2020-Q4
2020-10-29,2020,Battles,Armed clash,Unidentified Armed Group (Saudi Arabia),Private Security Forces (International),Saudi Arabia,Mecca,"On 29 October 2020, a Saudi citizen with a knife injured a guard at the French consulate in Jeddah (Jiddah, Makkah) on the same day a knife-wielding man killed three people in a church in Nice in southern France.",0,2020-Q4
2019-12-04,2019,Strategic developments,Other,Military Forces of Saudi Arabia (2015-),,Saudi Arabia,Jizan,"On 4 December 2019, Houthi forces accused Saudi naval forces of withholding 13 ships with petrol and food from reaching the Yemeni coast despite having international permits to do so. The ships were reportedly held in Jizan port, in south Saudi Arabia.",0,2019-Q4
2019-11-05,2019,Strategic developments,Agreement,Government of Yemen (2012-2022) Hadi,STC: Southern Transitional Council of South Arabia,Saudi Arabia,Ar Riyadh,"On 5 November 2019, representatives of the Hadi government and of the Southern Transitional Council signed the 'Riyadh Agreement' in the Saudi capital, in Al-Yamamah Palace, to put an end to the fighting between the two camps in southern Yemen. The agreement was signed by pro-Hadi Deputy Prime Minister Salem Al-Khanbashi and STC member Dr. Nasser Al-Khabaji; both the Saudi Crown Prince Mohammed bin Salman and the Emirati Crown Prince Sheikh Mohammed bin Zayed were present, along with President Hadi and STC leader Aidarou al Zubaidi.",0,2019-Q4
2019-11-02,2019,Battles,Armed clash,Military Forces of Yemen (2017-) Houthi,Military Forces of Saudi Arabia (2015-),Saudi Arabia,Jizan,"As reported on Nov 2, suspected pro-Houthi forces killed 2 Saudi soldiers in the Jizan area, southern Saudi Arabia.",2,2019-Q4
2018-05-21,2018,Explosions/Remote violence,Air/drone strike,Military Forces of Saudi Arabia (2015-),,Saudi Arabia,Jizan,Saudi air forces reportedly carried out three air raids on MCB mountain area of Jizan governorate. No casualties were reported.,0,2018-Q2
2019-06-18,2019,Battles,Armed clash,Military Forces of Yemen (2017-) Houthi,Militia (Pro-Government),Saudi Arabia,Jizan,18 June 2019: Houthi forces claim to have taken control of 'a number' of sites in Jizan following clashes with Saudi-backed forces in the border area. Unknown fatalities mentioned by the source coded as 10.,10,2019-Q2
2018-01-12,2018,Explosions/Remote violence,Air/drone strike,Military Forces of Saudi Arabia (2015-),,Saudi Arabia,Jizan,"On 12 January 2018, Saudi forces launched 31 missiles at Hamdah and Qamar Villages using Apache strike helicopters. It is unclear what they are striking. Casualties unknown.",0,2018-Q1
2018-03-18,2018,Explosions/Remote violence,Air/drone strike,Military Forces of Saudi Arabia (2015-),,Saudi Arabia,Jizan,"On 18 March 2018, Apache helicopters shelled - reportedly with dozens of missiles - Dar an Nasr and Qaim as Sayyabah areas of Jizan governorate. Casualties unknown.",0,2018-Q1
2018-06-29,2018,Explosions/Remote violence,Air/drone strike,Military Forces of Saudi Arabia (2015-),Military Forces of Yemen (2017-) Houthi,Saudi Arabia,Jizan,"On 29 June 2018, Saudi Apache helicopters fired missiles at Qamburah military site in Jizan governorate. Casualties unknown.",0,2018-Q2
2018-09-30,2018,Explosions/Remote violence,Remote explosive/landmine/IED,Military Forces of Yemen (2017-) Houthi,Military Forces of Saudi Arabia (2015-),Saudi Arabia,Jizan,"On 30 September 2018, Houthi forces launched two WBIEDs on Jizan - Jizan Port that caused severe damage to a Saudi warship although Saudi forces claimed to have intercepted the WBIEDs. There were no fatalities or injuries. Houthi forces claimed that they had burned several Saudi border guard boats.",0,2018-Q3
2019-02-13,2019,Explosions/Remote violence,Shelling/artillery/missile attack,Military Forces of Yemen (2017-) Houthi,Military Forces of Saudi Arabia (2015-),Saudi Arabia,Jizan,"On 13 February 2019, pro-Houthi forces fired artillery at Saudi soldiers near MPC mountain of Jizan, southern Saudi Arabia, killing and injuring several of them. Unknown number of fatalities and injuries coded as 10.",10,2019-Q1
2019-02-22,2019,Battles,Armed clash,Military Forces of Yemen (2017-) Houthi,Military Forces of Saudi Arabia (2015-),Saudi Arabia,Jizan,"On 22 February 2019, a pro-Houthi sniper reportedly shot dead a Saudi soldier in Mashal area of Jizan province, southern Saudi Arabia.",1,2019-Q1
2019-02-22,2019,Explosions/Remote violence,Shelling/artillery/missile attack,Military Forces of Yemen (2017-) Houthi,Militia (Pro-Government),Saudi Arabia,Jizan,"On 22 February 2019, pro-Houthi forces reportedly fired artillery at anti-Houthi forces in Al Kaub area of Jizan border province, southern Saudi Arabia. No casualties reported.",0,2019-Q1
2019-02-23,2019,Battles,Armed clash,Military Forces of Yemen (2017-) Houthi,Military Forces of Saudi Arabia (2015-),Saudi Arabia,Jizan,"On 23 February 2019, pro-Houthi snipers shot dead two Saudi soldiers at the Mashal site of Jizan province and also shelled the site with artillery fire.",2,2019-Q1
2019-02-24,2019,Explosions/Remote violence,Shelling/artillery/missile attack,Military Forces of Yemen (2017-) Houthi,Military Forces of Saudi Arabia (2015-),Saudi Arabia,Jizan,"On 24 February 2019, pro-Houthi forces shelled Saudi forces at the Mahwalah military site and a military bulldozer off Jizan governorate. No injuries nor fatalities reported.",0,2019-Q1
2019-02-26,2019,Battles,Armed clash,Military Forces of Yemen (2017-) Houthi,Military Forces of Saudi Arabia (2015-),Saudi Arabia,Jizan,"On 26 February 2019, pro-Houthi forces shot dead a Saudi soldier in Al-Faridhah site in Jizan governorate.",1,2019-Q1
2019-03-13,2019,Battles,Armed clash,Military Forces of Yemen (2017-) Houthi,Military Forces of Saudi Arabia (2015-),Saudi Arabia,Jizan,"Pro-Houthi forces claimed to have attacked Saudi soldiers in Masha'al site of Jizan governorate, killing and injuring a number of them. Unknown reported fatalities coded as 10.",10,2019-Q1
2019-03-15,2019,Battles,Armed clash,Military Forces of Yemen (2017-) Houthi,Military Forces of Saudi Arabia (2015-),Saudi Arabia,Jizan,"On 15 March 2019, pro-Houthi snipers reportedly shot dead a Saudi soldier on the Saudi-Yemeni border in Al Faridah area of Jizan province, southern Saudi Arabia. Also, they attacked Saudi positions in Mashal area of the same province, killing and injuring several of them. Unknown number of fatalities and injuries plus 1 coded as 11.",11,2019-Q1
2019-03-16,2019,Battles,Armed clash,Military Forces of Yemen (2017-) Houthi,Military Forces of Saudi Arabia (2015-),Saudi Arabia,Jizan,"On 16 March 2019, pro-Houthi forces snipers reportedly shot dead 1 Saudi soldier in Al Faridhah area of Jizan province, southern Saudi Arabia. Also, they damaged an anti-Houthi military vehicle in Al Mashar area of the same district.",1,2019-Q1
2019-06-24,2019,Battles,Armed clash,Military Forces of Yemen (2017-) Houthi,Militia (Pro-Government),Saudi Arabia,Jizan,"On 24 June 2019, pro-Houthi forces claimed to have killed and injured 41 Saudi-affiliated fighters with sniper fire in Jizan and Najran governorates. Fatalities coded as half (20) and spread across two governorates.",10,2019-Q2
2023-12-30,2023,Strategic developments,Arrests,Military Forces of Saudi Arabia (2015-),Civilians (International),Saudi Arabia,Najran,"Around 30 December 2023 (as reported), Saudi forces arrested more than 1,100 people trying to enter the kingdom including Ethiopians (70%) and Yemeni (28%) on the Yemeni-Saudi border (coded to Najran). The event was reported on 30 December but it is unclear when the arrests took place.",0,2023-Q4
2024-01-30,2024,Violence against civilians,Attack,Operation Restoring Hope,Civilians (Sudan),Saudi Arabia,Jizan,"On 30 January 2024, a member of the Sudanese Rapid Support forces fighting under the Saudi-led coalition (coded under ORH) shot soldiers of the same unit in Al Hasamah camp (Ahad Al Masarihah, Jizan) while they were asleep killing 5 and injuring 5 more. 4 soldiers died immediately and 1 passed away in the hospital. The reason for the shooting was not reported.",5,2024-Q1
2024-02-27,2024,Strategic developments,Other,Government of Saudi Arabia (2015-),Civilians (Saudi Arabia),Saudi Arabia,Ar Riyadh,"Other: On 27 February 2024, Saudi authorities executed seven individuals on various charges, including 'treason,' 'endangering security through terrorism,' financing terrorist organizations,' and 'espionage aimed at destabilizing society and undermining national unity' (coded to capital Riyadh). This was the highest number of single-day executions since the execution of 81 people in March 2022. Saudi authorities have executed a total of 31 people since the beginning of 2024.",7,2024-Q1
2019-01-07,2019,Battles,Armed clash,Police Forces of Saudi Arabia (2015-),Unidentified Armed Group (Saudi Arabia),Saudi Arabia,Eastern,"On 7 January 2019, clashes erupted between Saudi security forces and unidentified 'militants' in the towns of Al Jishsh and Umm al Hammam (Al Qatif, Eastern) as the security forces raided the towns. 6 'militants' were killed and 1 injured, with 5 Saudi security personnel injured. 6 fatalities split between two locations.",3,2019-Q1
2019-01-07,2019,Battles,Armed clash,Police Forces of Saudi Arabia (2015-),Unidentified Armed Group (Saudi Arabia),Saudi Arabia,Eastern,"On 7 January 2019, clashes erupted between Saudi security forces and unidentified 'militants' in the towns of Al Jishsh and Umm al Hammam (Al Qatif, Eastern) as the security forces raided the towns. 6 'militants' were killed and 1 injured, with 5 Saudi security personnel injured. 6 fatalities split between two locations.",3,2019-Q1
2020-11-12,2020,Riots,Violent demonstration,Rioters (Yemen),Military Forces of Saudi Arabia (2015-),Saudi Arabia,Jizan,"On 12 November 2020, pro-Hadi soldiers held a demonstration in Al Khobh (Al Harth, Jizan) against delayed salaries from the Saudi-led coalition. Saudi forces intervened and clashes with pro-Hadi forces ensued with several fatalities and injuries. Unclear fatalities in a low-intensity event off the frontlines coded as 3.",3,2020-Q4
2023-02-19,2023,Strategic developments,Arrests,Military Forces of Saudi Arabia (2015-) Border Guard,Civilians (Yemen),Saudi Arabia,Jizan,"Around 19 February 2023 (between 16 - 22 February), Saudi forces arrested 393 people at the border between Yemen and Saudi Arabia who were trying to enter Saudi Arabia (coded to Al Khobh border region) (Al Harth, Jizan). Among those arrested 52% with Ethiopian migrants, 36% Yemenis, and 12% of other nationalities.",0,2023-Q1
2018-04-08,2018,Explosions/Remote violence,Shelling/artillery/missile attack,Military Forces of Yemen (2017-) Houthi,Military Forces of Saudi Arabia (2015-),Saudi Arabia,Asir,"Houthi missile teams claim to have shot an 'Organ' type missile at Saudi and Sudanese soldiers on the border areas of khamis mushayt, Asir. The source provided the names of 11 soldiers who were reportedly killed in Asir that day. 11 fatalities covered in three events.",5,2018-Q2
2018-05-19,2018,Explosions/Remote violence,Shelling/artillery/missile attack,Military Forces of Yemen (2017-) Houthi,,Saudi Arabia,Asir,Saudi air defence forces claim a missile fired by pro-Houthi forces toward Khamis Mushait city landed in an inhabited desert area in Asir southern governorate. No casualties were reported.,0,2018-Q2
2020-08-20,2020,Explosions/Remote violence,Shelling/artillery/missile attack,Military Forces of Yemen (2017-) Houthi,,Saudi Arabia,Asir,"On 20 August 2020, pro-Houthi forces reportedly fired missiles at Khamis Mushait (Asir), causing loud explosions. No fatalities nor injuries reported.",0,2020-Q3
2021-03-15,2021,Explosions/Remote violence,Shelling/artillery/missile attack,Military Forces of Yemen (2017-) Houthi,,Saudi Arabia,Asir,"On 15 March 2021, two Houthi ballistic missiles that were targeting locations in Khamis Mushait (Asir) from Sadah, anded on uninhabited areas near the border.",0,2021-Q1
2022-03-25,2022,Explosions/Remote violence,Shelling/artillery/missile attack,Military Forces of Yemen (2017-) Houthi,,Saudi Arabia,Asir,"On 25 March 2022, Houthi forces claimed to have fired a 'large' number of ballistic missiles at 'vital facilities' in Abha (Asir), Dhahran Al Janub (Asir), Khamis Mushayt (coded to Khamis Mushait) (Asir), and Jizan (Jizan) as part of Operation Breaking the Siege III. Casualties unknown in Khamis Mushayt where Saudi authorities did not acknowledge the attacks. The Saudi Press Agency acknowledged a total of 16 Houthi strikes on the country that day without giving details about the location of each attack.",0,2022-Q1
2018-06-08,2018,Explosions/Remote violence,Shelling/artillery/missile attack,Military Forces of Yemen (2017-) Houthi,,Saudi Arabia,Asir,Pro-Houthi forces claim to have fired a number of ballistic missiles at Saudi military bases in Najran and Khamis Mushait. No casualties were reported as it is unclear if the missiles reached their target.,0,2018-Q2
2018-11-03,2018,Explosions/Remote violence,Shelling/artillery/missile attack,Military Forces of Yemen (2017-) Houthi,Military Forces of Saudi Arabia (2015-),Saudi Arabia,Asir,"On 3 November 2018, Houthi forces claimed to have fired a ballistic missile toward the Khamis Mushait air base (Khamis Mushayt, Asir). Casualties unknown. Some reports suggested that the strike was carried out by a drone in retaliation for airstrikes carried out by Saudi planes located on the base.",0,2018-Q4
2022-08-30,2022,Violence against civilians,Attack,Police Forces of Saudi Arabia (2015-),Civilians (Saudi Arabia),Saudi Arabia,Asir,"Around 30 August 2022 (as reported), Saudi security forces physically assaulted girls and women in the Social Education House of Girls orphanage in Khamis Mushait city (Khamis Mushayt, Asir). Video footage of the attack circulated on social media showing security men chasing, tasing, and beating women with belts and sticks in the compound. Sources reported that the attack took place after some of the women denounced poor living conditions and rights violations at the facility. The governor of Asir ordered an investigation of the incident.",0,2022-Q3
2022-03-25,2022,Explosions/Remote violence,Shelling/artillery/missile attack,Military Forces of Yemen (2017-) Houthi,,Saudi Arabia,Ar Riyadh,"On 25 March 2022, Houthi forces claimed to have fired cruise missiles at 'vital facilities' in Riyadh (Ar Riyadh) and at Jeddah - Saudi ARAMCO (North Plant) (Jiddah, Mecca) as part of Operation Breaking the Siege III. Casualties unknown in Riyadh where Saudi authorities did not acknowledge the attacks. The Saudi Press Agency acknowledged a total of 16 Houthi strikes on the country that day without giving details about the location of each attack.",0,2022-Q1
2022-03-25,2022,Explosions/Remote violence,Shelling/artillery/missile attack,Military Forces of Yemen (2017-) Houthi,,Saudi Arabia,Asir,"On 25 March 2022, Houthi forces claimed to have fired a 'large' number of ballistic missiles at 'vital facilities' in Abha (Asir), Dhahran Al Janub (Asir), Khamis Mushayt (coded to Khamis Mushait) (Asir), and Jizan (Jizan) as part of Operation Breaking the Siege III. Casualties unknown in Khamis Mushayt where Saudi authorities did not acknowledge the attacks. The Saudi Press Agency acknowledged a total of 16 Houthi strikes on the country that day without giving details about the location of each attack.",0,2022-Q1
2022-03-25,2022,Explosions/Remote violence,Air/drone strike,Military Forces of Yemen (2017-) Houthi,,Saudi Arabia,Eastern,"On 25 March 2022, Houthi forces claimed to have launched a 'large' number of bomb-laden drones at Ras Tannurah Saudi ARAMCO (Eastern), Jizan - Saudi ARAMCO (Jizan), Rabigh Saudi ARAMCO (Mecca), and Najran - Saudi ARAMCO as part of Operation Breaking the Siege III. Casualties unknown. The Saudi Press Agency acknowledged a total of 16 Houthi strikes on the country that day without giving details about the location of each attack.",0,2022-Q1
2022-03-25,2022,Explosions/Remote violence,Air/drone strike,Military Forces of Yemen (2017-) Houthi,,Saudi Arabia,Jizan,"On 25 March 2022, Houthi forces claimed to have launched a 'large' number of bomb-laden drones at Ras Tannurah Saudi ARAMCO (Eastern), Jizan - Saudi ARAMCO (Jizan), Rabigh Saudi ARAMCO (Mecca), and Najran - Saudi ARAMCO as part of Operation Breaking the Siege III. Casualties unknown. The Saudi Press Agency acknowledged a total of 16 Houthi strikes on the country that day without giving details about the location of each attack.",0,2022-Q1
2022-03-25,2022,Explosions/Remote violence,Shelling/artillery/missile attack,Military Forces of Yemen (2017-) Houthi,,Saudi Arabia,Mecca,"On 25 March 2022, Houthi forces claimed to have fired cruise missiles at 'vital facilities' in Riyadh (Ar Riyadh) and at Jeddah - Saudi ARAMCO (North Plant) (Jiddah, Mecca) as part of Operation Breaking the Siege III. There were no fatalities or injuries in Jeddah - Saudi ARAMCO (North Plant) where a large fire broke out as two storage tanks were struck.",0,2022-Q1
2022-03-25,2022,Explosions/Remote violence,Air/drone strike,Military Forces of Yemen (2017-) Houthi,,Saudi Arabia,Mecca,"On 25 March 2022, Houthi forces claimed to have launched a 'large' number of bomb-laden drones at Ras Tannurah Saudi ARAMCO (Eastern), Jizan - Saudi ARAMCO (Jizan), Rabigh Saudi ARAMCO (Mecca), and Najran - Saudi ARAMCO as part of Operation Breaking the Siege III. Casualties unknown. The Saudi Press Agency acknowledged a total of 16 Houthi strikes on the country that day without giving details about the location of each attack.",0,2022-Q1
2022-03-22,2022,Strategic developments,Disrupted weapons use,Military Forces of Saudi Arabia (2015-),Military Forces of Yemen (2017-) Houthi,Saudi Arabia,Jizan,"Interception: On 22 March 2022, Saudi defense forces shot down 1 Houthi ballistic missile that was launched towards Jizan.",0,2022-Q1
2022-03-20,2022,Strategic developments,Disrupted weapons use,Military Forces of Saudi Arabia (2015-),Military Forces of Yemen (2017-) Houthi,Saudi Arabia,Mecca,"Interception: On 20 March 2022, Saudi forces claimed to have intercepted and shot down 1 Houthi 'hostile air target' (presumed to be a missile) over Jeddah city (Jiddah, Mecca). Houthi forces claimed to have launched successful ballistic missiles and Quds-2 cruise missiles at Jizan and Jeddah that day as part of Operation Breaking the Siege III.",0,2022-Q1
2022-03-20,2022,Explosions/Remote violence,Shelling/artillery/missile attack,Military Forces of Yemen (2017-) Houthi,,Saudi Arabia,Jizan,"On 20 March 2022, Houthi forces claimed to have launched successful ballistic missiles and Quds-2 cruise missiles at Jizan (Jizan) and Jeddah - Saudi ARAMCO (North Plant) (Jiddah, Mecca) as part of Operation Breaking the Siege III. Casualties unknown in Jizan.",0,2022-Q1
2022-03-20,2022,Explosions/Remote violence,Shelling/artillery/missile attack,Military Forces of Yemen (2017-) Houthi,,Saudi Arabia,Mecca,"On 20 March 2022, Houthi forces claimed to have launched successful ballistic missiles and Quds-2 cruise missiles at Jizan (Jizan) and Jeddah - Saudi ARAMCO (North Plant) (Jiddah, Mecca) as part of Operation Breaking the Siege III. There were no fatalities or injuries in Jeddah - Aramco Office North but a fire broke out in one of the oil tanks.",0,2022-Q1
2022-03-19,2022,Explosions/Remote violence,Air/drone strike,Military Forces of Yemen (2017-) Houthi,,Saudi Arabia,Al Madinah,"On 19 March 2022, fragments from 9 Houthi bomb-laden drones that were intercepted by Saudi forces caused damages to civilian vehicles and residential houses in Yanbu - Saudi ARAMCO (Al Madinah), Dhahran Al Janub - Power Station (Asir), Khamis Mushait - National Gas and Industrialization Company (Asir), Jizan (Jizan), and At Taif (Mecca). The damage at Yanbu - Saudi ARAMCO led to a temporary reduction in the production of Yasref refinery. Houthi forces claimed to have fired drones and ballistic and cruise missiles at 'legitimate' targets in Abha, Dharhan Al Janub, Khamis Mushayt, Samtah, and Jizan that day as part of Operation Breaking the Siege II.",0,2022-Q1
2022-03-19,2022,Explosions/Remote violence,Air/drone strike,Military Forces of Yemen (2017-) Houthi,,Saudi Arabia,Asir,"On 19 March 2022, Houthi forces claimed to have launched drones and ballistic and cruise missiles at 'legitimate' targets in Abha (Asir), Dharhan Al Janub (Asir), Khamis Mushayt (Asir), Samtah (coded to Samitah) (Jizan), and Jizan (Jizan) as part of Operation Breaking the Siege II. Casualties unknown in Abha and Samtah where Saudi authorities did not acknowledge the attacks.",0,2022-Q1
2022-03-19,2022,Explosions/Remote violence,Air/drone strike,Military Forces of Yemen (2017-) Houthi,,Saudi Arabia,Asir,"On 19 March 2022, fragments from 9 Houthi bomb-laden drones that were intercepted by Saudi forces caused damages to civilian vehicles and residential houses in Yanbu - Saudi ARAMCO (Al Madinah), Dhahran Al Janub - Power Station (Asir), Khamis Mushait - National Gas and Industrialization Company (Asir), Jizan (Jizan), and At Taif (Mecca). It was confirmed that Khamis Mushait - National Gas and Industrialization Company was hit. Houthi forces claimed to have fired drones and ballistic and cruise missiles at 'legitimate' targets in Abha, Dharhan Al Janub, Khamis Mushayt, Samtah, and Jizan that day as part of Operation Breaking the Siege II.",0,2022-Q1
2022-03-19,2022,Explosions/Remote violence,Air/drone strike,Military Forces of Yemen (2017-) Houthi,,Saudi Arabia,Jizan,"On 19 March 2022, fragments from 9 Houthi bomb-laden drones that were intercepted by Saudi forces caused damages to civilian vehicles and residential houses in Yanbu - Saudi ARAMCO (Al Madinah), Dhahran Al Janub - Power Station (Asir), Khamis Mushait - National Gas and Industrialization Company (Asir), Jizan (Jizan), and At Taif (Mecca). It was unclear from the reporting whether damages occurred at each location. Houthi forces claimed to have fired drones and ballistic and cruise missiles at 'legitimate' targets in Abha, Dharhan Al Janub, Khamis Mushayt, Samtah, and Jizan that day as part of Operation Breaking the Siege II.",0,2022-Q1
2022-03-19,2022,Explosions/Remote violence,Air/drone strike,Military Forces of Yemen (2017-) Houthi,,Saudi Arabia,Mecca,"On 19 March 2022, fragments from 9 Houthi bomb-laden drones that were intercepted by Saudi forces caused damages to civilian vehicles and residential houses in Yanbu - Saudi ARAMCO (Al Madinah), Dhahran Al Janub - Power Station (Asir), Khamis Mushait - National Gas and Industrialization Company (Asir), Jizan (Jizan), and At Taif (Mecca). It was unclear from the reporting whether damages occurred at each location. Houthi forces claimed to have fired drones and ballistic and cruise missiles at 'legitimate' targets in Abha, Dharhan Al Janub, Khamis Mushayt, Samtah, and Jizan that day as part of Operation Breaking the Siege II.",0,2022-Q1
2022-03-19,2022,Explosions/Remote violence,Shelling/artillery/missile attack,Military Forces of Yemen (2017-) Houthi,,Saudi Arabia,Jizan,"On 19 March 2022, Houthi forces fired cruise missiles at Ash Shuqayq Water Desalination Plant (Ad Darb, Jizan) and an oil distribution station in Jizan - Saudi ARAMCO (Jizan) causing damages to buildings in both sites. There were no fatalities or injuries. Houthi forces claimed to have fired drones and ballistic and cruise missiles at 'legitimate' targets in Abha, Dharhan Al Janub, Khamis Mushayt, Samtah, and Jizan that day as part of Operation Breaking the Siege II.",0,2022-Q1
2022-03-19,2022,Explosions/Remote violence,Shelling/artillery/missile attack,Military Forces of Yemen (2017-) Houthi,,Saudi Arabia,Jizan,"On 19 March 2022, fragments of 1 Houthi ballistic missile that was intercepted by Saudi forces caused damages to buildings in Jizan city (Jizan). There were no fatalities or injuries. Houthi forces claimed to have fired drones and ballistic and cruise missiles at 'legitimate' targets in Abha, Dharhan Al Janub, Khamis Mushayt, Samtah, and Jizan that day as part of Operation Breaking the Siege II.",0,2022-Q1
2022-03-19,2022,Explosions/Remote violence,Shelling/artillery/missile attack,Military Forces of Yemen (2017-) Houthi,,Saudi Arabia,Jizan,"On 19 March 2022, Houthi forces fired cruise missiles at Ash Shuqayq Water Desalination Plant (Ad Darb, Jizan) and an oil distribution station in Jizan - Saudi ARAMCO (Jizan) causing damages to buildings in both sites. There were no fatalities or injuries. Houthi forces claimed to have fired drones and ballistic and cruise missiles at 'legitimate' targets in Abha, Dharhan Al Janub, Khamis Mushayt, Samtah, and Jizan that day as part of Operation Breaking the Siege II.",0,2022-Q1
2022-03-11,2022,Explosions/Remote violence,Air/drone strike,Military Forces of Yemen (2017-) Houthi,,Saudi Arabia,Ar Riyadh,"On 11 March 2022, Houthi forces targeted with 3 Sammad-3 drones an Aramco oil refinery in Riyadh - Saudi Aramco (Ar Riyadh) as part of Operation Breaking the Siege I. Saudi authorities acknowledged that a small fire erupted at the facility and that there were no fatalities or injuries. The Houthi military spokesman said that the attacks were in response to the Saudi-led coalition's blockade of ships carrying fuel derivatives.",0,2022-Q1
2022-03-11,2022,Explosions/Remote violence,Air/drone strike,Military Forces of Yemen (2017-) Houthi,,Saudi Arabia,Asir,"On 11 March 2022, Houthi forces targeted with 6 Sammad-1 drones Aramco facilities in Jizan - Saudi ARAMCO (Jizan) and Abha Saudi ARAMCO (Asir) as part of Operation Breaking the Siege I. Casualties unknown. Saudi authorities did not acknowledge the attacks. The Houthi military spokesman said that the attacks were in response to the Saudi-led coalition's blockade of ships carrying fuel derivatives.",0,2022-Q1
2022-03-11,2022,Explosions/Remote violence,Air/drone strike,Military Forces of Yemen (2017-) Houthi,,Saudi Arabia,Jizan,"On 11 March 2022, Houthi forces targeted with 6 Sammad-1 drones Aramco facilities in Jizan - Saudi ARAMCO (Jizan) and Abha Saudi ARAMCO (Asir) as part of Operation Breaking the Siege I. Casualties unknown. Saudi authorities did not acknowledge the attacks. The Houthi military spokesman said that the attacks were in response to the Saudi-led coalition's blockade of ships carrying fuel derivatives.",0,2022-Q1
2022-03-10,2022,Strategic developments,Disrupted weapons use,Military Forces of Saudi Arabia (2015-),Military Forces of Yemen (2017-) Houthi,Saudi Arabia,Jizan,"Interception: On 10 March 2022, Saudi forces claimed to have intercepted and shot down 1 Houthi drone (presumed to be armed) that was targeting Jizan city. They claimed that the drone was fired from Al Hudaydah city.",0,2022-Q1
2022-03-07,2022,Strategic developments,Disrupted weapons use,Military Forces of Saudi Arabia (2015-),Military Forces of Yemen (2017-) Houthi,Saudi Arabia,Najran,"Interception: On 7 March 2022, Saudi forces claimed to have intercepted and shot down Houthi drones (presumed weaponized) launched toward southern Saudi Arabia (coded to Najran). Unclear if the interception occurred over Saudi or Yemeni airspace.",0,2022-Q1
2022-02-26,2022,Strategic developments,Disrupted weapons use,Military Forces of Saudi Arabia (2015-),Military Forces of Yemen (2017-) Houthi,Saudi Arabia,Jizan,"Interception: On 26 February 2022, 1 Houthi bomb-laden drone fell in Al Judayin village (Sabya, Jizan) with no fatalities or injuries. The statement said that the drone fell in the village but it is unclear whether it was actually intercepted or just fell there.",0,2022-Q1
2022-02-21,2022,Explosions/Remote violence,Air/drone strike,Military Forces of Yemen (2017-) Houthi,Civilians (Yemen),Saudi Arabia,Jizan,"On 21 February 2022, fragments from 1 Houthi bomb-laden drone that was intercepted by Saudi forces fell in Jizan - Jizan Regional Airport (Jizan) injuring 16 civilians including 3 in critical conditions.",0,2022-Q1
2022-02-21,2022,Strategic developments,Disrupted weapons use,Military Forces of Saudi Arabia (2015-),Military Forces of Yemen (2017-) Houthi,Saudi Arabia,Jizan,"Interception: On 21 February 2022, Saudi forces intercepted 1 Houthi drone over Al Mabuj village (Jizan). The statement said that the drone fell in the village but it is unclear whether it was actually intercepted or just fell there. There were no fatalities or injuries.",0,2022-Q1
2022-02-10,2022,Explosions/Remote violence,Air/drone strike,Military Forces of Yemen (2017-) Houthi,Civilians (Saudi Arabia),Saudi Arabia,Asir,"On 10 February 2022, fragments from a Houthi bomb-laden Qasif 2K drone that was intercepted by Saudi forces over Abha Regional Airport (Abha, Asir) injured 12 civilians inside the airport site -- 2 Saudis, 4 Bangladeshis, 3 Nepalese, 1 Filipino, 1 Sri Lankan, and 1 Indian.",0,2022-Q1
2022-01-24,2022,Explosions/Remote violence,Shelling/artillery/missile attack,Military Forces of Yemen (2017-) Houthi,,Saudi Arabia,Asir,"On 24 January 2022, Houthi forces claimed to have launched a number of ballistic missiles at sensitive sites in Jizan and Asir regions as part of Operation Yemen Cyclone II. Casualties unknown.",0,2022-Q1
2022-01-24,2022,Explosions/Remote violence,Shelling/artillery/missile attack,Military Forces of Yemen (2017-) Houthi,,Saudi Arabia,Jizan,"On 24 January 2022, Houthi forces claimed to have launched a number of ballistic missiles at sensitive sites in Jizan and Asir regions as part of Operation Yemen Cyclone II. Casualties unknown.",0,2022-Q1
2022-01-17,2022,Strategic developments,Disrupted weapons use,Military Forces of Saudi Arabia (2015-),Military Forces of Yemen (2017-) Houthi,Saudi Arabia,Najran,"Interception: On 17 January 2022, Saudi forces claimed to have intercepted and shot down 8 Houthi drones including 3 Sammad suicide drones launched toward southern Saudi Arabia (coded to Najran). Unclear if the interception occurred over Saudi or Yemeni airspace.",0,2022-Q1
2022-01-07,2022,Strategic developments,Disrupted weapons use,Military Forces of Saudi Arabia (2015-),Military Forces of Yemen (2017-) Houthi,Saudi Arabia,Najran,"Interception: On 7 January 2022, Saudi forces claimed to have intercepted and shot down Houthi explosive-laden drones launched toward southern Saudi Arabia (coded to Najran) to target civilian communications infrastructure. Unclear if the interception occurred over Saudi or Yemeni airspace.",0,2022-Q1
2022-01-06,2022,Strategic developments,Disrupted weapons use,Military Forces of Saudi Arabia (2015-),Military Forces of Yemen (2017-) Houthi,Saudi Arabia,Najran,"Interception: On 6 January 2022, Saudi forces claimed to have intercepted and shot down 1 Houthi drone (presumed to be bomb-laden) launched toward Saudi Arabia (coded to Najran). Unclear if the interception occurred over Saudi or Yemeni airspace.",0,2022-Q1
2022-01-03,2022,Strategic developments,Disrupted weapons use,Military Forces of Saudi Arabia (2015-),Military Forces of Yemen (2017-) Houthi,Saudi Arabia,Najran,"Interception: On 3 January 2022, Saudi forces claimed to have intercepted and shot down 5 Houthi drones including 2 Qasif drones launched toward Saudi Arabia (coded to Najran). Unclear if the interception occurred over Saudi or Yemeni airspace.",0,2022-Q1
2022-01-03,2022,Strategic developments,Disrupted weapons use,Military Forces of Saudi Arabia (2015-),Military Forces of Yemen (2017-) Houthi,Saudi Arabia,Mecca,"Interception: On 3 January 2022, Saudi forces intercepted a Houthi 'hostile air target' (presumed to be a bomb-laden drone) launched towards Taif city (At Taif, Mecca).",0,2022-Q1
2022-01-02,2022,Strategic developments,Disrupted weapons use,Military Forces of Saudi Arabia (2015-),Military Forces of Yemen (2017-) Houthi,Saudi Arabia,Najran,"Interception: On 2 January 2022, Saudi forces claimed to have intercepted and shot down 3 Houthi drones including 1 Sammad suicide drone launched toward Najran.",0,2022-Q1
2021-12-25,2021,Explosions/Remote violence,Shelling/artillery/missile attack,Military Forces of Yemen (2017-) Houthi,,Saudi Arabia,Jizan,"On 25 December 2021, Houthi forces launched 3 ballistic missiles on 'sensitive targets' in Jizan region. Casualties unknown.",0,2021-Q4
2021-12-23,2021,Strategic developments,Disrupted weapons use,Military Forces of Saudi Arabia (2015-),Military Forces of Yemen (2017-) Houthi,Saudi Arabia,Asir,"Interception: On 23 December 2021, Saudi forces claimed to have intercepted and shot down 1 Houthi bomb-laden drone that targeted Abha Regional Airport (Asir). Debris fell near the airport but there were no damages.",0,2021-Q4
2021-12-19,2021,Strategic developments,Disrupted weapons use,Military Forces of Saudi Arabia (2015-),Military Forces of Yemen (2017-) Houthi,Saudi Arabia,Jizan,"Interception: On 19 December 2021, Saudi forces claimed to have intercepted and shot down 1 Houthi drone (presumed bomb-laden) launched towards Jizan - Jizan Regional Airport.",0,2021-Q4
2021-12-19,2021,Strategic developments,Disrupted weapons use,Military Forces of Saudi Arabia (2015-),Military Forces of Yemen (2017-) Houthi,Saudi Arabia,Asir,"Interception: On 19 December 2021, Saudi forces claimed to have intercepted and shot down 2 Houthi drones (presumed bomb-laden) launched towards Abha Regional Airport (Asir).",0,2021-Q4
2021-12-16,2021,Strategic developments,Disrupted weapons use,Military Forces of Saudi Arabia (2015-),Military Forces of Yemen (2017-) Houthi,Saudi Arabia,Najran,"Interception: On 16 December 2021, Saudi forces claimed to have intercepted and shot down 1 Houthi drone launched toward southern Saudi Arabia (coded to Najran). Unclear if the interception occurred over Saudi or Yemeni airspace. The drone was launched from Sanaa airport.",0,2021-Q4
2021-12-15,2021,Strategic developments,Disrupted weapons use,Military Forces of Saudi Arabia (2015-),Military Forces of Yemen (2017-) Houthi,Saudi Arabia,Asir,"Interception: On 15 December 2021, Saudi forces claimed to have intercepted and shot down 2 Houthi ballistic missiles launched towards Abha city (Asir).",0,2021-Q4
2021-12-15,2021,Explosions/Remote violence,Shelling/artillery/missile attack,Military Forces of Yemen (2017-) Houthi,Military Forces of Saudi Arabia (2015-),Saudi Arabia,Asir,"On 15 December 2021, 5 Houthi ballistic missiles destroyed warplanes hangars in King Khalid Air Base (Khamis Mushayt, Asir) and targeted other locations in Jizan region. Casualties unknown.",0,2021-Q4
2021-12-07,2021,Explosions/Remote violence,Air/drone strike,Military Forces of Yemen (2017-) Houthi,,Saudi Arabia,Ar Riyadh,"On 7 December 2021, Houthi forces launched 6 Sammad-3 drones and several Zulfiqar (Zolfaghar) ballistic missiles at the King Khalid International Airport and the Riyadh - Ministry of Defense (Riyadh, Ar Riyadh). Casualties unknown.",0,2021-Q4
2021-12-07,2021,Explosions/Remote violence,Air/drone strike,Military Forces of Yemen (2017-) Houthi,,Saudi Arabia,Ar Riyadh,"On 7 December 2021, Houthi forces launched 6 Sammad-3 drones and several Zulfiqar (Zolfaghar) ballistic missiles at the King Khalid International Airport and the Riyadh - Ministry of Defense (Riyadh, Ar Riyadh). Casualties unknown.",0,2021-Q4
2021-12-07,2021,Explosions/Remote violence,Air/drone strike,Military Forces of Yemen (2017-) Houthi,Military Forces of Saudi Arabia (2015-),Saudi Arabia,Mecca,"On 7 December 2021, Houthi forces launched 6 Sammad-2 and Sammad-3 drones at the King Fahd Air Base (At Taif, Mecca) and the Jeddah - Aramco Office North (Jiddah, Mecca). Casualties unknown.",0,2021-Q4
2021-12-07,2021,Explosions/Remote violence,Air/drone strike,Military Forces of Yemen (2017-) Houthi,,Saudi Arabia,Mecca,"On 7 December 2021, Houthi forces launched 6 Sammad-2 and Sammad-3 drones at the King Fahd Air Base (At Taif, Mecca) and the Jeddah - Aramco Office North (Jiddah, Mecca). Casualties unknown.",0,2021-Q4
2021-12-07,2021,Explosions/Remote violence,Air/drone strike,Military Forces of Yemen (2017-) Houthi,Military Forces of Saudi Arabia (2015-),Saudi Arabia,Asir,"On 7 December 2021, Houthi forces launched 5 Sammad-1 and Sammad-2 drones at Saudi military sites in Abha, Asir, and Jizan regions, as well as 8 Qasif-2K drones and several ballistic missiles at 'sensitive sites' in Abha, Jizan, and Najran regions. Casualties unknown.",0,2021-Q4
2021-12-07,2021,Explosions/Remote violence,Air/drone strike,Military Forces of Yemen (2017-) Houthi,Military Forces of Saudi Arabia (2015-),Saudi Arabia,Asir,"On 7 December 2021, Houthi forces launched 5 Sammad-1 and Sammad-2 drones at Saudi military sites in Abha, Asir, and Jizan regions, as well as 8 Qasif-2K drones and several ballistic missiles at 'sensitive sites' in Abha, Jizan, and Najran regions. Casualties unknown.",0,2021-Q4
2021-12-07,2021,Explosions/Remote violence,Air/drone strike,Military Forces of Yemen (2017-) Houthi,Military Forces of Saudi Arabia (2015-),Saudi Arabia,Jizan,"On 7 December 2021, Houthi forces launched 5 Sammad-1 and Sammad-2 drones at Saudi military sites in Abha, Asir, and Jizan regions, as well as 8 Qasif-2K drones and several ballistic missiles at 'sensitive sites' in Abha, Jizan, and Najran regions. Casualties unknown.",0,2021-Q4
2021-12-07,2021,Explosions/Remote violence,Air/drone strike,Military Forces of Yemen (2017-) Houthi,,Saudi Arabia,Najran,"On 7 December 2021, Houthi forces launched 8 Qasif-2K drones and several ballistic missiles at 'sensitive sites' in Abha, Jizan, and Najran regions. Casualties unknown.",0,2021-Q4
2021-12-06,2021,Strategic developments,Disrupted weapons use,Military Forces of Saudi Arabia (2015-),Military Forces of Yemen (2017-) Houthi,Saudi Arabia,Ar Riyadh,"Interception: On 6 December 2021, the Saudi-led coalition intercepted and destroyed 1 Houthi ballistic missile launched towards Riyadh city (Ar Riyadh, Ar Riyad) causing the scattering of shrapnel on some residential neighborhoods without causing any damage.",0,2021-Q4
2021-12-05,2021,Strategic developments,Disrupted weapons use,Military Forces of Saudi Arabia (2015-),Military Forces of Yemen (2017-) Houthi,Saudi Arabia,Najran,"Interception: On 5 December 2021, Saudi forces claimed to have intercepted and shot down 5 Houthi bomb-laden drones launched toward the southern regions of Saudi Arabia (coded to Najran). Unclear if the interception occurred over Saudi or Yemeni airspace.",0,2021-Q4
2021-11-21,2021,Strategic developments,Disrupted weapons use,Military Forces of Saudi Arabia (2015-),Military Forces of Yemen (2017-) Houthi,Saudi Arabia,Najran,"Interception: On 21 November 2021, Saudi forces claimed to have intercepted and shot down 1 Qasif Houthi drone launched toward Najran - Najran Airport. The fragments fell on Al Araysah neighborhood in Najran without causing any injuries.",0,2021-Q4
2021-11-20,2021,Explosions/Remote violence,Air/drone strike,Military Forces of Yemen (2017-) Houthi,Military Forces of Saudi Arabia (2015-),Saudi Arabia,Ar Riyadh,"On 20 November 2021, Houthi forces launched 4 Sammad-3 drones at Saudi military targets including Patriot missile batteries in King Khalid International Airport (Riyadh, Ar Riyadh). Casualties unknown.",0,2021-Q4
2021-11-20,2021,Explosions/Remote violence,Air/drone strike,Military Forces of Yemen (2017-) Houthi,Military Forces of Saudi Arabia (2015-),Saudi Arabia,Asir,"On 20 November 2021, Houthi forces launched 1 Sammad-3 drone at a Saudi military target in Abha Regional Airport (Asir). Casualties unknown.",0,2021-Q4
2021-11-20,2021,Explosions/Remote violence,Air/drone strike,Military Forces of Yemen (2017-) Houthi,,Saudi Arabia,Mecca,"On 20 November 2021, Houthi forces launched 4 Sammad-2 drones at the Aramco Jeddah refining facilities (coded to Jeddah - Aramco Office North) (Jiddah, Jiddah). Casualties unknown.",0,2021-Q4
2021-11-20,2021,Explosions/Remote violence,Air/drone strike,Military Forces of Yemen (2017-) Houthi,Military Forces of Saudi Arabia (2015-),Saudi Arabia,Mecca,"On 20 November 2021, Houthi forces launched drone strikes at Saudi military targets in Jeddah - King Abdulaziz International Airport (Jiddah, Mecca). Casualties unknown.",0,2021-Q4
2021-11-20,2021,Explosions/Remote violence,Air/drone strike,Military Forces of Yemen (2017-) Houthi,Military Forces of Saudi Arabia (2015-),Saudi Arabia,Asir,"On 20 November 2021, Houthi forces launched 5 Qasif-2K drones at Saudi military targets in Abha (Asir), Najran, and Jizan regions. Casualties unknown.",0,2021-Q4
2021-11-20,2021,Explosions/Remote violence,Air/drone strike,Military Forces of Yemen (2017-) Houthi,Military Forces of Saudi Arabia (2015-),Saudi Arabia,Jizan,"On 20 November 2021, Houthi forces launched 5 Qasif-2K drones at Saudi military targets in Abha (Asir), Najran, and Jizan regions. Casualties unknown.",0,2021-Q4
2021-11-19,2021,Strategic developments,Disrupted weapons use,Military Forces of Saudi Arabia (2015-),Military Forces of Yemen (2017-) Houthi,Saudi Arabia,Jizan,"Interception: On 19 November 2021, Saudi defense forces shot down a Houthi ballistic missile that targeted locations in Jizan city. Saudi forces mentioned that the missile had been launched from Sanaa airport.",0,2021-Q4
2021-11-19,2021,Strategic developments,Disrupted weapons use,Military Forces of Saudi Arabia (2015-),Military Forces of Yemen (2017-) Houthi,Saudi Arabia,Najran,"Interception: On 19 November 2021, Saudi defense forces shot down 3 Houthi bomb-laden drones that targeted locations in the southern region of Saudi Arabia (coded to Najran).",0,2021-Q4
2021-11-17,2021,Strategic developments,Disrupted weapons use,Military Forces of Saudi Arabia (2015-),Military Forces of Yemen (2017-) Houthi,Saudi Arabia,Asir,"Interception: On 17 November 2021, Saudi forces shot down a Houthi drone (presumably armed) that targeted Abha Regional Airport (Asir).",0,2021-Q4
2021-11-10,2021,Strategic developments,Disrupted weapons use,Military Forces of Saudi Arabia (2015-),Military Forces of Yemen (2017-) Houthi,Saudi Arabia,Asir,"Interception: On 10 November 2021, Saudi forces claimed to have intercepted and shot down 3 Houthi ballistic missiles targeting the southern region of Saudi Arabia (coded to Dhahran Al Janub) (Asir) before causing any damage. Houthi forces had claimed to have targeted a the 1st Regiment military camp with 3 ballistic missiles in Dhahran Al Janub (Asir) killing and injuring dozens of Saudi soldiers.",0,2021-Q4
2021-11-06,2021,Strategic developments,Disrupted weapons use,Military Forces of Saudi Arabia (2015-),Military Forces of Yemen (2017-) Houthi,Saudi Arabia,Asir,"Interception: On 6 November 2021, Saudi forces claimed to have intercepted and shot down 1 bomb-laden drone launched by Houthi forces towards Abha Regional Airport (Asir).",0,2021-Q4
2021-11-05,2021,Strategic developments,Disrupted weapons use,Military Forces of Saudi Arabia (2015-),Military Forces of Yemen (2017-) Houthi,Saudi Arabia,Jizan,"Interception: On 5 November 2021, Saudi defense forces shot down a Houthi drone (presumed weaponized) that targeted Jizan city.",0,2021-Q4
2021-11-02,2021,Strategic developments,Disrupted weapons use,Military Forces of Saudi Arabia (2015-),Military Forces of Yemen (2017-) Houthi,Saudi Arabia,Jizan,"Interception: On 2 November 2021, Saudi defense forces shot down two Houthi bomb-laden drones that targeted locations in Jizan Region.",0,2021-Q4
2021-10-28,2021,Strategic developments,Disrupted weapons use,Military Forces of Saudi Arabia (2015-),Military Forces of Yemen (2017-) Houthi,Saudi Arabia,Jizan,"Interception: On 28 October 2021, Saudi defense forces shot down 5 Houthi ballistic missiles that targeted locations in Jizan province.",0,2021-Q4
2021-10-27,2021,Strategic developments,Disrupted weapons use,Military Forces of Saudi Arabia (2015-),Military Forces of Yemen (2017-) Houthi,Saudi Arabia,Asir,"Interception: On 27 October 2021, Saudi-led coalition forces (coded as Saudi military forces) shot down two Houthi drones that targeted Abha Regional Airport (Abha, Asir) and Najran city.",0,2021-Q4
2021-10-27,2021,Strategic developments,Disrupted weapons use,Military Forces of Saudi Arabia (2015-),Military Forces of Yemen (2017-) Houthi,Saudi Arabia,Najran,"Interception: On 27 October 2021, Saudi-led coalition forces (coded as Saudi military forces) shot down two Houthi drones that targeted Abha Regional Airport (Abha, Asir) and Najran city.",0,2021-Q4
2021-10-20,2021,Strategic developments,Disrupted weapons use,Military Forces of Saudi Arabia (2015-),Military Forces of Yemen (2017-) Houthi,Saudi Arabia,Jizan,"Interception: On 20 October 2021, Saudi defense forces shot down a Houthi ballistic missiles that was targeting locations in Jizan province.",0,2021-Q4
2021-10-20,2021,Explosions/Remote violence,Shelling/artillery/missile attack,Military Forces of Yemen (2017-) Houthi,Military Forces of Saudi Arabia (2015-),Saudi Arabia,Jizan,"On 20 October 2021, 5 Houthi ballistic missiles targeted the weapons depots and warplanes hangars in the camp of the Saudi Al Wajib military force near Jizan city killing and injuring 35 Saudi soldiers including 2 pilots. Unclear fatalities coded as 17 (estimated half of 35). Saudi forces claimed to have intercepted 1 ballistic missile targeting Jizan city that day.",17,2021-Q4
2021-10-17,2021,Strategic developments,Disrupted weapons use,Military Forces of Saudi Arabia (2015-),Military Forces of Yemen (2017-) Houthi,Saudi Arabia,Najran,"Interception: On 17 October 2021, Saudi forces claimed to have intercepted and shot down 2 Houthi bomb-laden drones launched toward the southern regions of Saudi Arabia (coded to Najran). Unclear if the interception occurred over Saudi or Yemeni airspace.",0,2021-Q4
2021-10-16,2021,Strategic developments,Disrupted weapons use,Military Forces of Saudi Arabia (2015-),Military Forces of Yemen (2017-) Houthi,Saudi Arabia,Jizan,"Interception: On 16 October 2021, Saudi forces claimed to have intercepted and shot down 2 Houthi bomb-laden drones launched towards Jizan province.",0,2021-Q4
2021-10-14,2021,Strategic developments,Disrupted weapons use,Military Forces of Saudi Arabia (2015-),Military Forces of Yemen (2017-) Houthi,Saudi Arabia,Jizan,"Interception: On 14 October 2021, Saudi defense forces shot down 1 Houthi bomb-laden drone that was targeting locations in Jizan region.",0,2021-Q4
2021-10-09,2021,Strategic developments,Disrupted weapons use,Military Forces of Saudi Arabia (2015-),Military Forces of Yemen (2017-) Houthi,Saudi Arabia,Jizan,"Interception: On 9 October 2021, Saudi defense forces shot down 1 Sammad-3 Houthi bomb-laden drone that targeted Jizan - Jizan Regional Airport (Jizan). This occurred after a similar interception and a successful Houthi operation that injured 10 people in the airport the day prior.",0,2021-Q4
2021-10-09,2021,Strategic developments,Disrupted weapons use,Military Forces of Saudi Arabia (2015-),Military Forces of Yemen (2017-) Houthi,Saudi Arabia,Najran,"Interception: On 9 October 2021, Saudi forces claimed to have intercepted and shot down 1 Houthi bomb-laden drone launched toward the southern regions of Saudi Arabia (coded to Najran). Unclear if the interception occurred over Saudi or Yemeni airspace.",0,2021-Q4
2021-10-08,2021,Strategic developments,Disrupted weapons use,Military Forces of Saudi Arabia (2015-),Military Forces of Yemen (2017-) Houthi,Saudi Arabia,Jizan,"Interception: On 8 October 2021, Saudi defense forces shot down a Qasif Houthi bomb-laden drone that targeted Jizan - Jizan Regional Airport (Jizan). This occurred after a first successful Houthi operation injured 10 people in the airport that day.",0,2021-Q4
2021-10-08,2021,Explosions/Remote violence,Air/drone strike,Military Forces of Yemen (2017-) Houthi,Civilians (Saudi Arabia),Saudi Arabia,Jizan,"On 8 October 2021, a Houthi bomb-laden drone targeted Jizan - Jizan Regional Airport (Jizan) injuring 10 civilians -- 6 Saudi airport workers and travelers, and 3 Bangladeshi and 1 Sudanese airport workers. The drone also caused minor damage to the airport disrupting its operations for 30 minutes.",0,2021-Q4
2021-10-06,2021,Strategic developments,Disrupted weapons use,Military Forces of Saudi Arabia (2015-),Military Forces of Yemen (2017-) Houthi,Saudi Arabia,Asir,"Interception: On 6 October 2021, Saudi forces claimed to have intercepted and shot down 4 Houthi bomb-laden drones launched towards Abha Regional Airport (Abha, Asir).",0,2021-Q4
2021-10-06,2021,Explosions/Remote violence,Air/drone strike,Military Forces of Yemen (2017-) Houthi,Civilians (Saudi Arabia),Saudi Arabia,Asir,"On 6 October 2021, fragments of a Houthi drone that was intercepted over Abha Regional Airport (Abha, Asir) injured 4 civilians that worked in the airport and shattered glass windows temporarily suspending navigation activity in the airport.",0,2021-Q4
2021-10-03,2021,Strategic developments,Disrupted weapons use,Military Forces of Saudi Arabia (2015-),Military Forces of Yemen (2017-) Houthi,Saudi Arabia,Najran,"Interception: On 3 October 2021, Saudi forces claimed to have intercepted and shot down 1 Houthi bomb-laden drone launched toward the southern regions of Saudi Arabia (coded to Najran). Unclear if the interception occurred over Saudi or Yemeni airspace.",0,2021-Q4
2021-09-28,2021,Strategic developments,Disrupted weapons use,Military Forces of Saudi Arabia (2015-),Military Forces of Yemen (2017-) Houthi,Saudi Arabia,Asir,"Interception: On 28 September 2021, Saudi defense forces shot down a Houthi bomb-laden drone that targeted King Khalid Air Base (Khamis Mushayt, Asir).",0,2021-Q3
2021-09-25,2021,Strategic developments,Disrupted weapons use,Military Forces of Saudi Arabia (2015-),Military Forces of Yemen (2017-) Houthi,Saudi Arabia,Najran,"Interception: On 25 September 2021, Saudi forces claimed to have intercepted and shot down 2 Houthi bomb-laden drones launched toward the southern regions of Saudi Arabia (coded to Najran). Unclear if the interceptions occurred over Saudi or Yemeni airspace.",0,2021-Q3
2021-09-25,2021,Strategic developments,Disrupted weapons use,Military Forces of Saudi Arabia (2015-),Military Forces of Yemen (2017-) Houthi,Saudi Arabia,Najran,"Interception: On 25 September 2021, Saudi forces claimed to have intercepted and shot down a Houthi ballistic missile launched towards Najran city.",0,2021-Q3
2021-09-24,2021,Strategic developments,Disrupted weapons use,Military Forces of Saudi Arabia (2015-),Military Forces of Yemen (2017-) Houthi,Saudi Arabia,Asir,"Interception: On 24 September 2021, Saudi defense forces shot down a Houthi bomb-laden drone that targeted locations in Abha (Asir).",0,2021-Q3
2021-09-23,2021,Strategic developments,Disrupted weapons use,Military Forces of Saudi Arabia (2015-),Military Forces of Yemen (2017-) Houthi,Saudi Arabia,Jizan,"Interception: On 23 September 2021, Saudi defense forces shot down a Houthi ballistic missile that targeted locations in Jizan city.",0,2021-Q3
2021-09-15,2021,Strategic developments,Disrupted weapons use,Military Forces of Saudi Arabia (2015-),Military Forces of Yemen (2017-) Houthi,Saudi Arabia,Asir,"Interception: On 15 September 2021, Saudi defense forces shot down a Houthi bomb-laden drone that targeted Abha Regional Airport (Asir).",0,2021-Q3
2021-09-04,2021,Explosions/Remote violence,Air/drone strike,Military Forces of Yemen (2017-) Houthi,Civilians (Yemen),Saudi Arabia,Eastern,"On 4 September 2021, fragments from Houthi bomb-laden drones and a ballistic missile that were intercepted by Saudi forces over the city of Dammam (Ad Dammam, Eastern) injured 2 children and caused minor damage to 14 houses. Houthi forces claimed to have targeted the ARAMCO facility in Ras Tanura, north of Damman, with 8 Sammad-3 drones and a Zulfiqar ballistic missile.",0,2021-Q3
2021-09-04,2021,Strategic developments,Disrupted weapons use,Military Forces of Saudi Arabia (2015-),Military Forces of Yemen (2017-) Houthi,Saudi Arabia,Jizan,"Interception: On 4 September 2021, Saudi forces claimed to have intercepted and shot down a Houthi ballistic missile over Jizan which Houthi forces claimed targeted Jizan - Saudi ARAMCO (Badr type missile). A source confirmed that the interception took place outside of the facility without causing any damage.",0,2021-Q3
2021-09-04,2021,Strategic developments,Disrupted weapons use,Military Forces of Saudi Arabia (2015-),Military Forces of Yemen (2017-) Houthi,Saudi Arabia,Najran,"Interception: On 4 September 2021, Saudi forces claimed to have intercepted and shot down a Houthi ballistic missile over Najran which Houthi forces claimed targeted Najran - Saudi ARAMCO (Badr type missile). A source confirmed that the interception took place outside of the facility without causing any damage.",0,2021-Q3
2021-08-31,2021,Explosions/Remote violence,Air/drone strike,Military Forces of Yemen (2017-) Houthi,Civilians (Saudi Arabia),Saudi Arabia,Asir,"On 31 August 2021, fragments from a Houthi bomb-laden drone that was intercepted by Saudi forces over Abha Regional Airport (Abha, Asir) injured 8 airport workers and caused material damage, including to a A320 passenger aircraft.",0,2021-Q3
2021-08-30,2021,Strategic developments,Disrupted weapons use,Military Forces of Saudi Arabia (2015-),Military Forces of Yemen (2017-) Houthi,Saudi Arabia,Najran,"Interception: On 30 August 2021, Saudi forces claimed to have intercepted and shot down a Houthi ballistic missile launched towards Jizan over the sky of Najran.",0,2021-Q3
2021-08-15,2021,Strategic developments,Disrupted weapons use,Military Forces of Saudi Arabia (2015-),Military Forces of Yemen (2017-) Houthi,Saudi Arabia,Najran,"Interception: On 15 August 2021, Saudi forces claimed to have intercepted a Houthi ballistic missile launched towards Najran.",0,2021-Q3
2021-07-30,2021,Explosions/Remote violence,Air/drone strike,Military Forces of Yemen (2017-) Houthi,,Saudi Arabia,Jizan,"On 30 July 2021, 1 presumed Houthi Qasif-type drone struck Bahamas-flagged crude oil tanker ALBERTA (IMO: 9486922) as it was loading oil at Jizan - Saudi ARAMCO (Jizan). The attack caused light damage to the deck of the vessel as the loitering munition of the drone exploded over the bow of the vessel. Saudi forces claimed to have thwarted the attack.",0,2021-Q3
2021-07-28,2021,Strategic developments,Disrupted weapons use,Military Forces of Saudi Arabia (2015-),Military Forces of Yemen (2017-) Houthi,Saudi Arabia,Jizan,"Interception: On 28 July 2021, Saudi forces claimed to have intercepted and shot down two Houthi ballistic missiles launched towards Jizan.",0,2021-Q3
2021-07-28,2021,Strategic developments,Disrupted weapons use,Military Forces of Saudi Arabia (2015-),Military Forces of Yemen (2017-) Houthi,Saudi Arabia,Najran,"Interception: On 28 July 2021, Saudi forces claimed to have intercepted and shot down a Houthi bomb-laden drone launched in southern Saudi Arabia (coded to Najran).",0,2021-Q3
2021-07-27,2021,Strategic developments,Disrupted weapons use,Military Forces of Saudi Arabia (2015-),Military Forces of Yemen (2017-) Houthi,Saudi Arabia,Jizan,"Interception: On 27 July 2021, Saudi forces claimed to have intercepted and shot down 2 Houthi bomb-laden drones and 4 ballistic missiles targeting Jizan province.",0,2021-Q3
2021-07-24,2021,Strategic developments,Disrupted weapons use,Military Forces of Saudi Arabia (2015-),Military Forces of Yemen (2017-) Houthi,Saudi Arabia,Jizan,"Interception: On 24 July 2021, Saudi forces claimed to have intercepted and shot down a Houthi ballistic missile launched towards Jizan.",0,2021-Q3
2021-07-24,2021,Strategic developments,Disrupted weapons use,Military Forces of Saudi Arabia (2015-),Military Forces of Yemen (2017-) Houthi,Saudi Arabia,Najran,"Interception: On 24 July 2021, Saudi forces claimed to have intercepted and shot down 3 Houthi bomb-laden drones launched in the southern regions of Saudi Arabia (coded to Najran).",0,2021-Q3
2021-06-27,2021,Explosions/Remote violence,Air/drone strike,Military Forces of Yemen (2017-) Houthi,Military Forces of Saudi Arabia (2015-),Saudi Arabia,Asir,"On 27 June 2021, Houthi forces claimed to have successfully targeted King Khalid Air Base in Khamis Mushayt (Asir), the National Guard camp in Najran (Najran), and military sites at Abha Regional Airport (Asir) with 5 ballistic missiles and 5 bomb-laden drones.",0,2021-Q2
2021-06-27,2021,Strategic developments,Disrupted weapons use,Military Forces of Saudi Arabia (2015-),Military Forces of Yemen (2017-) Houthi,Saudi Arabia,Asir,"Interception: On 27 June 2021, Saudi forces claimed to have intercepted a bomb-laden drone and a ballistic missile launched by Houthi forces towards Khamis Mushait (Khamis Mushayt, Asir). Houthi forces claimed to have successfully targeted King Khalid Air Base in Khamis Mushayt (Asir), the National Guard camp in Najran (Najran), and military sites at Abha Regional Airport (Asir) with 5 ballistic missiles and 5 bomb-laden drones.",0,2021-Q2
2021-06-27,2021,Strategic developments,Disrupted weapons use,Military Forces of Saudi Arabia (2015-),Military Forces of Yemen (2017-) Houthi,Saudi Arabia,Najran,"Interception: On 27 June 2021, Saudi forces claimed to have intercepted a ballistic missile launched by Houthi forces towards Najran. Houthi forces claimed to have successfully targeted King Khalid Air Base in Khamis Mushayt (Asir), the National Guard camp in Najran (Najran), and military sites at Abha Regional Airport (Asir) with 5 ballistic missiles and 5 bomb-laden drones.",0,2021-Q2
2021-06-26,2021,Strategic developments,Disrupted weapons use,Military Forces of Saudi Arabia (2015-),Military Forces of Yemen (2017-) Houthi,Saudi Arabia,Najran,"Interception: On 26 June 2021, Saudi forces claimed to have intercepted two bomb-laden drones launched by Houthi forces in the southern regions of Saudi Arabia and one in Najran.",0,2021-Q2
2021-06-25,2021,Strategic developments,Disrupted weapons use,Military Forces of Saudi Arabia (2015-),Military Forces of Yemen (2017-) Houthi,Saudi Arabia,Asir,"Interception: On 25 June 2021, Saudi forces claimed to have intercepted a bomb-laden drone launched by Houthi forces towards Khamis Mushayt district (Asir). In what is understood to be the same event Houthi forces claimed to have successfully targeted King Khalid Air Base in the district with a Qasif-2K drone.",0,2021-Q2
2021-06-23,2021,Strategic developments,Disrupted weapons use,Military Forces of Saudi Arabia (2015-),Military Forces of Yemen (2017-) Houthi,Saudi Arabia,Najran,"Interception: On 23 June 2021, Saudi air defenses intercepted and shot down 4 Houthi bomb-laden drones launched towards 'the southern area' (coded to Najran).",0,2021-Q2
2021-06-23,2021,Strategic developments,Disrupted weapons use,Military Forces of Saudi Arabia (2015-),Military Forces of Yemen (2017-) Houthi,Saudi Arabia,Jizan,"Interception: On 23 June 2021, Saudi air defenses intercepted and shot down 1 Houthi bomb-laden drone in Jizan (coded to governorate level).",0,2021-Q2
2021-06-20,2021,Explosions/Remote violence,Shelling/artillery/missile attack,Military Forces of Yemen (2017-) Houthi,Military Forces of Saudi Arabia (2015-),Saudi Arabia,Mecca,"On 20 June 2021, Houthi forces fired ballistic missiles at a Saudi air base in Al Arfa (At Taif, Mecca). No fatalities were reported.",0,2021-Q2
2021-06-19,2021,Strategic developments,Disrupted weapons use,Military Forces of Saudi Arabia (2015-),Military Forces of Yemen (2017-) Houthi,Saudi Arabia,Asir,"Interception: On 19 June 2021, Saudi forces claimed to have intercepted 3 bomb-laden drones launched by Houthi forces towards Khamis Mushayt district (Asir). In what is understood to be the same event Houthi forces claimed to have successfully targeted King Khalid Air Base in the district with a Qasif-2K drone.",0,2021-Q2
2021-06-19,2021,Strategic developments,Disrupted weapons use,Military Forces of Saudi Arabia (2015-),Military Forces of Yemen (2017-) Houthi,Saudi Arabia,Najran,"Interception: On 19 June 2021, Saudi forces claimed to have intercepted 1 Houthi drone presumed to be a Sammad or a Qasif towards Najran (coded to district level).",0,2021-Q2
2021-06-17,2021,Explosions/Remote violence,Air/drone strike,Military Forces of Yemen (2017-) Houthi,,Saudi Arabia,Asir,"On 17 June 2021, Houthi forces claimed to have successfully launched two Qasif-2K drones at Saudi military targets in Abha Regional Airport (Asir). Casualties unknown.",0,2021-Q2
2021-06-14,2021,Explosions/Remote violence,Air/drone strike,Military Forces of Yemen (2017-) Houthi,,Saudi Arabia,Asir,"On 14 June 2021, Houthi forces claimed to have successfully launched a Qasif-2K drone at a Saudi military target in Abha Regional Airport (Asir). Casualties unknown.",0,2021-Q2
2021-06-13,2021,Explosions/Remote violence,Air/drone strike,Military Forces of Yemen (2017-) Houthi,,Saudi Arabia,Asir,"Other: On 13 June 2021, a Houthi drone (a Qasif or a Sammad) crashed in a school in Asir governorate (coded to capital Abha). There were no fatalities or injuries.",0,2021-Q2
2021-05-31,2021,Explosions/Remote violence,Air/drone strike,Military Forces of Yemen (2017-) Houthi,Military Forces of Saudi Arabia (2015-),Saudi Arabia,Asir,"On 31 May 2021, Houthi forces claimed to have successfully targeted King Khalid Air Base (Khamis Mushayt, Asir) with a Qasif-2K drone (similar claims were made for three consecutive days over 29-31 May).",0,2021-Q2
2021-05-30,2021,Strategic developments,Disrupted weapons use,Military Forces of Saudi Arabia (2015-),Military Forces of Yemen (2017-) Houthi,Saudi Arabia,Asir,"Interception: On 30 May 2021, Saudi forces claimed to have intercepted a bomb-laden drone launched by Houthi forces towards Khamis Mushayt district (Asir). In what is understood to be the same event Houthi forces claimed to have successfully targeted King Khalid Air Base in the district with a Qasif-2K drones (similar claims were made for three consecutive days over 29-31 May).",0,2021-Q2
2021-05-29,2021,Strategic developments,Disrupted weapons use,Military Forces of Saudi Arabia (2015-),Military Forces of Yemen (2017-) Houthi,Saudi Arabia,Asir,"Interception: On 29 May 2021, Saudi forces claimed to have intercepted two bomb-laden drones launched by Houthi forces towards Khamis Mushayt district (Asir). In what is understood to be the same event Houthi forces claimed to have successfully targeted King Khalid Air Base in the district with two Qasif-2K drones (similar claims were made for three consecutive days over 29-31 May).",0,2021-Q2
2021-05-28,2021,Strategic developments,Disrupted weapons use,Military Forces of Saudi Arabia (2015-),Military Forces of Yemen (2017-) Houthi,Saudi Arabia,Najran,"Interception: On 28 May 2021, Saudi forces claimed to have shot down a Houthi bomb-laden drone targeting locations in Southern Saudi Arabia (coded to Najran).",0,2021-Q2
2021-05-20,2021,Strategic developments,Disrupted weapons use,Military Forces of Saudi Arabia (2015-),Military Forces of Yemen (2017-) Houthi,Saudi Arabia,Jizan,"Interception: On 20 May 2021, Saudi forces claimed to have shot down a Houthi explosive-laden drone that was launched towards Jizan (Jizan).",0,2021-Q2
2021-05-13,2021,Strategic developments,Disrupted weapons use,Military Forces of Saudi Arabia (2015-),Military Forces of Yemen (2017-) Houthi,Saudi Arabia,Najran,"Interception: On 13 May 2021, Saudi air defense forces claimed to have intercepted 8 Houthi bomb-laden drones and 3 Houthi missiles fired at the country. In what are understood to be the same events Houthi forces claimed to have successfully targeted Najran - Saudi ARAMCO, Najran - Najran Airport, and other 'sensitive targets' in Najran city with 5 Qasif-2K drones and with 7 Sair and Badr type artillery rockets.",0,2021-Q2
2021-05-13,2021,Strategic developments,Disrupted weapons use,Military Forces of Saudi Arabia (2015-),Military Forces of Yemen (2017-) Houthi,Saudi Arabia,Najran,"Interception: On 13 May 2021, Saudi air defense forces claimed to have intercepted 8 Houthi bomb-laden drones and 3 Houthi missiles fired at the country. In what are understood to be the same events Houthi forces claimed to have successfully targeted Najran - Saudi ARAMCO, Najran - Najran Airport, and other 'sensitive targets' in Najran city with 5 Qasif-2K drones and with 7 Sair and Badr type artillery rockets.",0,2021-Q2
2021-05-13,2021,Strategic developments,Disrupted weapons use,Military Forces of Saudi Arabia (2015-),Military Forces of Yemen (2017-) Houthi,Saudi Arabia,Najran,"Interception: On 13 May 2021, Saudi air defense forces claimed to have intercepted 8 Houthi bomb-laden drones and 3 Houthi missiles fired at the country. In what are understood to be the same events Houthi forces claimed to have successfully targeted Najran - Saudi ARAMCO, Najran - Najran Airport, and other 'sensitive targets' in Najran city with 5 Qasif-2K drones and with 7 Sair and Badr type artillery rockets.",0,2021-Q2
2021-05-10,2021,Strategic developments,Disrupted weapons use,Military Forces of Saudi Arabia (2015-),Military Forces of Yemen (2017-) Houthi,Saudi Arabia,Asir,"Interception: On 10 May 2021, Saudi forces claimed to have intercepted a bomb-laden drone launched by Houthi forces towards Abha Regional Airport (Asir). In what is understood to be the same event Houthi forces claimed to have successfully struck a military target at the airport with a Qasif-2K drone.",0,2021-Q2
2021-05-09,2021,Strategic developments,Disrupted weapons use,Military Forces of Saudi Arabia (2015-),Military Forces of Yemen (2017-) Houthi,Saudi Arabia,Asir,"Interception: On 9 May 2021, Saudi forces claimed to have intercepted a bomb-laden drone launched by Houthi forces towards Khamis Mushait (Khamis Mushayt, Asir). In what is understood to be the same event Houthi forces claimed to have successfully targeted King Khalid Air Base with a Qasif-2K drone.",0,2021-Q2
2021-05-03,2021,Explosions/Remote violence,Air/drone strike,Military Forces of Yemen (2017-) Houthi,Military Forces of Saudi Arabia (2015-),Saudi Arabia,Asir,"On 3 May 2021, Houthi forces launched 1 Qasif-2K drone towards King Khalid Air Base (Khamis Mushayt, Asir). Casualties unknown. Houthi forces claimed to have launched a total of 4 Qasif-2K drones and 2 Badr artillery rockets at Saudi military sites in Najran - Najran Airport and King Khalid Air Base. Saudi forces claimed to have intercepted 3 drones and 2 ballistic missiles over Najran.",0,2021-Q2
2021-05-03,2021,Strategic developments,Disrupted weapons use,Military Forces of Saudi Arabia (2015-),Military Forces of Yemen (2017-) Houthi,Saudi Arabia,Najran,"Interception: On 3 May 2021, Saudi forces claimed to have intercepted and shot down 2 Houthi ballistic missiles and 3 Houthi bomb-laden drones launched towards Najran. In what is understood to be the same event Houthi forces had earlier claimed to have launched 4 Qasif-2K drones and 2 Badr artillery rockets at Saudi military sites in Najran - Najran Airport (Najran) and at King Khalid Air Base in Asir.",0,2021-Q2
2021-05-01,2021,Strategic developments,Disrupted weapons use,Military Forces of Saudi Arabia (2015-),Military Forces of Yemen (2017-) Houthi,Saudi Arabia,Mecca,"Interception: On 1 May 2021, Saudi forces intercepted a bomb-laden drone launched by Houthi forces towards Jeddah (Jiddah, Mecca).",0,2021-Q2
2021-04-28,2021,Strategic developments,Disrupted weapons use,Military Forces of Saudi Arabia (2015-),Military Forces of Yemen (2017-) Houthi,Saudi Arabia,Asir,"Interception: On 28 April 2021, Saudi forces intercepted 1 Houthi bomb-laden drone launched towards Khamis Mushayt (Asir). In what is understood to be the same event Houthi forces claimed an attack using 1 Qasif-2K drone targeting King Khalid Air Base.",0,2021-Q2
2021-04-26,2021,Explosions/Remote violence,Air/drone strike,Military Forces of Yemen (2017-) Houthi,Military Forces of Saudi Arabia (2015-),Saudi Arabia,Asir,"On 26 April 2021, a Houthi Qasif-2K drone targeted Saudi military locations in King Khalid Air Base (Khamis Mushayt, Asir). Casualties unknown.",0,2021-Q2
2021-04-24,2021,Strategic developments,Disrupted weapons use,Military Forces of Saudi Arabia (2015-),Military Forces of Yemen (2017-) Houthi,Saudi Arabia,Asir,"Interception: On 24 April 2021, Saudi forces claimed to have shot down 1 Houthi drone in southern Saudi Arabia. In what is understood to be the same event Houthi forces claimed an attack using 1 Qasif-2K drone targeting King Khalid Air Base (Khamis Mushayt, Asir).",0,2021-Q2
2021-04-23,2021,Strategic developments,Disrupted weapons use,Military Forces of Saudi Arabia (2015-),Military Forces of Yemen (2017-) Houthi,Saudi Arabia,Jizan,"Interception: On 23 April 2021, Saudi forces claimed to have intercepted 1 Houthi bomb-laden drone aimed at Jizan (Jizan). In what is understood to be the same event Houthi forces claimed an attack using 1 Sammad-3 drone on Jizan - Saudi ARAMCO.",0,2021-Q2
2021-04-21,2021,Strategic developments,Disrupted weapons use,Military Forces of Saudi Arabia (2015-),Military Forces of Yemen (2017-) Houthi,Saudi Arabia,Asir,"Interception: On 21 April 2021, Saudi forces intercepted 1 Houthi bomb-laden drone launched towards Khamis Mushayt (Asir). In what is understood to be the same event Houthi forces claimed an attack using 1 Qasif-2K drone targeting King Khalid Air Base.",0,2021-Q2
2021-04-20,2021,Strategic developments,Disrupted weapons use,Military Forces of Saudi Arabia (2015-),Military Forces of Yemen (2017-) Houthi,Saudi Arabia,Asir,"Interception: On 20 April 2021, Saudi forces shot down 1 Houthi drone launched towards Khamis Mushayt (Asir). In what is understood to be the same event Houthi forces claimed an attack using 1 Qasif-2K drone targeting Abha Regional Airport.",0,2021-Q2
2021-04-17,2021,Explosions/Remote violence,Air/drone strike,Military Forces of Yemen (2017-) Houthi,Military Forces of Saudi Arabia (2015-),Saudi Arabia,Asir,"On 17 April 2021, a Houthi Qasif-2K type drone targeted King Khalid Air Base in Khamis Mushayt (Asir). Casualties unknown.",0,2021-Q2
2021-04-16,2021,Strategic developments,Disrupted weapons use,Military Forces of Saudi Arabia (2015-),Military Forces of Yemen (2017-) Houthi,Saudi Arabia,Jizan,"Interception: On 16 April 2021, Saudi forces intercepted a ballistic missile launched by Houthi forces towards Jazan city (JIzan) in Saudi Arabia.",0,2021-Q2
2021-04-12,2021,Explosions/Remote violence,Air/drone strike,Military Forces of Yemen (2017-) Houthi,,Saudi Arabia,Jizan,"On 12 April 2021, Houthi forces continue to target military locations in Khamis Mushayt (coded to district level at Khamis Mushait) (Asir) and Jizan (Jizan) with 5 Qasif-2K drones and 2 Badr-1 missiles for the second day. Casualties unknown. This came as part of the Houthi operation 30th of Shaban.",0,2021-Q2
2021-04-11,2021,Strategic developments,Disrupted weapons use,Military Forces of Saudi Arabia (2015-),Military Forces of Yemen (2017-) Houthi,Saudi Arabia,Asir,"Interception: On 11 April 2021, Saudi forces shot down 1 Houthi drone that targeted locations in Khamis Mushayt (Asir). In what is understood to be the same event Houthi forces claimed an attack using 2 Qasif-2K drones and Badr-1 missiles on King Khalid Air Base in the district and on Jizan (coded to district level).",0,2021-Q2
2021-04-11,2021,Strategic developments,Disrupted weapons use,Military Forces of Saudi Arabia (2015-),Military Forces of Yemen (2017-) Houthi,Saudi Arabia,Jizan,"Interception: On 11 April 2021, Saudi forces shot down 1 Houthi drone that targeted locations in Khamis Mushayt (Asir). In what is understood to be the same event Houthi forces claimed an attack using 2 Qasif-2K drones and Badr-1 missiles on King Khalid Air Base in the district and on Jizan (coded to district level).",0,2021-Q2
2021-04-11,2021,Strategic developments,Disrupted weapons use,Military Forces of Saudi Arabia (2015-),Military Forces of Yemen (2017-) Houthi,Saudi Arabia,Jizan,"Interception: On 11 April 2021, Saudi forces intercepted 1 ballistic missile and 2 bomb-laden drones including 1 Qasif-2K drone targeting Jizan (Jizan).",0,2021-Q2
2021-04-09,2021,Strategic developments,Disrupted weapons use,Military Forces of Saudi Arabia (2015-),Military Forces of Yemen (2017-) Houthi,Saudi Arabia,Jizan,"Interception: On 9 April 2021, Saudi forces intercepted a ballistic missile launched by Houthi forces towards Jazan city (JIzan) in Saudi Arabia.",0,2021-Q2
2021-04-08,2021,Strategic developments,Disrupted weapons use,Military Forces of Saudi Arabia (2015-),Military Forces of Yemen (2017-) Houthi,Saudi Arabia,Jizan,"Interception: On 8 April 2021, Saudi forces intercepted a bomb-laden drone (Qasif-2K) launched by Houthi forces towards Jizan (Jizan) in Saudi Arabia.",0,2021-Q2
2021-04-06,2021,Strategic developments,Disrupted weapons use,Military Forces of Saudi Arabia (2015-),Military Forces of Yemen (2017-) Houthi,Saudi Arabia,Asir,"Interception: On 6 April 2021, Saudi forces claimed to have shot down 1 Houthi drone targeting locations in Khamis Mushayt district (Asir). In what is understood to be the same event Houthi forces announced that two Qasif-2K drones had struck King Khalid Air Base in the district.",0,2021-Q2
2021-03-30,2021,Strategic developments,Disrupted weapons use,Military Forces of Saudi Arabia (2015-),Military Forces of Yemen (2017-) Houthi,Saudi Arabia,Jizan,"Interception: On 30 March 2021, Saudi forces shot down 2 Houthi bomb-laden drones including 1 in Yemeni airspace (coded to Al Buqa) (Kitaf wa al Boqee, Sadah) and 1 over Jizan (coded to district level).",0,2021-Q1
2021-03-26,2021,Strategic developments,Disrupted weapons use,Military Forces of Saudi Arabia (2015-),Military Forces of Yemen (2017-) Houthi,Saudi Arabia,Najran,"Interception: On 26 March 2021, the Saudi military intercepted a Houthi ballistic missile towards Najran (Najran).",0,2021-Q1
2021-03-25,2021,Strategic developments,Disrupted weapons use,Military Forces of Saudi Arabia (2015-),Military Forces of Yemen (2017-) Houthi,Saudi Arabia,Najran,"Interception: On 25 March 2021, Saudi military forces intercepted 1 Houthi drone targeting Najran (Najran) amid the interception of 8 Houthi bomb-laden drones that day. In what are understood to be the same events Houthi forces claimed attacks on Saudi Arabia using Sammad-3 and Qasif-2K drones.",0,2021-Q1
2021-03-23,2021,Explosions/Remote violence,Air/drone strike,Military Forces of Yemen (2017-) Houthi,,Saudi Arabia,Asir,"On 23 March 2021, a Houthi Qasif 2K drone targeted Abha Regional Airport (Abha, Asir). No fatalities reported.",0,2021-Q1
2021-03-20,2021,Explosions/Remote violence,Air/drone strike,Military Forces of Yemen (2017-) Houthi,,Saudi Arabia,Asir,"On 20 March 2021, a Houthi Qasif 2K drone targeted Abha Regional Airport (Asir). No fatalities reported.",0,2021-Q1
2021-03-19,2021,Explosions/Remote violence,Air/drone strike,Military Forces of Yemen (2017-) Houthi,,Saudi Arabia,Ar Riyadh,"On 19 March 2021, Houthi forces launched six bomb-laden drones at Riyadh-Saudi Aramco facilities (Ar Riyadh), causing a small fire at an oil refinery. No fatalities nor injuries reported.",0,2021-Q1
2021-03-19,2021,Explosions/Remote violence,Air/drone strike,Military Forces of Yemen (2017-) Houthi,Military Forces of Saudi Arabia (2015-),Saudi Arabia,Asir,"On 19 March 2021, 2 Houthi Qasif-2K drones targeted King Khalid Air Base (Khamis Mushayt, Asir). Casualties unknown.",0,2021-Q1
2021-03-18,2021,Explosions/Remote violence,Air/drone strike,Military Forces of Yemen (2017-) Houthi,,Saudi Arabia,Asir,"On 18 March 2021, Houthi forces launched a bomb-laden Qasif-2K drones at Abha Regional airport (Asir, Saudi Arabia). Casualties unknown.",0,2021-Q1
2021-03-16,2021,Strategic developments,Disrupted weapons use,Military Forces of Saudi Arabia (2015-),Military Forces of Yemen (2017-) Houthi,Saudi Arabia,Asir,"Interception: On 16 March 2021, Saudi forces intercepted 1 Houthi bomb-laden drone targeting Khamis Mushayt (Asir). In what is understood to be the same event Houthi forces claimed an attack using 1 Qasif-2K drone on King Khalid Air Base in the district.",0,2021-Q1
2021-03-15,2021,Strategic developments,Disrupted weapons use,Military Forces of Saudi Arabia (2015-),Military Forces of Yemen (2017-) Houthi,Saudi Arabia,Asir,"Interception: On 15 March 2021, Saudi forces intercepted 1 Houthi bomb-laden drone targeting Khamis Mushayt (Asir). In what is understood to be the same event Houthi forces claimed an attack using at least 1 Qasif-2K drone on King Khalid Air Base in the district.",0,2021-Q1
2021-03-15,2021,Explosions/Remote violence,Air/drone strike,Military Forces of Yemen (2017-) Houthi,,Saudi Arabia,Asir,"On 15 March 2021, 3 Houthi Qasif-2K drones targeted Abha Regional Airport (Abha, Asir) and King Khalid Air Base (Khamis Mushait, Asir). Casualties unknown.",0,2021-Q1
2021-03-09,2021,Strategic developments,Disrupted weapons use,Military Forces of Saudi Arabia (2015-),Military Forces of Yemen (2017-) Houthi,Saudi Arabia,Al Madinah,"Interception: On 9 March 2021, Saudi forces intercepted and shot down with Patriot missiles 2 Burkan-2 missiles fired by Houthi forces at oil facilities in Yanbu (coded to Yanbu Refinery) (Yanbu, Al Madinah).",0,2021-Q1
2021-03-08,2021,Explosions/Remote violence,Shelling/artillery/missile attack,Military Forces of Yemen (2017-) Houthi,,Saudi Arabia,Asir,"On 8 March 2021, a Houthi ballistic missile targeted Abha Regional airport (Abha, Asir). According to source, this is a new missile type, the name of which is still undisclosed. No fatalities reported.",0,2021-Q1
2021-03-07,2021,Explosions/Remote violence,Air/drone strike,Military Forces of Yemen (2017-) Houthi,Military Forces of Saudi Arabia (2015-),Saudi Arabia,Eastern,"On 7 March 2021, Houthi forces launched drones at military targets in Ad Dammam district (Eastern). Casualties unknown.",0,2021-Q1
2021-03-07,2021,Explosions/Remote violence,Shelling/artillery/missile attack,Military Forces of Yemen (2017-) Houthi,Military Forces of Saudi Arabia (2015-),Saudi Arabia,Asir,"On 7 March 2021, Houthi forces fired 7 Badr precision rockets at military areas of Abha Regional Airport (Abha, Asir) and other military targets in Jizan and Asir regions. Casualties unknown.",0,2021-Q1
2021-03-07,2021,Explosions/Remote violence,Shelling/artillery/missile attack,Military Forces of Yemen (2017-) Houthi,Military Forces of Saudi Arabia (2015-),Saudi Arabia,Asir,"On 7 March 2021, Houthi forces fired 7 Badr precision rockets at military areas of Abha Regional Airport (Abha, Asir) and other military targets in Jizan and Asir regions. Casualties unknown.",0,2021-Q1
2021-03-07,2021,Strategic developments,Disrupted weapons use,Military Forces of Saudi Arabia (2015-),Military Forces of Yemen (2017-) Houthi,Saudi Arabia,Asir,"Interception: On 7 March 2021, Saudi forces intercepted and shot down 4 Qasif-2K Houthi drones launched towards military targets in King Khalid Air Base (Khamis Mushayt, Asir).",0,2021-Q1
2021-03-07,2021,Explosions/Remote violence,Shelling/artillery/missile attack,Military Forces of Yemen (2017-) Houthi,Military Forces of Saudi Arabia (2015-),Saudi Arabia,Jizan,"On 7 March 2021, Houthi forces fired 7 Badr precision rockets at military areas of Abha Regional Airport (Abha, Asir) and other military targets in Jizan and Asir regions. Casualties unknown.",0,2021-Q1
2021-03-07,2021,Explosions/Remote violence,Air/drone strike,Military Forces of Yemen (2017-) Houthi,,Saudi Arabia,Mecca,"On 7 March 2021, a Houthi drone or missile strike targeted Jeddah - King Abdulaziz International Airport (Jiddah, Mecca) causing the airport to temporarily partially shut down. Casualties unknown.",0,2021-Q1
2021-03-07,2021,Explosions/Remote violence,Shelling/artillery/missile attack,Military Forces of Yemen (2017-) Houthi,,Saudi Arabia,Eastern,"On 7 March 2021, Houthi forces fired 1 Zulfiqar ballistic missile at the Aramco Ras Tanura fuel port after a previous drone attack on the facility failed with the missile landing in Dhahran (Al Khubar, Eastern) 350m from Aramco housing units. There were no fatalities.",0,2021-Q1
2021-03-06,2021,Strategic developments,Disrupted weapons use,Military Forces of Saudi Arabia (2015-),Military Forces of Yemen (2017-) Houthi,Saudi Arabia,Asir,"Interception: On 6 March 2021, Saudi forces shot down 8 Houthi drones launched towards targets in Saudi Arabia. In what is understood to be the same event Houthi forces claimed a successful attack on King Khalid Air Base (Khamis Mushayt, Asir) with at least 2 Sammad-3 drones.",0,2021-Q1
2021-03-06,2021,Strategic developments,Disrupted weapons use,Military Forces of Saudi Arabia (2015-),Military Forces of Yemen (2017-) Houthi,Saudi Arabia,Jizan,"Interception: On 6 March 2021, Saudi forces shot down 1 Houthi bomb-laden drone in Jizan (coded to district level).",0,2021-Q1
2021-03-04,2021,Strategic developments,Disrupted weapons use,Military Forces of Saudi Arabia (2015-),Military Forces of Yemen (2017-) Houthi,Saudi Arabia,Asir,"Interception: On 4 March 2021, Saudi forces intercepted 1 Houthi bomb-laden drone launched towards Khamis Mushayt (Asir). In what is understood to be the same event Houthi forces claimed a successful attack targeting King Khalid Air Base.",0,2021-Q1
2021-03-04,2021,Strategic developments,Disrupted weapons use,Military Forces of Saudi Arabia (2015-),Military Forces of Yemen (2017-) Houthi,Saudi Arabia,Jizan,"Interception: On 4 March 2021, Saudi forces intercepted a ballistic missile launched by Houthi forces towards Jazan city (JIzan) in Saudi Arabia.",0,2021-Q1
2021-03-02,2021,Strategic developments,Disrupted weapons use,Military Forces of Saudi Arabia (2015-),Military Forces of Yemen (2017-) Houthi,Saudi Arabia,Asir,"Interception: On 2 March 2021, Saudi forces shot down 1 Houthi bomb-laden drone targeting Abha Regional Airport (Asir). In what is understood to be the same event Houthi forces claimed a successful attack on the airport using 1 Qasif-2K drone.",0,2021-Q1
2021-02-27,2021,Strategic developments,Disrupted weapons use,Military Forces of Saudi Arabia (2015-),Military Forces of Yemen (2017-) Houthi,Saudi Arabia,Jizan,"Interception: On 27 February 2021, Saudi forces shot down between 4 and 6 Houthi drones launched towards Jizan (coded to district level) and Khamis Mushayt (coded to district level at Khamis Mushait) (Asir). In what is understood to be the same event Houthi forces claimed an operation on Saudi Arabia that involved 15 drones including 9 Sammad-3 and 6 Qasif-2K.",0,2021-Q1
2021-02-27,2021,Strategic developments,Disrupted weapons use,Military Forces of Saudi Arabia (2015-),Military Forces of Yemen (2017-) Houthi,Saudi Arabia,Najran,"Interception: On 27 February 2021, Saudi-led coalition forces shot down a Houthi drone over Njran (Asir).",0,2021-Q1
2021-02-27,2021,Strategic developments,Disrupted weapons use,Military Forces of Saudi Arabia (2015-),Military Forces of Yemen (2017-) Houthi,Saudi Arabia,Ar Riyadh,"Interception: On 27 February 2021, Saudi military forces shot down a Houthi ballistic missile over Riyadh (Ar Riyadh, Ar Riyadh).",0,2021-Q1
2021-02-21,2021,Strategic developments,Disrupted weapons use,Military Forces of Saudi Arabia (2015-),Military Forces of Yemen (2017-) Houthi,Saudi Arabia,Mecca,"Interception: On 21 February 2021, Saudi defense forces intercepted a Houthi cruise missile in the skies of Taif city (At Taif, Makkah).",0,2021-Q1
2021-02-16,2021,Strategic developments,Disrupted weapons use,Military Forces of Saudi Arabia (2015-),Military Forces of Yemen (2017-) Houthi,Saudi Arabia,Asir,"Interception: On 16 February 2021, Saudi forces shot down 1 Houthi bomb-laden drone launched towards Abha Regional Airport (Abha, Asir).",0,2021-Q1
2021-02-15,2021,Explosions/Remote violence,Air/drone strike,Military Forces of Yemen (2017-) Houthi,,Saudi Arabia,Asir,"On 15 February 2021, Houthi Sammad and Qasif 2K drones targeted Abha Regional Airport (Abha, Asir) and Jeddah - King Abdulaziz International Airport (Jiddah, Mecca). Casualties unknown.",0,2021-Q1
2021-02-15,2021,Explosions/Remote violence,Air/drone strike,Military Forces of Yemen (2017-) Houthi,,Saudi Arabia,Mecca,"On 15 February 2021, Houthi Sammad and Qasif 2K drones targeted Abha Regional Airport (Abha, Asir) and Jeddah - King Abdulaziz International Airport (Jiddah, Mecca). Casualties unknown.",0,2021-Q1
2021-02-14,2021,Explosions/Remote violence,Air/drone strike,Military Forces of Yemen (2017-) Houthi,,Saudi Arabia,Asir,"On 14 February 2021, Houthi forces launched a Sammad-3 and Qasif-2K type drones at Abha Regional Airport (Asir). Casualties unknown.",0,2021-Q1
2021-02-13,2021,Strategic developments,Disrupted weapons use,Military Forces of Saudi Arabia (2015-),Military Forces of Yemen (2017-) Houthi,Saudi Arabia,Asir,"Interception: On 13 February 2021, Saudi forces shot down 1 Houthi drone launched towards Abha Regional Airport (Asir). In what is understood to be the same event Houthi forces claimed a successful attack on the airport with a Sammad-3 drone.",0,2021-Q1
2021-02-12,2021,Explosions/Remote violence,Air/drone strike,Military Forces of Yemen (2017-) Houthi,,Saudi Arabia,Asir,"On 12 February 2021, 3 Houthi Qasif-2K drones targeted Abha Regional Airport (Abha, Asir) and King Khalid Air base (Khamis Mushiat, Asir). Casualties unknown.",0,2021-Q1
2021-02-12,2021,Explosions/Remote violence,Air/drone strike,Military Forces of Yemen (2017-) Houthi,Military Forces of Saudi Arabia (2015-),Saudi Arabia,Asir,"On 12 February 2021, 3 Houthi Qasif-2K drones targeted Abha Regional Airport (Abha, Asir) and King Khalid Air base (Khamis Mushayt, Asir). Casualties unknown.",0,2021-Q1
2021-02-10,2021,Explosions/Remote violence,Air/drone strike,Military Forces of Yemen (2017-) Houthi,,Saudi Arabia,Asir,"On 10 February 2021, Houthi forces launched four bomb-laden Sammad 3 drones and Qasif-2K drones at Abha Regional airport (Asir, Saudi Arabia) hitting a civilian aircraft. Casualties unknown.",0,2021-Q1
2021-01-26,2021,Strategic developments,Disrupted weapons use,Military Forces of Saudi Arabia (2015-),Military Forces of Yemen (2017-) Houthi,Saudi Arabia,Ar Riyadh,"Interception: On 26 January 2021, the Saudi military reportedly intercepted a Houthi Zulfiqar ballistic missile east of Riyadh city (Ar Riyad). Some debris hit a civilian house without any casualties.",0,2021-Q1
2021-01-22,2021,Strategic developments,Disrupted weapons use,Military Forces of Saudi Arabia (2015-),Al Waad Al Haq Brigades,Saudi Arabia,Ar Riyadh,"Interception: On 22 January 2021, Saudi air defense forces claimed to have intercepted a 'hostile air target' over Riyadh city (Ar Riyadh). Houthi officials denied any involvement in the attack that was later claimed by Iraqi militia group Al Waad Al Haq Brigades. The group claimed to have launched 3 drones at Al Yamama Palace and other targets in Riyadh.",0,2021-Q1
2020-12-15,2020,Strategic developments,Disrupted weapons use,Military Forces of Saudi Arabia (2015-),Military Forces of Yemen (2017-) Houthi,Saudi Arabia,Najran,"Interception: On 15 December 2020, the Saudi military reportedly shot down a Houthi drone that was targeting Saudi areas. Location is unclear and is coded in Najran (Najran) as it is close to the border.",0,2020-Q4
2020-12-09,2020,Strategic developments,Disrupted weapons use,Military Forces of Saudi Arabia (2015-),Military Forces of Yemen (2017-) Houthi,Saudi Arabia,Najran,"Interception: On 9 December 2020, the Saudi military shot down 1 Houthi drone that was targeting residential areas in southern Saudi Arabia (coded to Najran).",0,2020-Q4
2020-12-07,2020,Strategic developments,Disrupted weapons use,Military Forces of Saudi Arabia (2015-),Military Forces of Yemen (2017-) Houthi,Saudi Arabia,Najran,"Interception: On 7 December 2020, the Saudi military shot down 1 Houthi drone that was targeting residential areas in southern Saudi Arabia (coded to Najran).",0,2020-Q4
2020-12-04,2020,Strategic developments,Disrupted weapons use,Military Forces of Saudi Arabia (2015-),Military Forces of Yemen (2017-) Houthi,Saudi Arabia,Najran,"Interception: On 4 December 2020, the Saudi military intercepted 1 bomb-laden drone launched by Houthi forces towards southern Saudi Arabia (coded to Najran).",0,2020-Q4
2020-11-23,2020,Explosions/Remote violence,Shelling/artillery/missile attack,Military Forces of Yemen (2017-) Houthi,,Saudi Arabia,Mecca,"On 23 November 2020, Houthi forces launched a Quds-2 land attack cruise missile at Jeddah - Saudi ARAMCO (North Plant) (Jiddah, Makkah) striking a storage tank and causing a fire in the facility. There were no fatalities or injuries.",0,2020-Q4
2020-11-05,2020,Strategic developments,Disrupted weapons use,Military Forces of Saudi Arabia (2015-),Military Forces of Yemen (2017-) Houthi,Saudi Arabia,Najran,"Interception: On 5 November 2020, Saudi forces claimed to have intercepted and destroyed 1 Houthi bomb-laden drone launched towards southern Saudi Arabia (coded to Najran).",0,2020-Q4
2020-10-28,2020,Strategic developments,Disrupted weapons use,Military Forces of Saudi Arabia (2015-),Military Forces of Yemen (2017-) Houthi,Saudi Arabia,Jizan,"Interception: On 28 October 2020, Saudi forces claimed to have intercepted 3 Houthi ballistic missiles and 6 drones including 1 Sammad and 1 Qasif targeting Najran (coded to district level), Jizan (coded to district level), and Khamis Mushayt (coded to district level at Khamis Mushait) (Asir).",0,2020-Q4
2020-10-28,2020,Strategic developments,Disrupted weapons use,Military Forces of Saudi Arabia (2015-),Military Forces of Yemen (2017-) Houthi,Saudi Arabia,Najran,"Interception: On 28 October 2020, Saudi forces claimed to have intercepted 3 Houthi ballistic missiles and 6 drones including 1 Sammad and 1 Qasif targeting Najran (coded to district level), Jizan (coded to district level), and Khamis Mushayt (coded to district level at Khamis Mushait) (Asir).",0,2020-Q4
2020-10-27,2020,Strategic developments,Disrupted weapons use,Military Forces of Saudi Arabia (2015-),Military Forces of Yemen (2017-) Houthi,Saudi Arabia,Asir,"Interception: On 27 October 2020, Saudi forces shot down 1 Houthi Qasif-2K drone targeting residential areas in southern Saudi Arabia. In what is understood to be the same event Houthi forces claimed a successful attack on Abha Regional Airport (Asir).",0,2020-Q4
2020-10-26,2020,Strategic developments,Disrupted weapons use,Military Forces of Saudi Arabia (2015-),Military Forces of Yemen (2017-) Houthi,Saudi Arabia,Asir,"Interception: On 26 October 2020, Saudi forces claimed to have intercepted Houthi Qasif-2K drones targeting Abha Regional Airport (Abha, Asir) and King Khalid Air Base (Khamis Mushayt, Asir).",0,2020-Q4
2020-10-26,2020,Strategic developments,Disrupted weapons use,Military Forces of Saudi Arabia (2015-),Military Forces of Yemen (2017-) Houthi,Saudi Arabia,Asir,"Interception: On 26 October 2020, Saudi forces claimed to have intercepted Houthi Qasif-2K drones targeting Abha Regional Airport (Abha, Asir) and King Khalid Air Base (Khamis Mushayt, Asir).",0,2020-Q4
2020-10-25,2020,Strategic developments,Disrupted weapons use,Military Forces of Saudi Arabia (2015-),Military Forces of Yemen (2017-) Houthi,Saudi Arabia,Asir,"Interception: On 25 October 2020, Saudi forces shot down 1 Houthi Sammad-3 drone targeting residential areas in southern Saudi Arabia. In what is understood to be the same event Houthi forces claimed a successful attack on Abha Regional Airport (Asir). One source said that Saudi forces claimed to have shot down 4 drones on their way to Saudi Arabia.",0,2020-Q4
2020-10-25,2020,Explosions/Remote violence,Air/drone strike,Military Forces of Yemen (2017-) Houthi,Military Forces of Saudi Arabia (2015-),Saudi Arabia,Asir,"On 25 October 2020, 1 Houthi Qasif-2K targeted King Khalid Air Base (Khamis Mushayt, Asir). Casualties unknown.",0,2020-Q4
2020-10-24,2020,Explosions/Remote violence,Air/drone strike,Military Forces of Yemen (2017-) Houthi,,Saudi Arabia,Jizan,"On 24 October 2020, Houthi forces launched a Qasif 2k bomb-laden drone on Jizan Airport (Jazan, Jizan). No report of fatalities or injuries.",0,2020-Q4
2020-10-24,2020,Strategic developments,Disrupted weapons use,Military Forces of Saudi Arabia (2015-),Military Forces of Yemen (2017-) Houthi,Saudi Arabia,Asir,"Interception: On 24 October 2020, Saudi forces claimed to have intercepted and destroyed Houthi bomb-laden drones launched towards southern Saudi Arabia. Houthi forces had earlier claimed to have launched 2 Qasif-2K drones at Abha Regional Airport (Abha, Asir) and King Khalid Air Base (Khamis Mushayt, Asir).",0,2020-Q4
2020-10-24,2020,Strategic developments,Disrupted weapons use,Military Forces of Saudi Arabia (2015-),Military Forces of Yemen (2017-) Houthi,Saudi Arabia,Asir,"Interception: On 24 October 2020, Saudi forces claimed to have intercepted and destroyed Houthi bomb-laden drones launched towards southern Saudi Arabia. Houthi forces had earlier claimed to have launched 2 Qasif-2K drones at Abha Regional Airport (Abha, Asir) and King Khalid Air Base (Khamis Mushayt, Asir).",0,2020-Q4
2020-10-24,2020,Explosions/Remote violence,Air/drone strike,Military Forces of Yemen (2017-) Houthi,Civilians (Saudi Arabia),Saudi Arabia,Asir,"On 24 October 2020, fragments from 1 Houthi Qasif-2K drone intercepted by Saudi forces fell across Sarat Abidah district (coded to Surat Abydah) (Asir) causing damage to 5 homes and 3 vehicles and injuring 1 civilian.",0,2020-Q4
2020-10-06,2020,Strategic developments,Disrupted weapons use,Military Forces of Saudi Arabia (2015-),Military Forces of Yemen (2017-) Houthi,Saudi Arabia,Najran,"Interception: On 6 October 2020, the Saudi military shot down 1 Houthi drone on its way to Najran city (Najran).",0,2020-Q4
2020-09-15,2020,Explosions/Remote violence,Air/drone strike,Military Forces of Yemen (2017-) Houthi,Military Forces of Saudi Arabia (2015-),Saudi Arabia,Asir,"On 15 September 2020, pro-Houthi forces attacked Abha Regional Airport (Abha, Asir) with a Sammad-3 drone. Casualties unknown.",0,2020-Q3
2020-09-10,2020,Strategic developments,Disrupted weapons use,Military Forces of Saudi Arabia (2015-),Military Forces of Yemen (2017-) Houthi,Saudi Arabia,Ar Riyadh,"Interception: On 10 September 2020, pro-Houthi forces launched four Sammad-3 drones and a Zulfiqar 'ballistic missile' towards a target in Riyadh (Ar Riyadh, Ar Riyad) that were intercepted according to the Saudi military.",0,2020-Q3
2020-09-08,2020,Strategic developments,Disrupted weapons use,Military Forces of Saudi Arabia (2015-),Military Forces of Yemen (2017-) Houthi,Saudi Arabia,Asir,"Interception: On 8 September 2020,Saudi forces claimed to have intercepted and destroyed 1 Houthi bomb-laden drone launched towards Saudi Arabia. Houthi forces had earlier claimed to have launched 3 drones at Abha Regional airport (Abha, Asir).",0,2020-Q3
2020-09-08,2020,Explosions/Remote violence,Air/drone strike,Military Forces of Yemen (2017-) Houthi,,Saudi Arabia,Asir,"On 8 September 2020, 3 Houthi drones targeted Abha Regional airport (Abha, Asir). The Saudi military claimed to have intercepted one drone and did not comment on the other two reported by the Houthis. No fatalities reported.",0,2020-Q3
2020-09-06,2020,Strategic developments,Disrupted weapons use,Military Forces of Saudi Arabia (2015-),Military Forces of Yemen (2017-) Houthi,Saudi Arabia,Asir,"Interception: On 6 September 2020, a Houthi drone was shot down by Saudi forces in Southern Saudi Arabia. According to Houthi sources, an attack was carried out by multiple Houthi drones on Abha airport (Abha, Asir). No fatalities reported by either source.",0,2020-Q3
2020-09-01,2020,Strategic developments,Disrupted weapons use,Military Forces of Saudi Arabia (2015-),Military Forces of Yemen (2017-) Houthi,Saudi Arabia,Jizan,"Interception: On 1 September 2020, Saudi forces intercepted a Houthi ballistic missile that was targeting locations in Jizan (Jizan).",0,2020-Q3
2020-08-30,2020,Strategic developments,Disrupted weapons use,Military Forces of Saudi Arabia (2015-),Military Forces of Yemen (2017-) Houthi,Saudi Arabia,Asir,"Interception: On 30 August 2020, Saudi forces reportedly shot down a Houthi drone with explosives over the Abha Regional airport (Abha, Asir), with reports of shrapnel falling on the airport and its surroundings, causing damage but no injuries or fatalities.",0,2020-Q3
2020-08-28,2020,Strategic developments,Disrupted weapons use,Military Forces of Saudi Arabia (2015-),Military Forces of Yemen (2017-) Houthi,Saudi Arabia,Najran,"Interception: On 28 August 2020, the Saudi air defence reportedly intercepted and destroyed a Houthi ballistic missile allegedly directed against civilian targets in Najran city and 2 armed unmanned drones.",0,2020-Q3
2020-08-27,2020,Strategic developments,Disrupted weapons use,Military Forces of Saudi Arabia (2015-),Military Forces of Yemen (2017-) Houthi,Saudi Arabia,Najran,"Interception: On 27 August 2020, the Saudi air defence reportedly intercepted and destroyed a Houthi ballistic missile allegedly directed against civilian targets in Najran city.",0,2020-Q3
2020-07-13,2020,Strategic developments,Disrupted weapons use,Military Forces of Saudi Arabia (2015-),Military Forces of Yemen (2017-) Houthi,Saudi Arabia,Asir,"Interception: On 13 July 2020, Houthi forces claimed to have fired ballistic missiles and struck Abha Regional Airport (Abha, Asir), Jizan Regional Airport (Jazan, Jizan), Najran Airport (Najran, Najran) and the Saudi-ARAMCO facility in the industrial area of Jizan (Jazan, Jizan) with no reports of fatalities or injuries. Saudi forces claimed to have intercepted 7 drones and 4 ballistic missiles in what it called a failed attempt to attack infrastructure.",0,2020-Q3
2020-07-13,2020,Strategic developments,Disrupted weapons use,Military Forces of Saudi Arabia (2015-),Military Forces of Yemen (2017-) Houthi,Saudi Arabia,Jizan,"Interception: On 13 July 2020, Houthi forces claimed to have fired ballistic missiles and struck Abha Regional Airport (Abha, Asir), Jizan Regional Airport (Jazan, Jizan), Najran Airport (Najran, Najran) and the Saudi-ARAMCO facility in the industrial area of Jizan (Jazan, Jizan) with no reports of fatalities or injuries. Saudi forces claimed to have intercepted 7 drones and 4 ballistic missiles in what it called a failed attempt to attack infrastructure.",0,2020-Q3
2020-07-13,2020,Strategic developments,Disrupted weapons use,Military Forces of Saudi Arabia (2015-),Military Forces of Yemen (2017-) Houthi,Saudi Arabia,Jizan,"Interception: On 13 July 2020, Houthi forces claimed to have fired ballistic missiles and struck Abha Regional Airport (Abha, Asir), Jizan Regional Airport (Jazan, Jizan), Najran Airport (Najran, Najran) and the Saudi-ARAMCO facility in the industrial area of Jizan (Jazan, Jizan) with no reports of fatalities or injuries. Saudi forces claimed to have intercepted 7 drones and 4 ballistic missiles in what it called a failed attempt to attack infrastructure.",0,2020-Q3
2020-07-13,2020,Strategic developments,Disrupted weapons use,Military Forces of Saudi Arabia (2015-),Military Forces of Yemen (2017-) Houthi,Saudi Arabia,Najran,"Interception: On 13 July 2020, Houthi forces claimed to have fired ballistic missiles and struck Abha Regional Airport (Abha, Asir), Jizan Regional Airport (Jazan, Jizan), Najran Airport (Najran, Najran) and the Saudi-ARAMCO facility in the industrial area of Jizan (Jazan, Jizan) with no reports of fatalities or injuries. Saudi forces claimed to have intercepted 7 drones and 4 ballistic missiles in what it called a failed attempt to attack infrastructure.",0,2020-Q3
2020-07-03,2020,Explosions/Remote violence,Air/drone strike,Military Forces of Yemen (2017-) Houthi,Military Forces of Saudi Arabia (2015-),Saudi Arabia,Asir,"On 3 July 2020, pro-Houthi Qasif-2K drones targeted the control room of Najran - Najran Airport (Najran) and fighter jet hangars and warehouses in King Khalid Air Base (Khamis Mushayt, Asir) along with other unspecified military targets. Concurrently, Saudi-led coalition forces claimed to have intercepted and destroyed 4 pro-Houthi unmanned drones while flying over Yemeni territory (assumedly over Sadah governorate). Casualties unknown.",0,2020-Q3
2020-07-03,2020,Explosions/Remote violence,Air/drone strike,Military Forces of Yemen (2017-) Houthi,Military Forces of Saudi Arabia (2015-),Saudi Arabia,Najran,"On 3 July 2020, pro-Houthi Qasif-2K drones targeted the control room of Najran - Najran Airport (Najran) and fighter jet hangars and warehouses in King Khaled Air Base (Khamis Mushait, Asir) along with other unspecified military targets. Concurrently, Saudi-led coalition forces claimed to have intercepted and destroyed 4 pro-Houthi unmanned drones while flying over Yemeni territory (assumedly over Sadah governorate). Casualties unknown.",0,2020-Q3
2020-06-28,2020,Explosions/Remote violence,Shelling/artillery/missile attack,Military Forces of Yemen (2017-) Houthi,,Saudi Arabia,Jizan,"On 28 June 2020, Houthi ballistic missiles targeted Jizan port (Jizan). No fatalities reported.",0,2020-Q2
2020-06-22,2020,Strategic developments,Disrupted weapons use,Military Forces of Saudi Arabia (2015-),Military Forces of Yemen (2017-) Houthi,Saudi Arabia,Ar Riyadh,"Interception: On 22 June 2020, Houthi forces claimed to have targeted with Zulfiqar 'ballistic missiles', Quds-1 cruise missiles, and Sammad-3 suicide drones the Salman Air Base in Riyadh - Riyadh Air Base, the Saudi MoD building and the HQs of intelligence in Riyadh, and other military facilities in Jizan and Najran provinces. Saudi forces claimed to have intercepted the missiles and drones.",0,2020-Q2
2020-06-22,2020,Strategic developments,Disrupted weapons use,Military Forces of Saudi Arabia (2015-),Military Forces of Yemen (2017-) Houthi,Saudi Arabia,Ar Riyadh,"Interception: On 22 June 2020, Houthi forces claimed to have targeted with Zulfiqar 'ballistic missiles', Quds-1 cruise missiles, and Sammad-3 suicide drones the Salman Air Base in Riyadh - Riyadh Air Base, the Saudi MoD building and the HQs of intelligence in Riyadh, and other military facilities in Jizan and Najran provinces. Saudi forces claimed to have intercepted the missiles and drones.",0,2020-Q2
2020-06-22,2020,Strategic developments,Disrupted weapons use,Military Forces of Saudi Arabia (2015-),Military Forces of Yemen (2017-) Houthi,Saudi Arabia,Jizan,"Interception: On 22 June 2020, Houthi forces claimed to have targeted with Zulfiqar 'ballistic missiles', Quds-1 cruise missiles, and Sammad-3 suicide drones the Salman Air Base in Riyadh - Riyadh Air Base, the Saudi MoD building and the HQs of intelligence in Riyadh, and other military facilities in Jizan and Najran provinces. Saudi forces claimed to have intercepted the missiles and drones.",0,2020-Q2
2020-06-22,2020,Strategic developments,Disrupted weapons use,Military Forces of Saudi Arabia (2015-),Military Forces of Yemen (2017-) Houthi,Saudi Arabia,Najran,"Interception: On 22 June 2020, Houthi forces claimed to have targeted with Zulfiqar 'ballistic missiles', Quds-1 cruise missiles, and Sammad-3 suicide drones the Salman Air Base in Riyadh - Riyadh Air Base, the Saudi MoD building and the HQs of intelligence in Riyadh, and other military facilities in Jizan and Najran provinces. Saudi forces claimed to have intercepted the missiles and drones.",0,2020-Q2
2020-06-16,2020,Strategic developments,Disrupted weapons use,Military Forces of Saudi Arabia (2015-),Military Forces of Yemen (2017-) Houthi,Saudi Arabia,Najran,"Interception: On 16 June 2020, Saudi-led coalition forces shot down a Houthi ballistic missiles in the skies of Najran (Saudi Arabia).",0,2020-Q2
2020-05-27,2020,Strategic developments,Disrupted weapons use,Military Forces of Saudi Arabia (2015-),Military Forces of Yemen (2017-) Houthi,Saudi Arabia,Najran,"Interception: On 27 May 2020, Saudi forces intercepted a Houthi armed drone targeting Najran (Najran).",0,2020-Q2
2020-05-26,2020,Strategic developments,Disrupted weapons use,Military Forces of Saudi Arabia (2015-),Military Forces of Yemen (2017-) Houthi,Saudi Arabia,Ar Riyadh,"Interception: On 26 May 2020, Saudi Patriot air defence systems reportedly intercepted a ballistic missile fired by pro-Houthi forces in the northeast of Riyad, with the debris falling in an unoccupied area east of King Khalid International Airport. There were no fatalities nor injuries.",0,2020-Q2
2020-05-26,2020,Explosions/Remote violence,Shelling/artillery/missile attack,Military Forces of Yemen (2017-) Houthi,Civilians (Saudi Arabia),Saudi Arabia,Jizan,"On 26 May 2020, Saudi air defence systems reportedly intercepted a ballistic missile fired by pro-Houthi forces over Jizan governorate in southern Saudi Arabia. Three women in a village of Jizan were reportedly injured by the shrapnel.",0,2020-Q2
2020-03-28,2020,Explosions/Remote violence,Shelling/artillery/missile attack,Military Forces of Yemen (2017-) Houthi,Civilians (Saudi Arabia),Saudi Arabia,Ar Riyadh,"On 28 March 2020, two pro-Houthi ballistic missiles were reportedly launched at Jizan (Jazan, Jizan) and Riyadh (Ar Riyad, Ar Riyad) cities in Saudi Arabia. The missiles were intercepted by the Saudi Air Defense forces and debris reportedly fell over neighbourhoods in Riyadh and Jizan, injuring two civilians slightly.",0,2020-Q1
2020-03-28,2020,Explosions/Remote violence,Shelling/artillery/missile attack,Military Forces of Yemen (2017-) Houthi,Civilians (Saudi Arabia),Saudi Arabia,Jizan,"On 28 March 2020, two pro-Houthi ballistic missiles were reportedly launched at Jizan (Jazan, Jizan) and Riyadh (Ar Riyad, Ar Riyad) cities in Saudi Arabia. The missiles were intercepted by the Saudi Air Defense forces and debris reportedly fell over neighbourhoods in Riyadh and Jizan, injuring two civilians slightly.",0,2020-Q1
2020-03-27,2020,Strategic developments,Disrupted weapons use,Military Forces of Saudi Arabia (2015-),Military Forces of Yemen (2017-) Houthi,Saudi Arabia,Asir,"Interception: On 27 March 2020, Saudi-led coalition forces reportedly intercepted and destroyed pro-Houthi unmanned drones directed against civilian targets in Abha and Khamis Mushait cities (Asir).",0,2020-Q1
2020-03-05,2020,Strategic developments,Disrupted weapons use,Military Forces of Yemen (2017-) Houthi,Military Forces of Saudi Arabia (2015-),Saudi Arabia,Jizan,"Interception: On 5 March 2020, Houthi forces shot down 1 Saudi reconnaissance drone west of Al Khobh (Al Harth, Jizan).",0,2020-Q1
2020-02-22,2020,Strategic developments,Disrupted weapons use,Military Forces of Yemen (2017-) Houthi,Military Forces of Saudi Arabia (2015-),Saudi Arabia,Jizan,"Interception: On 22 February 2020, Houthi forces shot down 1 Saudi reconnaissance drone east of Al Khobh (Al Harth, Jizan).",0,2020-Q1
2020-02-02,2020,Strategic developments,Disrupted weapons use,Military Forces of Saudi Arabia (2015-),Military Forces of Yemen (2017-) Houthi,Saudi Arabia,Jizan,"Interception: Around 2 February 2020 (as reported), Saudi forces claimed to have thwarted a Houthi drone attack in Jizan governorate, shooting down several devices. No fatalities nor injuries were reported.",0,2020-Q1
2020-01-27,2020,Explosions/Remote violence,Air/drone strike,Military Forces of Yemen (2017-) Houthi,,Saudi Arabia,Asir,"Around 27 January 2020 (between 25 January - 30 January), pro-Houthi forces claimed to have carried out 62 operations on strategic targets within Saudi territory (41 using drones and 21 using missiles), including 26 on Abha airport (Abha, Asir), Jizan airport (Jizan, Jazan), Najran airport (Najran, Najran), King Khalid air base (Khamis Mushayt, Asir), and ARAMCO facilities in both the city of Jizan (Jazan, Jizan) and Jizan Economic City (Baysh, Jizan). Saudi officials claimed to have shot down missiles aimed at ARAMCO facilities.",0,2020-Q1
2020-01-27,2020,Explosions/Remote violence,Air/drone strike,Military Forces of Yemen (2017-) Houthi,Military Forces of Saudi Arabia (2015-),Saudi Arabia,Asir,"Around 27 January 2020 (between 25 January - 30 January), pro-Houthi forces claimed to have carried out 62 operations on strategic targets within Saudi territory (41 using drones and 21 using missiles), including 26 on Abha airport (Abha, Asir), Jizan airport (Jizan, Jazan), Najran airport (Najran, Najran), King Khalid air base (Khamis Mushayt, Asir), and ARAMCO facilities in both the city of Jizan (Jazan, Jizan) and Jizan Economic City (Baysh, Jizan). Saudi officials claimed to have shot down missiles aimed at ARAMCO facilities.",0,2020-Q1
2020-01-27,2020,Strategic developments,Disrupted weapons use,Military Forces of Saudi Arabia (2015-),Military Forces of Yemen (2017-) Houthi,Saudi Arabia,Jizan,"Interception: Around 27 January 2020 (as reported), pro-Houthi forces claimed to have carried out 62 operations on strategic targets within Saudi territory (41 using drones and 21 using missiles), including 26 on Abha airport (Abha, Asir), Jizan airport (Jizan, Jazan), Najran airport (Najran, Najran), King Khalid air base (Khamis Mushayt, Asir), and ARAMCO facilities in both the city of Jizan (Jazan, Jizan) and Jizan Economic City (Baysh, Jizan). Saudi officials claimed to have shot down missiles aimed at ARAMCO facilities.",0,2020-Q1
2020-01-27,2020,Strategic developments,Disrupted weapons use,Military Forces of Saudi Arabia (2015-),Military Forces of Yemen (2017-) Houthi,Saudi Arabia,Jizan,"Interception: Around 27 January 2020 (as reported), pro-Houthi forces claimed to have carried out 62 operations on strategic targets within Saudi territory (41 using drones and 21 using missiles), including 26 on Abha airport (Abha, Asir), Jizan airport (Jizan, Jazan), Najran airport (Najran, Najran), King Khalid air base (Khamis Mushayt, Asir), and ARAMCO facilities in both the city of Jizan (Jazan, Jizan) and Jizan Economic City (Baysh, Jizan). Saudi officials claimed to have shot down missiles aimed at ARAMCO facilities.",0,2020-Q1
2020-01-27,2020,Explosions/Remote violence,Air/drone strike,Military Forces of Yemen (2017-) Houthi,,Saudi Arabia,Jizan,"Around 27 January 2020 (between 25 January - 30 January), pro-Houthi forces claimed to have carried out 62 operations on strategic targets within Saudi territory (41 using drones and 21 using missiles), including 26 on Abha airport (Abha, Asir), Jizan airport (Jizan, Jazan), Najran airport (Najran, Najran), King Khalid air base (Khamis Mushayt, Asir), and ARAMCO facilities in both the city of Jizan (Jazan, Jizan) and Jizan Economic City (Baysh, Jizan). Saudi officials claimed to have shot down missiles aimed at ARAMCO facilities.",0,2020-Q1
2020-01-23,2020,Strategic developments,Disrupted weapons use,Military Forces of Saudi Arabia (2015-),Military Forces of Yemen (2017-) Houthi,Saudi Arabia,Jizan,"Interception: On 23 January 2020, the Saudi air defence reportedly intercepted and destroyed a pro-Houthi ballistic missile over Jizan city.",0,2020-Q1
2020-01-19,2020,Strategic developments,Disrupted weapons use,Military Forces of Saudi Arabia (2015-),Military Forces of Yemen (2017-) Houthi,Saudi Arabia,Najran,"Interception: On 19 January 2020, Saudi air defence systems reportedly intercepted and destroyed a ballistic missile launched by pro-Houthi forces towards Najran in southern Saudi Arabia with no report of fatalities nor injuries.",0,2020-Q1
2020-01-14,2020,Strategic developments,Disrupted weapons use,Military Forces of Yemen (2017-) Houthi,Military Forces of Saudi Arabia (2015-),Saudi Arabia,Jizan,"Interception: On 14 January 2020, Houthi forces claimed to have shot down 1 Saudi reconnaissance drone over Jabal al Amud in Wadi al Jarah area (Al Harth, Jizan).",0,2020-Q1
2019-12-27,2019,Explosions/Remote violence,Shelling/artillery/missile attack,Military Forces of Yemen (2017-) Houthi,Military Forces of Saudi Arabia (2015-) Border Guard,Saudi Arabia,Najran,"On 27 December 2019, pro-Houthi forces reportedly fired a Badr-P1 artillery rocket at the military camp of the 19th Brigade of the Saudi Border Guard in Bir Askar area (Najran). Dozens of Saudi elements, including officers, were killed and injured. Dozens of fatalities and injuries coded as 6.",6,2019-Q4
2019-12-13,2019,Strategic developments,Disrupted weapons use,Military Forces of Yemen (2017-) Houthi,Military Forces of Saudi Arabia (2015-),Saudi Arabia,Jizan,"Interception: On 13 December 2019, Houthi forces shot down 1 Saudi reconnaissance drone east of MBC mountain in Al Khobh area (Al Harth, Jizan).",0,2019-Q4
2019-11-20,2019,Explosions/Remote violence,Shelling/artillery/missile attack,Military Forces of Yemen (2017-) Houthi,Military Forces of Saudi Arabia (2015-),Saudi Arabia,Jizan,"On 20 November 2019, pro-Houthi forces claimed to have intercepted a Saudi-led coalition F-15 jet with a surface-to-air missile over Jizan Saudi governorate, forcing it to turn around.",0,2019-Q4
2019-09-11,2019,Strategic developments,Disrupted weapons use,Military Forces of Saudi Arabia (2015-),Military Forces of Yemen (2017-) Houthi,Saudi Arabia,Najran,"Interception: On 11 September 2019, Saudi air defence forces claimed to have shot down a Houthi-operated drone in the skies of Najran governorate, with no report of fatalities nor injuries.",0,2019-Q3
2019-09-06,2019,Strategic developments,Disrupted weapons use,Military Forces of Saudi Arabia (2015-),Military Forces of Yemen (2017-) Houthi,Saudi Arabia,Najran,"Interception: On 6 September 2019, Saudi air defense forces claimed to have intercepted 1 Houthi ballistic missile targeting Najran (Najran) as Houthi forces said that they fired a Badr-1 artillery rocket at Najran - Najran Airport targeting drone sites.",0,2019-Q3
2019-09-05,2019,Strategic developments,Disrupted weapons use,Military Forces of Saudi Arabia (2015-),Military Forces of Yemen (2017-) Houthi,Saudi Arabia,Najran,"Interception: On 5 September 2019, Saudi air defense forces claimed to have intercepted 1 Houthi ballistic missile targeting Najran (Najran).",0,2019-Q3
2019-09-05,2019,Explosions/Remote violence,Shelling/artillery/missile attack,Military Forces of Yemen (2017-) Houthi,Military Forces of Saudi Arabia (2015-),Saudi Arabia,Najran,"On 5 September 2019, pro-Houthi forces reportedly fired Badr ballistic missiles at Najran airport in Najran province, southern Saudi Arabia, targeting military aircrafts positions and other military objectives. No fatalities nor injuries reported.",0,2019-Q3
2019-09-03,2019,Strategic developments,Disrupted weapons use,Military Forces of Saudi Arabia (2015-),Military Forces of Yemen (2017-) Houthi,Saudi Arabia,Najran,"Interception: On 3 September 2019, Saudi air defence forces claimed to have shot down a Houthi-operated drone launched from Yemen's Amran governorate as it was heading towards Saudi Arabia, with no report of fatalities nor injuries. *Due to a lack of details on the location of the event, it is coded by default in Saudi southern Najran governorate.",0,2019-Q3
2019-09-03,2019,Strategic developments,Disrupted weapons use,Military Forces of Saudi Arabia (2015-),Military Forces of Yemen (2017-) Houthi,Saudi Arabia,Najran,"Interception: On 3 September 2019, Saudi air defence forces claimed to have shot down three ballistic missiles launched by pro-Houthi forces over Najran area in southern Saudi Arabia, with no report of fatalities nor injuries, while pro-Houthi forces claimed to have fired a barrage of Badr-1 precision-guided artillery rockets on military targets in Najran airport in what is most likely the same event.",0,2019-Q3
2019-09-03,2019,Explosions/Remote violence,Air/drone strike,Military Forces of Yemen (2017-) Houthi,Military Forces of Saudi Arabia (2015-),Saudi Arabia,Asir,"On 3 September 2019, pro-Houthi forces claimed to have carried out Qasif-2K drone attacks on military targets in King Khalid Air Base (Khamis Mushayt, Asir). Casualties unknown.",0,2019-Q3
2019-08-30,2019,Explosions/Remote violence,Air/drone strike,Military Forces of Yemen (2017-) Houthi,,Saudi Arabia,Asir,"On 30 August 2019, a Houthi drone targeted Abha Regional Airport (Asir). There were no fatalities or injuries.",0,2019-Q3
2019-08-29,2019,Explosions/Remote violence,Air/drone strike,Military Forces of Yemen (2017-) Houthi,Military Forces of Saudi Arabia (2015-),Saudi Arabia,Najran,"On 29 August 2019, pro-Houthi Qasif-2K unmanned drones targeted Najran - Najran Airport (Najran) damaging the aircraft emplacements and disrupting air traffic. Casualties unknown.",0,2019-Q3
2019-08-28,2019,Explosions/Remote violence,Shelling/artillery/missile attack,Military Forces of Yemen (2017-) Houthi,,Saudi Arabia,Asir,"On 28 August 2019, Houthi forces launched a Quds-1 type land attack cruise missile at Abha Regional Airport (Asir) causing limited damage. There were no fatalities or injuries. Saudi forces confirmed the incident.",0,2019-Q3
2019-08-28,2019,Explosions/Remote violence,Air/drone strike,Military Forces of Yemen (2017-) Houthi,Military Forces of Saudi Arabia (2015-),Saudi Arabia,Jizan,"On 28 August 2019, pro-Houthi forces unmanned drones Qasif-2K reportedly targeted a new military camp belonging to the Saudi military off of Jizan governorate, killing and injuring Saudi and affiliated forces. Unknown reported fatalities coded as 10.",10,2019-Q3
2019-08-28,2019,Explosions/Remote violence,Air/drone strike,Military Forces of Yemen (2017-) Houthi,Military Forces of Saudi Arabia (2015-),Saudi Arabia,Najran,28 August 2019: Houthi forces claimed to have bombed warplane hangars at the Najran airport using drones. No injuries or fatalities were reported. Note that this incident is separate from another drone attack in Najran claimed on the same day.,0,2019-Q3
2019-08-26,2019,Explosions/Remote violence,Air/drone strike,Military Forces of Yemen (2017-) Houthi,Military Forces of Saudi Arabia (2015-),Saudi Arabia,Asir,"On 26 August 2019, pro-Houthi unmanned drones Qasif-K2 reportedly targeted the King Khalid Airbase of Asir province, southern Saudi Arabia, targeting the drones' emplacements and control rooms, allegedly disrupting air traffic. No fatalities nor injuries reported.",0,2019-Q3
2019-08-26,2019,Explosions/Remote violence,Air/drone strike,Military Forces of Yemen (2017-) Houthi,Military Forces of Saudi Arabia (2015-),Saudi Arabia,Ar Riyadh,"On 26 August 2019, pro-Houthi forces claimed to have successfully targeted Saudi military targets using Sammad-3 drones in Riyadh (Ar Riyadh). Casualties unknown. Riyadh denied that a drone-strike took place.",0,2019-Q3
2019-08-25,2019,Explosions/Remote violence,Air/drone strike,Military Forces of Yemen (2017-) Houthi,Military Forces of Saudi Arabia (2015-),Saudi Arabia,Asir,"On 25 August 2019, pro-Houthi unmanned drones Qasif-K2 reportedly targeted the Abha Regional airport of Asir province, southern Saudi Arabia, targeting the drones' emplacements and control rooms, allegedly disrupting air traffic. The Saudi government announced to have intercepted the drones. No fatalities nor injuries reported.",0,2019-Q3
2019-08-25,2019,Strategic developments,Disrupted weapons use,Military Forces of Saudi Arabia (2015-),Military Forces of Yemen (2017-) Houthi,Saudi Arabia,Asir,"Interception: On 25 August 2019, pro-Houthi unmanned drones Qasif-K2 reportedly targeted the King Khalid Airbase of Asir province, southern Saudi Arabia, targeting the drones' emplacements and control rooms, allegedly disrupting air traffic. The Saudi government announced to have intercepted the drones. No fatalities nor injuries reported.",0,2019-Q3
2019-08-25,2019,Strategic developments,Disrupted weapons use,Military Forces of Saudi Arabia (2015-),Military Forces of Yemen (2017-) Houthi,Saudi Arabia,Jizan,"Interception: On 25 August 2019, Saudi air defense forces claimed to have intercepted at least 6 Houthi ballistic missiles targeting Jizan city (Jizan) as Houthi forces said that they fired 10 Badr-1 artillery rockets at Jizan - Jizan Regional Airport. Houthi forces claimed to have killed and injured dozens at the airport and disrupted air traffic but the claim was not verified.",0,2019-Q3
2019-08-24,2019,Strategic developments,Disrupted weapons use,Military Forces of Saudi Arabia (2015-),Military Forces of Yemen (2017-) Houthi,Saudi Arabia,Asir,"Interception: On 24 August 2019, Saudi forces claimed to have intercepted and destroyed Houthi drones over Khamis Mushayt (Asir) while pro-Houthi forces claimed to have launched Qasif-2K drones on King Khalid Air Base hitting jet hangars and runways in the base in what is understood to be the same event.",0,2019-Q3
2019-08-21,2019,Strategic developments,Disrupted weapons use,Military Forces of Saudi Arabia (2015-),Military Forces of Yemen (2017-) Houthi,Saudi Arabia,Asir,"Interception: On 21 August 2019, Saudi forces claimed to have intercepted and destroyed Houthi drones over Khamis Mushayt (Asir) while pro-Houthi forces claimed to have launched Qasif-2K drones on King Khalid Air Base hitting the base's communications system and its fuel tanks and a gas station in what is understood to be the same event.",0,2019-Q3
2019-08-16,2019,Explosions/Remote violence,Air/drone strike,Military Forces of Yemen (2017-) Houthi,,Saudi Arabia,Asir,"On 16 August 2019, pro-Houthi Qasif-2K unmanned drones targeted Abha Regional Airport (Abha, Asir) disrupting air traffic. Casualties unknown.",0,2019-Q3
2019-08-13,2019,Explosions/Remote violence,Air/drone strike,Military Forces of Yemen (2017-) Houthi,,Saudi Arabia,Asir,"On 13 August 2019, pro-Houthi forces claimed to have carried out Qasif-2K drone attacks on Abha airport in southern Saudi Arabia, with no report of fatalities nor injuries but allegedly disrupting air traffic, without specifying the targets.",0,2019-Q3
2019-08-10,2019,Explosions/Remote violence,Air/drone strike,Military Forces of Yemen (2017-) Houthi,,Saudi Arabia,Asir,"On 10 August 2019, pro-Houthi unmanned Qasif-2K drones targeted Abha Regional Airport (Abha, Asir) hitting the fueling stations and the control tower of the airport. Casualties unknown.",0,2019-Q3
2019-08-10,2019,Explosions/Remote violence,Air/drone strike,Military Forces of Yemen (2017-) Houthi,Military Forces of Saudi Arabia (2015-),Saudi Arabia,Asir,"On 10 August 2019, pro-Houthi forces claimed to have carried out Qasif-2K drone attacks on radars and other military targets in King Khalid Air Base (Khamis Mushayt). Casualties unknown.",0,2019-Q3
2019-08-08,2019,Strategic developments,Disrupted weapons use,Military Forces of Saudi Arabia (2015-),Military Forces of Yemen (2017-) Houthi,Saudi Arabia,Asir,"Interception: On 8 August 2019, Saudi air defense forces claimed to have intercepted 1 Houthi bomb-laden drone in Asir province as Houthi forces said that they launched 2 Qasif-2K drones at Abha Regional Airport. They claimed to have targeted the airport's monitoring tower and other sensitive positions. The drone was launched from Sanaa governorate.",0,2019-Q3
2019-08-08,2019,Strategic developments,Disrupted weapons use,Military Forces of Saudi Arabia (2015-),Military Forces of Yemen (2017-) Houthi,Saudi Arabia,Jizan,"Interception: On 8 August 2019, Saudi air defense forces claimed to have intercepted 1 Houthi bomb-laden drone in Jizan province as Houthi forces said that they launched 2 Qasif-2K drones at Abha Regional Airport. The drone was launched from Amran governorate.",0,2019-Q3
2019-08-05,2019,Strategic developments,Disrupted weapons use,Military Forces of Saudi Arabia (2015-),Military Forces of Yemen (2017-) Houthi,Saudi Arabia,Asir,"Interception: On 5 August 2019, Saudi air defense forces claimed to have intercepted Houthi bomb-laden drones that targeted Abha Regional Airport (Asir) and Najran - Najran Airport (Najran) as Houthi forces said that they carried out successful attacks on the airports targeting drone sites and control rooms with a large number of Qasif-2K drones.",0,2019-Q3
2019-08-05,2019,Explosions/Remote violence,Air/drone strike,Military Forces of Yemen (2017-) Houthi,Military Forces of Saudi Arabia (2015-),Saudi Arabia,Asir,"On 5 August 2019, pro-Houthi unmanned drones Qasif-K2 reportedly targeted the King Khalid airport of Khamis Mushait area of Asir province, southern Saudi Arabia. No fatalities nor injuries reported.",0,2019-Q3
2019-08-05,2019,Strategic developments,Disrupted weapons use,Military Forces of Saudi Arabia (2015-),Military Forces of Yemen (2017-) Houthi,Saudi Arabia,Najran,"Interception: On 5 August 2019, Saudi air defense forces claimed to have intercepted Houthi bomb-laden drones that targeted Abha Regional Airport (Asir) and Najran - Najran Airport (Najran) as Houthi forces said that they carried out successful attacks on the airports targeting drone sites and control rooms with a large number of Qasif-2K drones.",0,2019-Q3
2019-08-01,2019,Explosions/Remote violence,Shelling/artillery/missile attack,Military Forces of Yemen (2017-) Houthi,Military Forces of Saudi Arabia (2015-),Saudi Arabia,Eastern,"On 1 August 2019, pro-Houthi forces reportedly fired a long-range Burkan-3 ballistic missile at a Saudi military target in Al Dammam area of Ash Sharqiyah province, southeastern Saudi Arabia. No fatalities nor injuries reported.",0,2019-Q3
2019-07-29,2019,Explosions/Remote violence,Air/drone strike,Military Forces of Yemen (2017-) Houthi,Civilians (Saudi Arabia),Saudi Arabia,Asir,"On 29 July 2019, Houthi forces claimed to have carried out Qasif-2K drone attacks on Abha Regional Airport (Asir) disrupting air traffic. There were 5 civilian injuries according to the UN Panel of Experts.",0,2019-Q3
2019-07-29,2019,Explosions/Remote violence,Air/drone strike,Military Forces of Yemen (2017-) Houthi,Military Forces of Saudi Arabia (2015-),Saudi Arabia,Asir,"On 29 July 2019, pro-Houthi forces claimed to have carried out Qasif-2K drone attacks on military targets in King Khalid Air Base (Khamis Mushayt, Asir). Casualties unknown.",0,2019-Q3
2019-07-27,2019,Explosions/Remote violence,Air/drone strike,Military Forces of Yemen (2017-) Houthi,Military Forces of Saudi Arabia (2015-),Saudi Arabia,Najran,"On 27 July 2019, a pro-Houthi unmanned Qasif-2K drone reportedly attacked Najran airport. A first operation targeted the drones' control rooms in the airport and the second operation targeted drones' emplacements. The attacks resulted in stopping the air traffic in the airport. No fatalities nor injuries reported.",0,2019-Q3
2019-07-25,2019,Explosions/Remote violence,Air/drone strike,Military Forces of Yemen (2017-) Houthi,Military Forces of Saudi Arabia (2015-),Saudi Arabia,Asir,"On 25 July 2019, pro-Houthi unmanned drones Qasif-K2 reportedly targeted the Abha Regional airport of Asir province, southern Saudi Arabia. No fatalities nor injuries reported.",0,2019-Q3
2019-07-25,2019,Strategic developments,Disrupted weapons use,Military Forces of Saudi Arabia (2015-),Military Forces of Yemen (2017-) Houthi,Saudi Arabia,Asir,"Interception: 25 July 2019: Saudi Coalition forces claim to have shot down an armed drone targeting the King Khalid Air base in Khamis Mushayt city, KSA.",0,2019-Q3
2019-07-24,2019,Explosions/Remote violence,Air/drone strike,Military Forces of Yemen (2017-) Houthi,Military Forces of Saudi Arabia (2015-),Saudi Arabia,Asir,"On 24 July 2019, pro-Houthi unmanned drones Qasif-K2 reportedly targeted the King Khalid airport of Khamis Mushait area of Asir province, southern Saudi Arabia. No fatalities nor injuries reported.",0,2019-Q3
2019-07-23,2019,Strategic developments,Disrupted weapons use,Military Forces of Saudi Arabia (2015-),Military Forces of Yemen (2017-) Houthi,Saudi Arabia,Asir,"Interception: On 23 July 2019, Saudi air defence forces claimed to have shot down a Houthi-operated drone over Asir province while pro-Houthi forces claimed to have carried out a Qasif-2K drone attack on military targets in King Khalid Air Base (Khamis Mushayt) in what is understood to be the same event.",0,2019-Q3
2019-07-20,2019,Strategic developments,Disrupted weapons use,Military Forces of Saudi Arabia (2015-),Military Forces of Yemen (2017-) Houthi,Saudi Arabia,Asir,"Interception: On 20 July 2019, Saudi air defense forces intercepted 1 Houthi bomb-laden drone targeting Abha (Asir) as Houthi forces said that they launched Qasif-2K drones on King Khalid Air Base (Khamis Mushayt, Asir). The drone was launched from Amran governorate.",0,2019-Q3
2019-07-17,2019,Strategic developments,Disrupted weapons use,Military Forces of Saudi Arabia (2015-),Military Forces of Yemen (2017-) Houthi,Saudi Arabia,Jizan,"Interception: On 17 July 2019, Saudi air defence forces claimed to have shot down a Houthi-operated drone over Jizan province while pro-Houthi forces claimed to have carried out Qasif-2K drone attack on military targets in Jizan - Jizan Regional Airport in what is understood to be the same event.",0,2019-Q3
2019-07-16,2019,Strategic developments,Disrupted weapons use,Military Forces of Saudi Arabia (2015-),Military Forces of Yemen (2017-) Houthi,Saudi Arabia,Asir,"Interception: On 16 July 2019, Saudi air defence forces claimed to have shot down three Houthi-operated drone launched from Amran governorate in Yemen toward Jizan and Asir provinces in southern Saudi Arabia while pro-Houthi forces claimed to have carried out Qasif-2K drone attacks on military targets in Jizan - Jizan Regional Airport and King Khalid Air Base (Khamis Mushayt) in what is understood to be the same event.",0,2019-Q3
2019-07-16,2019,Strategic developments,Disrupted weapons use,Military Forces of Saudi Arabia (2015-),Military Forces of Yemen (2017-) Houthi,Saudi Arabia,Jizan,"Interception: On 16 July 2019, Saudi air defence forces claimed to have shot down three Houthi-operated drone launched from Amran governorate in Yemen toward Jizan and Asir provinces in southern Saudi Arabia while pro-Houthi forces claimed to have carried out Qasif-2K drone attacks on military targets in Jizan - Jizan Regional Airport and King Khalid Air Base (Khamis Mushayt) in what is understood to be the same event.",0,2019-Q3
2019-07-15,2019,Strategic developments,Disrupted weapons use,Military Forces of Saudi Arabia (2015-),Military Forces of Yemen (2017-) Houthi,Saudi Arabia,Asir,"Interception: On 15 July 2019, Saudi air defence forces claimed to have shot down a Houthi-operated drone over Khamis Mushayt area (Asir) while pro-Houthi forces claimed to have carried out Qasif-2K drone attacks on military targets in Khamis Mushayt air base (coded to King Khalid Air Base) in what is understood to be the same event.",0,2019-Q3
2019-07-08,2019,Strategic developments,Disrupted weapons use,Military Forces of Saudi Arabia (2015-),Military Forces of Yemen (2017-) Houthi,Saudi Arabia,Asir,"Interception: On 8 July 2019, Saudi air defense forces claimed to have intercepted Houthi bomb-laden drones targeting Abha (Asir) as Houthi forces said that they launched Qasif-2K drones on Abha electricity plant in Abha - As Sadd and on military targets in Abha Regional Airport.",0,2019-Q3
2019-07-08,2019,Strategic developments,Disrupted weapons use,Military Forces of Saudi Arabia (2015-),Military Forces of Yemen (2017-) Houthi,Saudi Arabia,Asir,"Interception: On 8 July 2019, Saudi air defense forces claimed to have intercepted Houthi bomb-laden drones targeting Abha (Asir) as Houthi forces said that they launched Qasif-2K drones on Abha electricity plant in Abha - As Sadd and on military targets in Abha Regional Airport.",0,2019-Q3
2019-07-06,2019,Strategic developments,Disrupted weapons use,Military Forces of Saudi Arabia (2015-),Military Forces of Yemen (2017-) Houthi,Saudi Arabia,Jizan,"Interception: On 6 July 2019, pro-Houthi unmanned drones Qasif-2K reportedly targeted Jizan airport disrupting air traffic. The Houthi spokesperson claimed that the Qasif-2 drones hit military targets. Saudi sources claim that a Qasif-2 drone was intercepted and destroyed. No fatalities nor injuries reported.",0,2019-Q3
2019-07-06,2019,Strategic developments,Disrupted weapons use,Military Forces of Saudi Arabia (2015-),Military Forces of Yemen (2017-) Houthi,Saudi Arabia,Asir,"Interception: On 6 July 2019, pro-Houthi unmanned drones Qasif-2K reportedly targeted military targets in Abha airport of Asir province, southern Saudi Arabia. Saudi sources claim that a Qasif-2 drone was intercepted and destroyed. No fatalities nor injuries reported.",0,2019-Q3
2019-07-04,2019,Strategic developments,Disrupted weapons use,Military Forces of Saudi Arabia (2015-),Military Forces of Yemen (2017-) Houthi,Saudi Arabia,Jizan,Interception: On 4 July 2019: Saudi sources claim to have shot down a Qasif-2K Houthi drone near the King Abdullah regional airport in Jizan on Thursday (4 July) evening. No injuries were reported.,0,2019-Q3
2019-07-04,2019,Explosions/Remote violence,Air/drone strike,Military Forces of Yemen (2017-) Houthi,Military Forces of Saudi Arabia (2015-),Saudi Arabia,Asir,"On 4 July 2019, pro-Houthi unmanned drones Qasif-2K reportedly targeted military targets in Abha airport of Asir province, southern Saudi Arabia. No fatalities nor injuries reported.",0,2019-Q3
2019-07-02,2019,Explosions/Remote violence,Shelling/artillery/missile attack,Military Forces of Yemen (2017-) Houthi,Civilians (Saudi Arabia),Saudi Arabia,Asir,"On 2 July 2019, a Houthi missile attack struck Abha Regional Airport (Asir) causing material damages and injuring 10 civilians including 8 Saudi citizens and 1 Indian citizen. Houthi forces claimed to have carried out a drone attack but the UN Panel of Experts confirmed a missile strike.",0,2019-Q3
2019-06-29,2019,Strategic developments,Disrupted weapons use,Military Forces of Saudi Arabia (2015-),Military Forces of Yemen (2017-) Houthi,Saudi Arabia,Asir,"Interception: On 29 June 2019, Saudi air defense forces claimed to have intercepted 2 Houthi bomb-laden drones in Asir and Jizan provinces as Houthi forces said that they launched Qasif-2K drones on Saudi military targets in Abha Regional Airport and Jizan - Jizan Regional Airport.",0,2019-Q2
2019-06-29,2019,Strategic developments,Disrupted weapons use,Military Forces of Saudi Arabia (2015-),Military Forces of Yemen (2017-) Houthi,Saudi Arabia,Jizan,"Interception: On 29 June 2019, Saudi air defense forces claimed to have intercepted 2 Houthi bomb-laden drones in Asir and Jizan provinces as Houthi forces said that they launched Qasif-2K drones on Saudi military targets in Abha Regional Airport and Jizan - Jizan Regional Airport.",0,2019-Q2
2019-06-26,2019,Explosions/Remote violence,Shelling/artillery/missile attack,Military Forces of Yemen (2017-) Houthi,Military Forces of Saudi Arabia (2015-),Saudi Arabia,Jizan,"26 June 2019: Houthi forces claim to have fired a ballistic missile at a Saudi special forces camp in Jizan region, killing and wounding a number of Saudi forces. Unknown fatalities coded as 10.",10,2019-Q2
2019-06-25,2019,Explosions/Remote violence,Air/drone strike,Military Forces of Yemen (2017-) Houthi,Military Forces of Saudi Arabia (2015-),Saudi Arabia,Asir,"On 25 June 2019, pro-Houthi forces claimed to have carried out Qasif-2K drone attacks on Saudi military targets, including warplanes, in Abha and Jizan airports in southern Saudi Arabia, with no report of fatalities nor injuries but allegedly disrupting air traffic.",0,2019-Q2
2019-06-25,2019,Explosions/Remote violence,Air/drone strike,Military Forces of Yemen (2017-) Houthi,Military Forces of Saudi Arabia (2015-),Saudi Arabia,Jizan,"On 25 June 2019, pro-Houthi forces claimed to have carried out Qasif-2K drone attacks on Saudi military targets, including warplanes, in Abha and Jizan airports in southern Saudi Arabia, with no report of fatalities nor injuries but allegedly disrupting air traffic.",0,2019-Q2
2019-06-23,2019,Explosions/Remote violence,Air/drone strike,Military Forces of Yemen (2017-) Houthi,Civilians (Syria),Saudi Arabia,Asir,"On 23 June 2019, Houthi forces claimed to have carried out a Qasif-2K drones attack on military targets in Abha Regional Airport (Asir) leading to the disruption of air traffic. Saudi authorities acknowledged the attack reporting the death of 1 Syrian national and the injury of 21 other civilians as a parking lot of the facility was struck. The 2022 UN Panel of Experts report stated that there were 2 deaths and 20 injuries indicating that one of the injured civilians later passed away.",2,2019-Q2
2019-06-23,2019,Explosions/Remote violence,Air/drone strike,Military Forces of Yemen (2017-) Houthi,Military Forces of Saudi Arabia (2015-),Saudi Arabia,Jizan,"On 23 June 2019, Houthi forces claimed to have carried out a Qasif-2K drones attacks on military targets at Jizan - Jizan Regional Airport (Jizan) leading to the disruption of air traffic. Casualties unknown. Saudi authorities did not acknowledge the attack",0,2019-Q2
2019-06-22,2019,Explosions/Remote violence,Shelling/artillery/missile attack,Military Forces of Yemen (2017-) Houthi,Military Forces of Saudi Arabia (2015-),Saudi Arabia,Najran,"On 22 June 2019, pro-Houthi forces reportedly fired a Zilzal-1 missile at Saudi forces in Ash Shabaka area of Najran province, southern Saudi Arabia, killing and injuring several of them. Unknown number of fatalities and injuries coded as 10.",10,2019-Q2
2019-06-20,2019,Strategic developments,Disrupted weapons use,Military Forces of Saudi Arabia (2015-),Military Forces of Yemen (2017-) Houthi,Saudi Arabia,Jizan,"Interception: On 20 June, pro-Houthi unmanned drones reportedly targeted Jizan airport, and in particular the UAVs dock and other military targets. The Houthi spokesperson claimed that the Qasif-2 drones hit their targets. Saudi sources claim that a Qasif-2 drone was intercepted and destroyed. No fatalities nor injuries reported.",0,2019-Q2
2019-06-19,2019,Strategic developments,Disrupted weapons use,Military Forces of Yemen (2017-) Houthi,Military Forces of Saudi Arabia (2015-),Saudi Arabia,Najran,"Interception: On 19 June 2019, pro-Houthi forces claimed to have shot down a Saudi reconnaissance drone over Ash Shurfah (Najran, Najran).",0,2019-Q2
2019-06-19,2019,Explosions/Remote violence,Shelling/artillery/missile attack,Military Forces of Yemen (2017-) Houthi,,Saudi Arabia,Jizan,"On 19 June 2019, Houthi forces launched a Quds-1 type land attack cruise missile at Ash Shuqayq Water Desalination Plant (Ad Darb, Jizan) without causing any damage. There were no fatalities or injuries. Saudi forces claimed that the missile hit near the plant.",0,2019-Q2
2019-06-15,2019,Strategic developments,Disrupted weapons use,Military Forces of Saudi Arabia (2015-),Military Forces of Yemen (2017-) Houthi,Saudi Arabia,Asir,"Interception: On 15 June 2019, Saudi-led coalition forces announced that they intercepted a Houthi-fired ballistic missile over the city of Abha (Asir). No injuries or fatalities reported.",0,2019-Q2
2019-06-15,2019,Explosions/Remote violence,Shelling/artillery/missile attack,Military Forces of Yemen (2017-) Houthi,Militia (Pro-Government),Saudi Arabia,Najran,"On 15 June 2019, pro-Houthi forces fired a missile (Zilzal 1) towards pro-Saudi fighters' gatherings in the Al-Hammad square in Najran governorate, killing and injuring several soldiers. Unknown fatalities coded as 10.",10,2019-Q2
2019-06-15,2019,Explosions/Remote violence,Air/drone strike,Military Forces of Yemen (2017-) Houthi,,Saudi Arabia,Jizan,"On 15 June 2019, pro-Houthi forces claimed to have fired a Qasif-2K drone on Jizan - Jizan Regional Airport (Jizan) making the airport out of service. Casualties unknown.",0,2019-Q2
2019-06-14,2019,Strategic developments,Disrupted weapons use,Military Forces of Saudi Arabia (2015-),Military Forces of Yemen (2017-) Houthi,Saudi Arabia,Asir,"Interception: On 14 June 2019: Coalition's spokesperson, Turki Al-Maliki, stated that the air defense unit shot down five drones launched by pro-Houthi forces towards Abha airport and Khamis Mushait area in Asir governorate. And noted that air traffic and airspace at Abha airport are normal.",0,2019-Q2
2019-06-13,2019,Battles,Armed clash,Military Forces of Yemen (2017-) Houthi,Military Forces of Saudi Arabia (2015-),Saudi Arabia,Jizan,"On 13 June 2019, pro-Houthi forces ambushed Saudi soldiers in the Al-Faridhah area in Jizan governorate, killing and injuring several soldiers. Also, they destroyed two Saudi military bulldozers using two guided missiles in a military site in the same province. Unknown fatalities coded as 10.",10,2019-Q2
2019-06-12,2019,Explosions/Remote violence,Shelling/artillery/missile attack,Military Forces of Yemen (2017-) Houthi,Civilians (Saudi Arabia),Saudi Arabia,Asir,"On 12 June 2019, Houthi forces launched a Quds-1 type land attack cruise missile at the control tower of Abha Regional Airport (Asir) causing material damages and injuring 26 civilians. Saudi officials confirmed an attack on the arrival hall of the airport and reported the injuries.",0,2019-Q2
2019-06-10,2019,Strategic developments,Disrupted weapons use,Military Forces of Saudi Arabia (2015-),Military Forces of Yemen (2017-) Houthi,Saudi Arabia,Asir,"Interception: On 10 June 2019, Saudi air defence forces claimed to have shot down two Houthi-operated drones on their way to Khamis Mushayt city in Asir governorate, with no report of fatalities nor injuries. Pro-Houthi forces claimed to have carried out Qasif-2K drone attacks on the nearby King Khalid military airbase in what is likely the same event.",0,2019-Q2
2019-05-30,2019,Explosions/Remote violence,Shelling/artillery/missile attack,Military Forces of Yemen (2017-) Houthi,Military Forces of Saudi Arabia (2015-),Saudi Arabia,Najran,"On 30 May 2019, pro-Houthi forces reportedly fired artillery and a Zilzal-1 missile at Akifah military site and Marash observation point in Najran province, southern Saudi Arabia. No fatalities nor injuries reported.",0,2019-Q2
2019-05-26,2019,Strategic developments,Disrupted weapons use,Military Forces of Saudi Arabia (2015-),Military Forces of Yemen (2017-) Houthi,Saudi Arabia,Jizan,"Interception: On 26 May 2019, pro-Houthi forces claimed to have carried out a Qasif-2K drone attack on Saudi warplanes in Jizan airport in southern Saudi Arabia. Saudi forces reportedly intercepted the drone, destroying it.",0,2019-Q2
2019-05-25,2019,Explosions/Remote violence,Air/drone strike,Military Forces of Yemen (2017-) Houthi,Military Forces of Saudi Arabia (2015-),Saudi Arabia,Najran,"On 25 May 2019, a pro-Houthi unmanned drone Qasif K2 reportedly targeted Saudi war planes docked in Najran airport, southern Saudi Arabia. No fatalities nor injuries reported.",0,2019-Q2
2019-05-23,2019,Strategic developments,Disrupted weapons use,Military Forces of Saudi Arabia (2015-),Military Forces of Yemen (2017-) Houthi,Saudi Arabia,Najran,"Interception: On 23 May 2019, a pro-Houthi Qasif K2 unmanned drone attempted to target Najran airport, southern Saudi Arabia. Anti-Houthi sources claim that Saudi forces intercepted and destroyed the drone before it bombed its target, while pro-Houthi sources claim that it targeted and destroyed the Patriot air defense system of the airport. No fatalities nor injuries reported.",0,2019-Q2
2019-05-22,2019,Strategic developments,Disrupted weapons use,Military Forces of Saudi Arabia (2015-),Military Forces of Yemen (2017-) Houthi,Saudi Arabia,Najran,"Interception: On 22 May 2019, a pro-Houthi unmanned drone Qasif K2 reportedly targeted Saudi war planes docked in Najran airport, southern Saudi Arabia. Saudi forces later reported that they had shot down a Houthi drone near the airport before it could do any damage.",0,2019-Q2
2019-05-21,2019,Explosions/Remote violence,Air/drone strike,Military Forces of Yemen (2017-) Houthi,Military Forces of Saudi Arabia (2015-),Saudi Arabia,Najran,"On 21 May 2019, pro-Houthi forces carried out a drone attack, allegedly with a Qasif-2K drone, on Najran, with no report of fatalities nor injuries. While Saudi Arabia said that it had targeted a 'vital facility' inside the city, pro-Houthi forces claimed to have targeted an arms depot at Najran airport, with a fire allegedly breaking out.",0,2019-Q2
2019-05-20,2019,Strategic developments,Disrupted weapons use,Military Forces of Saudi Arabia (2015-),Military Forces of Yemen (2017-) Houthi,Saudi Arabia,Mecca,"Interception: On 20 May 2019, Saudi air defence forces claimed to have intercepted two ballistic missiles over the city of Taif, as one was heading for Mekkah and the other for Jeddah, launched by pro-Houthi forces from the Yemeni territory. Missile fragments reportedly landed in Wadi Jalil area just outside Mekkah, with no report of fatalities nor injuries.",0,2019-Q2
2019-05-15,2019,Explosions/Remote violence,Shelling/artillery/missile attack,Military Forces of Yemen (2017-) Houthi,Military Forces of Saudi Arabia (2015-),Saudi Arabia,Jizan,"On 15 May 2019, pro-Houthi forces claimed to have fired a Zilzal-1 rocket towards Saudi forces in Al-Salb military camp in the west of Jalah military centre, with no report of fatalities nor injuries.",0,2019-Q2
2019-05-09,2019,Explosions/Remote violence,Shelling/artillery/missile attack,Military Forces of Yemen (2017-) Houthi,Militia (Pro-Government),Saudi Arabia,Najran,"On 9 May 2019, pro-Houthi forces reportedly fired a Zilzal 1 missile at Saudi-affiliated groups in Al Qadhamil checkpoint of Najran province, southern Saudi Arabia. No fatalities nor injuries reported.",0,2019-Q2
2019-05-03,2019,Explosions/Remote violence,Air/drone strike,Military Forces of Yemen (2017-) Houthi,Military Forces of Saudi Arabia (2015-),Saudi Arabia,Jizan,"On 3 May 2019, pro-Houthi unmanned drones and artillery reportedly targeted Saudi forces in As Sutlah area of Jizan province, southern Saudi Arabia. No fatalities nor injuries reported.",0,2019-Q2
2019-04-21,2019,Explosions/Remote violence,Shelling/artillery/missile attack,Military Forces of Yemen (2017-) Houthi,Military Forces of Saudi Arabia (2015-),Saudi Arabia,Jizan,"On 21 April 2019, pro-Houthi forces claimed to have destroyed two Saudi military bulldozers with guided missiles in Jizan governorate, with no report of fatalities nor injuries.",0,2019-Q2
2019-04-07,2019,Strategic developments,Disrupted weapons use,Military Forces of Saudi Arabia (2015-),Military Forces of Yemen (2017-) Houthi,Saudi Arabia,Asir,"Interception: On 7 April 2019, Saudi air defence forces claimed to have shot down a Houthi-operated drone over Asir governorate in southern Saudi Arabia, with no report of fatalities nor injuries.",0,2019-Q2
2019-04-06,2019,Explosions/Remote violence,Shelling/artillery/missile attack,Military Forces of Yemen (2017-) Houthi,Militia (Pro-Government),Saudi Arabia,Najran,"On 6 April 2019, pro-Houthi forces reportedly fired Katyusha missiles at Saudi-affiliated troops on the Taybat al Asam front line of Najran province, southern Saudi Arabia. No fatalities nor injuries reported.",0,2019-Q2
2019-04-05,2019,Strategic developments,Disrupted weapons use,Military Forces of Saudi Arabia (2015-),Military Forces of Yemen (2017-) Houthi,Saudi Arabia,Najran,"Interception: On 5 April 2019, Saudi Air-defense systems intercepted a Houthi-fired ballistic missile over the city of Najran. No injuries or fatalities were reported. Houthi media reported that they had struck the Tibat al Asam military site.",0,2019-Q2
2019-03-24,2019,Battles,Armed clash,Military Forces of Yemen (2017-) Houthi,Military Forces of Saudi Arabia (2015-),Saudi Arabia,Jizan,"On 24 March 2019, pro-Houthi snipers reportedly shot dead a Saudi soldier in Mashal area of Jizan province, southern Saudi Arabia. Also, pro-Houthi forces fired Katyusha missiles at Saudi-affiliated troops in An Nar mountain area of the same province, setting a tank and other military vehicles on fire. Also, pro-Houthi forces reportedly conducted a startled military operation attacking Saudi-affiliated positions east of MPC mountain, in As Sifah area and near Al Qimah and As Siyabah villages of Jizan province, killing more than 20 Saudi-affiliated elements and injuring dozens, and destroying 5 military vehicles. Fatalities coded as 21 (20 Saudi-affiliated elements plus 1 Saudi soldier).",21,2019-Q1
2019-03-24,2019,Explosions/Remote violence,Shelling/artillery/missile attack,Military Forces of Yemen (2017-) Houthi,Militia (Pro-Government),Saudi Arabia,Najran,"On 24 March 2019, pro-Houthi forces reportedly fired several Katyusha missiles and artillery shells at Saudi-affiliated troops and military vehicles in Al Hammad area of Najran province, southern Saudi Arabia, injuring Saudi-affiliated elements.",0,2019-Q1
2019-03-21,2019,Explosions/Remote violence,Shelling/artillery/missile attack,Military Forces of Yemen (2017-) Houthi,Militia (Pro-Government),Saudi Arabia,Najran,"On 21 March 2019, pro-Houthi forces reportedly fired artillery and a Zilzal-1 missile at Saudi-affiliated forces' gatherings in Al Humad area of Najran province, southern Saudi Arabia, killing and injuring Saudi-affiliated elements. Unknown number of fatalities and injuries coded as 10.",10,2019-Q1
2019-03-08,2019,Explosions/Remote violence,Air/drone strike,Military Forces of Yemen (2017-) Houthi,Civilians (Saudi Arabia),Saudi Arabia,Asir,"4 civilians were wounded by a Houthi drone that exploded in the sky just above Abha city, KSA.",0,2019-Q1
2019-03-08,2019,Explosions/Remote violence,Shelling/artillery/missile attack,Military Forces of Yemen (2017-) Houthi,Military Forces of Saudi Arabia (2015-),Saudi Arabia,Najran,"On 8 March 2019, pro-Houthi forces reportedly fired a Zilzal-1 missile at Saudi gatherings in an area facing Al Humad quarter, Najran province, southern Saudi Arabia. No fatalities nor injuries reported.",0,2019-Q1
2019-03-07,2019,Explosions/Remote violence,Air/drone strike,Military Forces of Yemen (2017-) Houthi,Military Forces of Saudi Arabia (2015-),Saudi Arabia,Jizan,"Houthi forces conducted a drone strike against Saudi troops using a Qasif 2K drone in the Darb military camp, Jizan, resulting in a number of deaths and injuries. Unknown fatalities coded as 10.",10,2019-Q1
2019-02-25,2019,Explosions/Remote violence,Shelling/artillery/missile attack,Military Forces of Yemen (2017-) Houthi,Militia (Pro-Government),Saudi Arabia,Jizan,"On 25 February 2019, pro-Houthi forces destroyed a military vehicle with a guided missile in Bajl site and shelled Saudi soldiers and militia groups' gathering at the Al-Haskoul site in Jizan. No injuries nor fatalities reported.",0,2019-Q1
2019-01-17,2019,Explosions/Remote violence,Shelling/artillery/missile attack,Military Forces of Yemen (2017-) Houthi,Military Forces of Saudi Arabia (2015-),Saudi Arabia,Najran,"On 17 January 2019, pro-Houthi forces reportedly targeted gatherings of Saudi troops with 4 Zilzal 1 missiles near As Sanaa and Al Sudais areas of Najran province, southern Saudi Arabia, killing and injuring anti-Houthi elements. Unknown number of fatalities and injuries coded as ?0?and split up between 2 locations.",5,2019-Q1
2019-01-14,2019,Explosions/Remote violence,Shelling/artillery/missile attack,Military Forces of Yemen (2017-) Houthi,Military Forces of Saudi Arabia (2015-),Saudi Arabia,Najran,"Pro-Houthi forces claimed to have fired a Badr-1 type ballistic missile at Saudi and Saudi-affiliated forces west of Bir Askar in Najran governorate, killing and injuring a number of fighters. Unknown reported fatalities coded as 10.",10,2019-Q1
2019-01-13,2019,Explosions/Remote violence,Air/drone strike,Military Forces of Yemen (2017-) Houthi,Military Forces of Saudi Arabia (2015-),Saudi Arabia,Jizan,"Pro-Houthi forces claimed to have carried out a joint drone and artillery attack on Saudi soldiers in Jizan governorate, without giving more precise information about the location, killing dozens of them. Fatalities coded as 12.",12,2019-Q1
2019-01-11,2019,Explosions/Remote violence,Air/drone strike,Military Forces of Yemen (2017-) Houthi,Military Forces of Saudi Arabia (2015-),Saudi Arabia,Asir,"Houthi forces claim to have targeted Saudi troops and military leaders in Asir province with a Qasif type 2 drone. Although the source claimed that the strike was successful, no information on casualties were provided.",0,2019-Q1
2019-01-10,2019,Explosions/Remote violence,Air/drone strike,Military Forces of Yemen (2017-) Houthi,Military Forces of Saudi Arabia (2015-),Saudi Arabia,Jizan,Houthi forces released a video showing the targeting of Saudi troops in Jizan with a Qasif type 2 drone. No info on casualties.,0,2019-Q1
2018-12-31,2018,Explosions/Remote violence,Air/drone strike,Military Forces of Yemen (2017-) Houthi,Military Forces of Saudi Arabia (2015-),Saudi Arabia,Jizan,"Pro-Houthi forces claimed to have carried out a joint drone and artillery attack on Saudi positions in Al-'Awjbah area of Jizan governorate, with no report of casualties.",0,2018-Q4
2018-12-29,2018,Strategic developments,Disrupted weapons use,Military Forces of Saudi Arabia (2015-),Military Forces of Yemen (2017-) Houthi,Saudi Arabia,Najran,"Interception: On 29 December 2018, Saudi air defense forces claimed to have intercepted 2 Houthi ballistic missiles targeting Najran city (Najran) in 24 hours.",0,2018-Q4
2018-12-06,2018,Explosions/Remote violence,Shelling/artillery/missile attack,Military Forces of Yemen (2017-) Houthi,Militia (Pro-Government),Saudi Arabia,Jizan,"Houthi fighters launched 6 missiles at Saudi soldiers in the Qays and nearby Lahhij village, Jizan. No info on casualties.",0,2018-Q4
2018-11-28,2018,Explosions/Remote violence,Shelling/artillery/missile attack,Military Forces of Yemen (2017-) Houthi,Military Forces of Saudi Arabia (2015-),Saudi Arabia,Najran,"Houthi missile forces fired a Badr-1 P type missile at a Saudi helicopter base in 'Bir Askar' in Najran, resulting in the death of two pilots and the destruction of a number of aircraft.",2,2018-Q4
2018-11-27,2018,Explosions/Remote violence,Shelling/artillery/missile attack,Military Forces of Yemen (2017-) Houthi,Militia (Pro-Government),Saudi Arabia,Asir,"Houthi forces launched a missile (Zilzal 1) at anti-Houthi fighters near Awa in Asir governorate, reportedly killing and injuring a number of fighters. Unknown fatalities coded as 10.",10,2018-Q4
2018-11-17,2018,Explosions/Remote violence,Shelling/artillery/missile attack,Military Forces of Yemen (2017-) Houthi,Military Forces of Saudi Arabia (2015-),Saudi Arabia,Jizan,Houthi rocket teams fired 4 Zilzal type 2 rockets at gatherings of Saudi soldiers in the Mahul area of Jizan. No info on casualties.,0,2018-Q4
2018-11-10,2018,Explosions/Remote violence,Shelling/artillery/missile attack,Military Forces of Yemen (2017-) Houthi,Military Forces of Saudi Arabia (2015-),Saudi Arabia,Asir,Houthi forces launched a Badr 1 missile at a military camp belonging to anti-Houthi groups in Asir governorate. Houthi sources reported the attack resulted in a number of deaths and injuries. Unknown fatalities coded as 10.,10,2018-Q4
2018-10-30,2018,Explosions/Remote violence,Shelling/artillery/missile attack,Military Forces of Yemen (2017-) Houthi,Military Forces of Saudi Arabia (2015-),Saudi Arabia,Asir,"Houthi forces launched a missile (Badr 1) at a Saudi military camp in Asir governorate, resulting in the destruction of military equipment and deaths of Saudi fighters. Unknown fatalities coded as 10.",10,2018-Q4
2018-10-30,2018,Explosions/Remote violence,Shelling/artillery/missile attack,Military Forces of Yemen (2017-) Houthi,Military Forces of Saudi Arabia (2015-),Saudi Arabia,Jizan,Houthi forces destroyed a Saudi military tank using a guided missile in Al Amoud site in Jizan governorate. No casualties were reported.,0,2018-Q4
2018-10-10,2018,Strategic developments,Disrupted weapons use,Military Forces of Saudi Arabia (2015-),Military Forces of Yemen (2017-) Houthi,Saudi Arabia,Najran,"Interception: On 10 October 2018, Saudi air defence forces claimed to have intercepted a ballistic missile over Najran governorate, fired by pro-Houthi forces from Sadah governorate in Yemen. No casualties were reported.",0,2018-Q4
2018-10-09,2018,Strategic developments,Disrupted weapons use,Military Forces of Yemen (2017-) Houthi,Military Forces of Saudi Arabia (2015-),Saudi Arabia,Jizan,"Interception: On 9 October 2018, pro-Houthi forces claimed to have shot down two Saudi reconnaissance drones over Ash Shabakah (Al Harth, Jizan).",0,2018-Q4
2018-10-05,2018,Explosions/Remote violence,Shelling/artillery/missile attack,Military Forces of Yemen (2017-) Houthi,Military Forces of Saudi Arabia (2015-),Saudi Arabia,Jizan,Pro-Houthi forces claimed to have fired rockets at Saudi forces behind the Muntazah site of Jizan governorate. No casualties were reported.,0,2018-Q4
2018-10-02,2018,Strategic developments,Disrupted weapons use,Military Forces of Yemen (2017-) Houthi,Military Forces of Saudi Arabia (2015-),Saudi Arabia,Najran,"Interception: On 2 October 2018, pro-Houthi forces claimed to have shot down a Saudi reconnaissance drone over Al Khadra border crossing (Khubash, Najran).",0,2018-Q4
2018-10-01,2018,Explosions/Remote violence,Shelling/artillery/missile attack,Military Forces of Yemen (2017-) Houthi,Military Forces of Saudi Arabia (2015-),Saudi Arabia,Jizan,"Pro-Houthi forces claimed to have fired artillery and rockets at Saudi and Saudi-affiliated forces, killing a number of their fighters, in several sites of Jizan governorate, including Al Ma'ridah, Al Faridah, Qaym as Sababa, As Suda, the Khushel watchtower and Na'shaw. Unknown reported fatalities coded as 10 and spread across two locations.",5,2018-Q4
2018-09-22,2018,Strategic developments,Disrupted weapons use,Military Forces of Saudi Arabia (2015-),Military Forces of Yemen (2017-) Houthi,Saudi Arabia,Jizan,"Interception: On 22 September 2018, Saudi air defence forces claimed to have intercepted a ballistic missile over Jizan governorate, launched by Houthi forces from Sadah governorate in Yemen, as pro-Houthi forces claimed to have launched a Badr-1 type ballistic missile at the Jizan regional airport. No casualties were reported.",0,2018-Q3
2018-09-19,2018,Strategic developments,Disrupted weapons use,Military Forces of Saudi Arabia (2015-),Military Forces of Yemen (2017-) Houthi,Saudi Arabia,Jizan,"Interception: On 19 September 2018, Saudi air defence forces claimed to have intercepted a ballistic missile over Jizan governorate, launched by Houthi forces from Sadah governorate in Yemen, as pro-Houthi forces claimed to have launched a Badr-1 type ballistic missile at a military camp in Jizan governorate. No casualties were reported.",0,2018-Q3
2018-09-16,2018,Strategic developments,Disrupted weapons use,Military Forces of Saudi Arabia (2015-),Military Forces of Yemen (2017-) Houthi,Saudi Arabia,Jizan,"Interception: On 16 September 2018, Saudi air defence forces claimed to have intercepted a ballistic missile over Jizan governorate, launched by Houthi forces from Sadah governorate in Yemen, as pro-Houthi forces claimed to have launched a Badr-1 type ballistic missile at a military camp in Jizan governorate. No casualties were reported.",0,2018-Q3
2018-09-15,2018,Strategic developments,Disrupted weapons use,Military Forces of Saudi Arabia (2015-),Military Forces of Yemen (2017-) Houthi,Saudi Arabia,Jizan,"Interception: On 15 September 2018, Saudi air defence forces claimed to have intercepted a ballistic missile over Jizan governorate, launched by Houthi forces from Sadah governorate in Yemen, as pro-Houthi forces claimed to have launched a Badr-1 type ballistic missile at Jizan Economic City, north of Jizan city on the coast. No casualties were reported.",0,2018-Q3
2018-09-14,2018,Strategic developments,Disrupted weapons use,Military Forces of Saudi Arabia (2015-),Military Forces of Yemen (2017-) Houthi,Saudi Arabia,Jizan,"Interception: On 14 September 2018, Saudi air defence forces claimed to have intercepted a ballistic missile over Jizan governorate, launched by Houthi forces from Sadah governorate in Yemen, as pro-Houthi forces claimed to have launched a Badr-1 type ballistic missile at the Saudi ARAMCO refinery of Jizan governorate. No casualties were reported.",0,2018-Q3
2018-09-13,2018,Strategic developments,Disrupted weapons use,Military Forces of Saudi Arabia (2015-),Military Forces of Yemen (2017-) Houthi,Saudi Arabia,Najran,"Interception: On 13 September 2018, The Saudi military reportedly intercepted a Houthi Badr-1 type ballistic missile fired on Najran city on Thursday evening.",0,2018-Q3
2018-09-11,2018,Strategic developments,Disrupted weapons use,Military Forces of Saudi Arabia (2015-),Military Forces of Yemen (2017-) Houthi,Saudi Arabia,Jizan,"Interception: On 11 September 2018, The Saudi military reportedly intercepted two missiles fired on Saudi Aramco in Jizan. Houthis claim to have hit the location with four missiles.",0,2018-Q3
2018-09-07,2018,Explosions/Remote violence,Shelling/artillery/missile attack,Military Forces of Yemen (2017-) Houthi,Military Forces of Saudi Arabia (2015-),Saudi Arabia,Asir,Pro-Houthi forces claimed to have fired a Badr-1 type ballistic missile at a Saudi military camp in Asir governorate. No casualties were reported.,0,2018-Q3
2018-09-07,2018,Strategic developments,Disrupted weapons use,Military Forces of Saudi Arabia (2015-),Military Forces of Yemen (2017-) Houthi,Saudi Arabia,Jizan,"Interception: On 7 September 2018, Saudi air defence forces claimed to have intercepted a ballistic missile over Jizan governorate. No casualties were reported.",0,2018-Q3
2018-09-07,2018,Strategic developments,Disrupted weapons use,Military Forces of Saudi Arabia (2015-),Military Forces of Yemen (2017-) Houthi,Saudi Arabia,Najran,"Interception: On 7 September 2018, Saudi forces intercepted 1 Houthi ballistic missile targeting Najran city (Najran).",0,2018-Q3
2018-09-06,2018,Explosions/Remote violence,Air/drone strike,Military Forces of Yemen (2017-) Houthi,,Saudi Arabia,Asir,Pro-Houthi forces claimed to have carried out a drone attack (Qasif-1 type) on Abha regional airport in Asir governorate. No casualties were reported.,0,2018-Q3
2018-09-06,2018,Strategic developments,Disrupted weapons use,Military Forces of Saudi Arabia (2015-),Military Forces of Yemen (2017-) Houthi,Saudi Arabia,Jizan,"Interception: On 6 September 2018, Saudi air defense forces claimed to have intercepted 1 Houthi ballistic missile targeting Jizan city (Jizan) as Houthi forces said that they fired 2 Badr-1 artillery rockets at Jizan - Jizan Regional Airport.",0,2018-Q3
2018-09-04,2018,Explosions/Remote violence,Shelling/artillery/missile attack,Military Forces of Yemen (2017-) Houthi,Military Forces of Saudi Arabia (2015-),Saudi Arabia,Jizan,"Pro-Houthi forces claimed to have launched four Badr-1 type ballistic missiles at the Saudi ARAMCO facility in Jizan Economic City, north of Jizan city on the coast. If Saudi air defence forces claimed to have intercepted two ballistic missiles over Jizan governorate, with no reports of casualties, this leaves two missiles unaccounted for.",0,2018-Q3
2018-09-04,2018,Strategic developments,Disrupted weapons use,Military Forces of Saudi Arabia (2015-),Military Forces of Yemen (2017-) Houthi,Saudi Arabia,Jizan,"Interception: On 4 September 2018, Saudi air defence forces claimed to have intercepted two ballistic missiles over Jizan governorate, as pro-Houthi forces claimed to have launched four Badr-1 type ballistic missiles at the Saudi ARAMCO facility in Jizan Economic City, north of Jizan city on the coast. No casualties were reported.",0,2018-Q3
2018-09-03,2018,Strategic developments,Disrupted weapons use,Military Forces of Saudi Arabia (2015-),Military Forces of Yemen (2017-) Houthi,Saudi Arabia,Jizan,"Interception: On 3 September 2018, Saudi air defence forces claimed to have intercepted a ballistic missile over Jizan governorate, launched by Houthi forces from Sadah governorate in Yemen, as pro-Houthi forces claimed to have launched a Badr-1 type ballistic missile at the Saudi ARAMCO facility in Jizan Economic City, north of Jizan city on the coast. No casualties were reported.",0,2018-Q3
2018-09-02,2018,Explosions/Remote violence,Air/drone strike,Military Forces of Yemen (2017-) Houthi,Military Forces of Sudan (1989-2019) Rapid Support Forces,Saudi Arabia,Jizan,"Pro-Houthi forces claimed to have fired missiles and carried out drone attacks on military targets in Jizan governorate, which included a drone attack on Sudanese soldiers. No casualties were reported.",0,2018-Q3
2018-09-02,2018,Strategic developments,Disrupted weapons use,Military Forces of Saudi Arabia (2015-),Military Forces of Yemen (2017-) Houthi,Saudi Arabia,Jizan,"Interception: On 2 September 2018, Saudi forces intercepted a ballistic missile fired by pro-Houthi elements towards the city of Jizan.",0,2018-Q3
2018-08-30,2018,Strategic developments,Disrupted weapons use,Military Forces of Saudi Arabia (2015-),Military Forces of Yemen (2017-) Houthi,Saudi Arabia,Najran,"Interception: On 30 August 2018, Saudi air defense forces claimed to have intercepted 1 Houthi ballistic missile targeting Najran city (Najran).",0,2018-Q3
2018-08-28,2018,Strategic developments,Disrupted weapons use,Military Forces of Saudi Arabia (2015-),Military Forces of Yemen (2017-) Houthi,Saudi Arabia,Najran,"Interception: On 28 August 2018, Saudi air defence forces claimed to have intercepted a ballistic missile over Najran governorate, launched by Houthi forces from Amran governorate in Yemen, as pro-Houthi forces claimed to have launched a Badr-1 type ballistic at the Mustahidath military camp in Najran. No casualties were reported.",0,2018-Q3
2018-08-27,2018,Strategic developments,Disrupted weapons use,Military Forces of Saudi Arabia (2015-),Military Forces of Yemen (2017-) Houthi,Saudi Arabia,Jizan,"Interception: On 27 August 2018, Saudi air defense systems intercepted a Houthi missile in Jizan province.",0,2018-Q3
2018-08-25,2018,Strategic developments,Disrupted weapons use,Military Forces of Saudi Arabia (2015-),Military Forces of Yemen (2017-) Houthi,Saudi Arabia,Najran,"Interception: On 25 August 2018, Saudi air defence forces claimed to have intercepted a ballistic missile over Najran governorate, launched by Houthi forces from Amran in Yemen. No casualties were reported.",0,2018-Q3
2018-08-23,2018,Strategic developments,Disrupted weapons use,Military Forces of Saudi Arabia (2015-),Military Forces of Yemen (2017-) Houthi,Saudi Arabia,Jizan,"Interception: On 23 August 2018, Saudi air defense forces claimed to have intercepted 1 Houthi missile/rocket targeting Jizan province.",0,2018-Q3
2018-08-21,2018,Strategic developments,Disrupted weapons use,Military Forces of Saudi Arabia (2015-),Military Forces of Yemen (2017-) Houthi,Saudi Arabia,Jizan,"Interception: On 21 August 2018, Saudi air defense forces claimed to have intercepted a Houthi ballistic missile in Jizan province.",0,2018-Q3
2018-08-21,2018,Strategic developments,Disrupted weapons use,Military Forces of Saudi Arabia (2015-),Military Forces of Yemen (2017-) Houthi,Saudi Arabia,Najran,"Interception: On 21 August 2018, Saudi air defense forces intercepted a Houthi ballistic missile above Najran city (Najran).",0,2018-Q3
2018-08-18,2018,Strategic developments,Disrupted weapons use,Military Forces of Saudi Arabia (2015-),Military Forces of Yemen (2017-) Houthi,Saudi Arabia,Jizan,"Interception: On 18 August 2018, Saudi air defense forces intercepted a Houthi ballistic missile in Jizan province.",0,2018-Q3
2018-08-17,2018,Explosions/Remote violence,Shelling/artillery/missile attack,Military Forces of Yemen (2017-) Houthi,Military Forces of Saudi Arabia (2015-),Saudi Arabia,Najran,Pro-Houthi forces claimed to have fired a Badr-1 type ballistic missile at Saudi and Saudi-affiliated forces in Al Mustahidath military camp in Najran governorate. No casualties were reported.,0,2018-Q3
2018-08-17,2018,Strategic developments,Disrupted weapons use,Military Forces of Saudi Arabia (2015-),Military Forces of Yemen (2017-) Houthi,Saudi Arabia,Najran,"Interception: On 17 August 2018, Saudi air defense forces intercepted 1 Houthi ballistic missile targeting Najran city (Najran).",0,2018-Q3
2018-08-15,2018,Explosions/Remote violence,Shelling/artillery/missile attack,Military Forces of Yemen (2017-) Houthi,Military Forces of Saudi Arabia (2015-),Saudi Arabia,Najran,Pro-Houthi forces claimed to have fired a Badr-1 type ballistic missile at the Saudi military camp of Qawah al Wajib in Najran governorate. No casualties were reported.,0,2018-Q3
2018-08-11,2018,Explosions/Remote violence,Shelling/artillery/missile attack,Military Forces of Yemen (2017-) Houthi,Military Forces of Saudi Arabia (2015-),Saudi Arabia,Jizan,Pro-Houthi forces claimed to have fired a Zilzal-1 type ballistic missile at Saudi soldiers in the Masha'al site of Jizan governorate. No casualties were reported.,0,2018-Q3
2018-08-09,2018,Strategic developments,Disrupted weapons use,Military Forces of Saudi Arabia (2015-),Military Forces of Yemen (2017-) Houthi,Saudi Arabia,Jizan,"Interception: On 9 August 2018, Saudi air defense forces claimed to have intercepted and destroyed 2 Houthi ballistic missiles over Jizan province. Houthi forces claimed to have launched a number of missiles aimed at Saudi military targets in the governorate.",0,2018-Q3
2018-08-07,2018,Explosions/Remote violence,Shelling/artillery/missile attack,Military Forces of Yemen (2017-) Houthi,Civilians (Yemen),Saudi Arabia,Jizan,"Saudi Air-defence systems have reportedly intercepted a missile targeting Jizan Economic City in Jizan governorate, KSA. Shrapnel from the missile killed a Yemeni man and wounded 11 other civilians in the city.",1,2018-Q3
2018-08-07,2018,Explosions/Remote violence,Shelling/artillery/missile attack,Military Forces of Yemen (2017-) Houthi,Military Forces of Saudi Arabia (2015-),Saudi Arabia,Jizan,"Pro-Houthi forces have reportedly targetd Saudi soldiers in Jizan and Najran provinces with Katyusha rockets and artillery, leaving 'a number' dead. Unknown fatalities coded as 10 and split across two locations. *The source did not provide any more specific details on location.",5,2018-Q3
2018-08-06,2018,Strategic developments,Disrupted weapons use,Military Forces of Saudi Arabia (2015-),Military Forces of Yemen (2017-) Houthi,Saudi Arabia,Najran,"Interception: On 6 August 2018, Saudi air defense systems intercepted a Houthi missile near Najran city (Najran).",0,2018-Q3
2018-08-04,2018,Explosions/Remote violence,Air/drone strike,Military Forces of Yemen (2017-) Houthi,Military Forces of Saudi Arabia (2015-),Saudi Arabia,Asir,"Pro-Houthi forces claimed to have carried out drone (Qasif-1) strikes on the King Khalid Air Base of Asir governorate in Khamis Mushayt, targeting the airfield and several parked fighter jets. No casualties were reported while the incident seemed to not have been reported by other sources.",0,2018-Q3
2018-07-19,2018,Strategic developments,Disrupted weapons use,Military Forces of Saudi Arabia (2015-),Military Forces of Yemen (2017-) Houthi,Saudi Arabia,Jizan,"Interception: On 19 July 2018, Saudi air defense forces intercepted a Houthi missile aimed at Jizan - Jizan Regional Airport.",0,2018-Q3
2018-07-18,2018,Strategic developments,Disrupted weapons use,Military Forces of Saudi Arabia (2015-),Military Forces of Yemen (2017-) Houthi,Saudi Arabia,Najran,"Interception: On 18 July 2018, Saudi air defense systems intercepted a Houthi ballistic missile over Najran city (Najran).",0,2018-Q3
2018-07-17,2018,Explosions/Remote violence,Air/drone strike,Military Forces of Yemen (2017-) Houthi,,Saudi Arabia,Asir,"On 17 July 2018, a Houthi drone targeted Abha Regional Airport (Asir). There were no fatalities or injuries.",0,2018-Q3
2018-07-14,2018,Strategic developments,Disrupted weapons use,Military Forces of Saudi Arabia (2015-),Military Forces of Yemen (2017-) Houthi,Saudi Arabia,Najran,"Interception: On 14 July 2018, Saudi air defense forces intercepted a Houthi ballistic missile over Najran province. Houthi forces claimed to have fired a short-range ballistic missile at the Saudi National Guard Camp in Najran.",0,2018-Q3
2018-07-10,2018,Strategic developments,Disrupted weapons use,Military Forces of Saudi Arabia (2015-),Military Forces of Yemen (2017-) Houthi,Saudi Arabia,Jizan,"Interception: On 14 July 2018, Saudi air defence reportedly intercepted a Houthi-fired ballistic missile over Jizan governorate. Pro-Houthi forces meanwhile claimed that they fired a Badr 1 missile at Jizan Economic City.",0,2018-Q3
2018-07-06,2018,Strategic developments,Disrupted weapons use,Military Forces of Saudi Arabia (2015-),Military Forces of Yemen (2017-) Houthi,Saudi Arabia,Jizan,"Interception: On 6 July 2018, Saudi air defense forces intercepted a Houthi ballistic missile in Jizan province. Houthi forces claimed to have fired a Badr-1 artillery rocket at Jizan Economic City (Baysh).",0,2018-Q3
2018-07-04,2018,Explosions/Remote violence,Shelling/artillery/missile attack,Military Forces of Yemen (2017-) Houthi,Civilians (Saudi Arabia),Saudi Arabia,Jizan,A child was wounded by a Houthi-fired rocket in the southern Saudi city of Jizan.,0,2018-Q3
2018-07-03,2018,Explosions/Remote violence,Shelling/artillery/missile attack,Military Forces of Yemen (2017-) Houthi,Military Forces of Saudi Arabia (2015-),Saudi Arabia,Asir,"On 3 July 2018, Houthi forces claimed to have fired a long-range ballistic missile at King Faysal Military City (Khamis Mushayt, Asir). Casualties unknown. Saudi authorities did not comment on the alleged launch.",0,2018-Q3
2018-06-24,2018,Strategic developments,Disrupted weapons use,Military Forces of Saudi Arabia (2015-),Military Forces of Yemen (2017-) Houthi,Saudi Arabia,Ar Riyadh,"Interception: On 24 June 2018, Saudi forces intercepted 2 Houthi Burkan-2H type extended range short-range ballistic missiles targeting Riyadh (Ar Riyadh). Houthi forces claimed to have targeted the Saudi Ministry of Defense and other areas in Riyadh.",0,2018-Q2
2018-06-17,2018,Explosions/Remote violence,Shelling/artillery/missile attack,Military Forces of Yemen (2017-) Houthi,Civilians (Pakistan),Saudi Arabia,Jizan,"Saudi air-defense systems reportedly intercepted a Houthi-fired ballistic missile over the southern Jizan city. According to a report issued by Saudi Press Agency, a Pakistani civilian was injured by the falling debris. Pro-Houthi source Al-Masirah claimed that the missile was targeting a military camp in Jizan.",0,2018-Q2
2018-06-16,2018,Explosions/Remote violence,Shelling/artillery/missile attack,Military Forces of Yemen (2017-) Houthi,Military Forces of Saudi Arabia (2015-),Saudi Arabia,Jizan,Houthi fighters claim to have launched artillery and missile attacks on Saudi soldiers in the province of Jizan - claiming to have struck the Arar area near Qays and Siaba camp. Another artillery attack hit Nashaw site located near As Sahar area. No info on casualties.,0,2018-Q2
2018-06-13,2018,Strategic developments,Disrupted weapons use,Military Forces of Saudi Arabia (2015-),Military Forces of Yemen (2017-) Houthi,Saudi Arabia,Jizan,"Interception: On 13 June 2018, Saudi air defence forces claim to have intercepted a ballistic missile (Badr-1 according to the Houthis) fired by pro-Houthi forces to target Al Faysal military city in Abu Arish in Jizan governorate. No casualties were reported.",0,2018-Q2
2018-06-13,2018,Explosions/Remote violence,Shelling/artillery/missile attack,Military Forces of Yemen (2017-) Houthi,Military Forces of Saudi Arabia (2015-),Saudi Arabia,Najran,"In Najran, a military vehicle belonging to anti-Houthi fighters in Awadhi area of Najran was reportedly destroyed by a Houthi-fired guided missile, killing those aboard. Unknown fatalities coded as 10.",10,2018-Q2
2018-06-12,2018,Explosions/Remote violence,Shelling/artillery/missile attack,Military Forces of Yemen (2017-) Houthi,Militia (Pro-Government),Saudi Arabia,Jizan,Pro-Houthi forces claim to have fired rockets and artillery at Saudi-affiliated fighters - including Sudanese - in Shaja'a area and west of Hammad in Jizan governorate and to have killed a number of them. Unknown reported fatalities coded as 10.,10,2018-Q2
2018-06-12,2018,Explosions/Remote violence,Shelling/artillery/missile attack,Military Forces of Yemen (2017-) Houthi,Military Forces of Saudi Arabia (2015-),Saudi Arabia,Jizan,Pro-Houthi forces claim to have fired rockets at Saudi and Saudi-affiliated (unidentified in the source) fighters in the 119th and 111st military camps in Jizan governorate. No casualties were reported.,0,2018-Q2
2018-06-12,2018,Explosions/Remote violence,Shelling/artillery/missile attack,Military Forces of Yemen (2017-) Houthi,Military Forces of Saudi Arabia (2015-),Saudi Arabia,Jizan,Pro-Houthi forces claim to have destroyed a military vehicle in Bujan site in Jizan governorate with a guided missile. No casualties were reported.,0,2018-Q2
2018-06-10,2018,Strategic developments,Disrupted weapons use,Military Forces of Saudi Arabia (2015-),Military Forces of Yemen (2017-) Houthi,Saudi Arabia,Jizan,"Interception: On 10 June 2018, Saudi air defence forces claim to have intercepted a ballistic missile (Badr-1 according to the Houthis) fired by pro-Houthi forces to target Jizan Economic City in southern Saudi Arabia. No casualties were reported.",0,2018-Q2
2018-06-09,2018,Explosions/Remote violence,Shelling/artillery/missile attack,Military Forces of Yemen (2017-) Houthi,Civilians (Saudi Arabia),Saudi Arabia,Jizan,"Three civilians were reportedly killed in a Houthi-fired missile strike that hit in the town of Jizan, southern Saudi Arabia.",3,2018-Q2
2018-06-05,2018,Strategic developments,Disrupted weapons use,Military Forces of Saudi Arabia (2015-),Military Forces of Yemen (2017-) Houthi,Saudi Arabia,Al Madinah,"Interception: On 5 June 2018, Saudi forces intercepted a Houthi Burkan-2H type extended range short-range ballistic missile near Yanbu (Al Madinah).",0,2018-Q2
2018-05-28,2018,Explosions/Remote violence,Shelling/artillery/missile attack,Military Forces of Yemen (2017-) Houthi,Military Forces of Saudi Arabia (2015-),Saudi Arabia,Jizan,Pro-Houthi forces claim to have fired rockets at Saudi forces in Bujan site in Jizan governorate. No casualties were reported.,0,2018-Q2
2018-05-26,2018,Explosions/Remote violence,Air/drone strike,Military Forces of Yemen (2017-) Houthi,Civilians (Saudi Arabia),Saudi Arabia,Asir,"On 26 May 2018, fragments from a Houthi drone that was intercepted by Saudi air defense forces over Abha Regional Airport (Asir) injured 2 civilians according to the UN Panel of Experts. One source claimed that the drone was launched from Sadah in Yemen.",0,2018-Q2
2018-05-25,2018,Strategic developments,Disrupted weapons use,Military Forces of Saudi Arabia (2015-),Military Forces of Yemen (2017-) Houthi,Saudi Arabia,Najran,"Interception: On 25 May 2018, Saudi air defense forces intercepted 1 Houthi missile that Houthi forces claimed was a Badr-1 artillery rocket over Najran city (Najran). Debris landed in residential areas without causing any injuries. The rocket was fired from Amran governorate.",0,2018-Q2
2018-05-24,2018,Strategic developments,Disrupted weapons use,Military Forces of Saudi Arabia (2015-),Military Forces of Yemen (2017-) Houthi,Saudi Arabia,Jizan,"Interception: On 24 May 2018, Saudi air defense forces claimed to have intercepted 1 Houthi ballistic missile flying over Jizan city (Jizan) as Houthi forces said that they targeted Jizan - Jizan Port. Debris landed in residential areas without causing any injuries or damage. The missile was fired from Sadah governorate.",0,2018-Q2
2018-05-23,2018,Explosions/Remote violence,Shelling/artillery/missile attack,Military Forces of Yemen (2017-) Houthi,Military Forces of Saudi Arabia (2015-),Saudi Arabia,Jizan,Pro-Houthi forces claim to have fired rockets at Saudi forces in Jabal al Aqabah military camp located behind Al Khobh and in Attar military camp in Jizan governorate. No casualties were reported.,0,2018-Q2
2018-05-21,2018,Strategic developments,Disrupted weapons use,Military Forces of Saudi Arabia (2015-),Military Forces of Yemen (2017-) Houthi,Saudi Arabia,Jizan,"Interception: On 21 May 2018, Saudi air defence forces claim to have intercepted two Scud ballistic missiles over Jizan southern governorate. Pro-Houthi forces meanwhile said that they fired one Badr 1 ballistic missile targeting Jizan airport. No casualties were reported.",0,2018-Q2
2018-05-20,2018,Explosions/Remote violence,Shelling/artillery/missile attack,Military Forces of Yemen (2017-) Houthi,Military Forces of Saudi Arabia (2015-),Saudi Arabia,Jizan,Pro-Houthi forces claim to have fired missiles and artillery at Saudi forces in Ghawiyah and Qalah ash Shaykh areas of Jizan governorate. No casualties were reported.,0,2018-Q2
2018-05-20,2018,Strategic developments,Disrupted weapons use,Military Forces of Saudi Arabia (2015-),Military Forces of Yemen (2017-) Houthi,Saudi Arabia,Jizan,"Interception: On 20 May 2018, Saudi air defense forces intercepted a Houthi missile over Jizan (Jizan) with debris landing across the city without causing any injuries. Houthi sources later claimed that the missile was targeting Jizan - Jizan Regional Airport.",0,2018-Q2
2018-05-18,2018,Explosions/Remote violence,Shelling/artillery/missile attack,Military Forces of Yemen (2017-) Houthi,,Saudi Arabia,Jizan,A Houthi-fired Badr type 1 ballistic missile reportedly targeted Jizan's economic city in Jizan. No further info was provided in the report.,0,2018-Q2
2018-05-18,2018,Explosions/Remote violence,Shelling/artillery/missile attack,Military Forces of Yemen (2017-) Houthi,Military Forces of Saudi Arabia (2015-),Saudi Arabia,Jizan,"Pro-Houthi forces claim to have fired missiles and rockets at Saudi and Saudi-affiliated (unidentified in the source) forces in Malhamah, Qalah ash Shaykh and Al Khobh areas of Jizan governorate. Injuries were reported.",0,2018-Q2
2018-05-15,2018,Strategic developments,Disrupted weapons use,Military Forces of Saudi Arabia (2015-),Military Forces of Yemen (2017-) Houthi,Saudi Arabia,Jizan,"Interception: On 15 May 2018, Saudi air defense forces intercepted a Houthi ballistic missile over Jizan city (Jizan) with debris landing in a residential area without causing any injuries.",0,2018-Q2
2018-05-14,2018,Explosions/Remote violence,Shelling/artillery/missile attack,Military Forces of Yemen (2017-) Houthi,,Saudi Arabia,Jizan,Pro-Houthi forces claim to have fired a Badr 1 ballistic missile at ARAMCO distribution plant located in southern Jizan city. No casualties were reported.,0,2018-Q2
2018-05-12,2018,Explosions/Remote violence,Shelling/artillery/missile attack,Military Forces of Yemen (2017-) Houthi,Military Forces of Saudi Arabia (2015-),Saudi Arabia,Jizan,Pro-Houthi forces claim to have destroyed a Saudi military vehicle with a missile in Al Mahruq area of Jizan governorate. No casualties were reported.,0,2018-Q2
2018-05-12,2018,Explosions/Remote violence,Shelling/artillery/missile attack,Military Forces of Yemen (2017-) Houthi,Military Forces of Saudi Arabia (2015-),Saudi Arabia,Najran,Pro-Houthi forces claim to have destroyed a tank in Al Tala'a site of Najran governorate with a guided missile and to have killed its crew. Unknown reported fatalities coded as 10.,10,2018-Q2
2018-05-11,2018,Explosions/Remote violence,Shelling/artillery/missile attack,Military Forces of Yemen (2017-) Houthi,Military Forces of Saudi Arabia (2015-),Saudi Arabia,Jizan,Pro-Houthi forces claim to have launched a ballistic missile (Badr 1) targeting Al Darb military camp in Jizan governorate. No casualties were reported.,0,2018-Q2
2018-05-11,2018,Strategic developments,Disrupted weapons use,Military Forces of Saudi Arabia (2015-),Military Forces of Yemen (2017-) Houthi,Saudi Arabia,Jizan,"Interception: On 11 May 2018, Saudi air defense forces intercepted a Houthi missile in Jizan province.",0,2018-Q2
2018-05-09,2018,Strategic developments,Disrupted weapons use,Military Forces of Saudi Arabia (2015-),Military Forces of Yemen (2017-) Houthi,Saudi Arabia,Ar Riyadh,"Interception: On 9 May 2018, Saudi forces intercepted 2 Houthi Burkan-2H type extended range short-range ballistic missiles targeting Riyadh (Ar Riyadh).",0,2018-Q2
2018-05-09,2018,Strategic developments,Disrupted weapons use,Military Forces of Saudi Arabia (2015-),Military Forces of Yemen (2017-) Houthi,Saudi Arabia,Jizan,"Interception: On 9 May 2018, Saudi air defense forces intercepted Houthi missiles targeting Jizan city (Jizan).",0,2018-Q2
2018-05-09,2018,Explosions/Remote violence,Shelling/artillery/missile attack,Military Forces of Yemen (2017-) Houthi,,Saudi Arabia,Najran,The official spokesman for the Joint Coalition forces announced that a Houthi missile fired at the city of Najran landed in the desert short of its target. No injuries reported.,0,2018-Q2
2018-05-06,2018,Strategic developments,Disrupted weapons use,Military Forces of Saudi Arabia (2015-),Military Forces of Yemen (2017-) Houthi,Saudi Arabia,Najran,"Interception: On 6 May 2018, Saudi air defense forces intercepted two Houthi missiles in Najran province.",0,2018-Q2
2018-05-05,2018,Explosions/Remote violence,Shelling/artillery/missile attack,Military Forces of Yemen (2017-) Houthi,Military Forces of Saudi Arabia (2015-),Saudi Arabia,Najran,Pro-Houthi forces claim to have fired missiles and artillery at enemy buildings in Silah site of Najran governorate and in the customs of Al Khadra border crossing. No casualties were reported.,0,2018-Q2
2018-05-02,2018,Explosions/Remote violence,Shelling/artillery/missile attack,Military Forces of Yemen (2017-) Houthi,Military Forces of Saudi Arabia (2015-),Saudi Arabia,Jizan,Pro-Houthi forces claim to have destroyed three vehicles belonging to Saudi and Saudi-affiliated forces in rocket fire in Jizan governorate. No casualties were reported.,0,2018-Q2
2018-04-28,2018,Strategic developments,Disrupted weapons use,Military Forces of Saudi Arabia (2015-),Military Forces of Yemen (2017-) Houthi,Saudi Arabia,Jizan,"Interception: On 28 April 2018, Saudi air defense forces intercepted Houthi missiles in Jizan province as Houthi forces claimed to have fired eight ballistic missiles at targets in the region. Houthi forces claimed that the missiles 'hit their targets accurately.'",0,2018-Q2
2018-04-28,2018,Explosions/Remote violence,Shelling/artillery/missile attack,Military Forces of Yemen (2017-) Houthi,Military Forces of Saudi Arabia (2015-),Saudi Arabia,Jizan,"Eight ballistic missiles were reportedly fired by Houthi missile crews at various targets in Jizan, Saudi Arabia. At least four of the missiles were intercepted, with fragments killing a civilian in Jizan",1,2018-Q2
2018-04-27,2018,Strategic developments,Disrupted weapons use,Military Forces of Saudi Arabia (2015-),Military Forces of Yemen (2017-) Houthi,Saudi Arabia,Najran,"Interception: On 27 April 2018, Saudi air defense forces claimed to have intercepted a Houthi ballistic missile over Najran city (Najran) with debris landing across the city without causing any injuries.",0,2018-Q2
2018-04-25,2018,Explosions/Remote violence,Shelling/artillery/missile attack,Military Forces of Yemen (2017-) Houthi,Military Forces of Saudi Arabia (2015-),Saudi Arabia,Najran,Houthi leaders claim to have fired a Zilzal 2 type ballistic missile at a military base in Najran. No further info.,0,2018-Q2
2018-04-23,2018,Strategic developments,Disrupted weapons use,Military Forces of Saudi Arabia (2015-),Military Forces of Yemen (2017-) Houthi,Saudi Arabia,Jizan,"Interception: On 23 April 2018, Saudi air defense forces claimed to have intercepted two Houthi ballistic missiles targeting Jizan city (Jizan).",0,2018-Q2
2018-04-22,2018,Strategic developments,Disrupted weapons use,Military Forces of Saudi Arabia (2015-),Military Forces of Yemen (2017-) Houthi,Saudi Arabia,Najran,"Interception: On 22 April 2018, Saudi air defense forces claimed to have intercepted two Houthi ballistic missiles targeting Najran city (Najran).",0,2018-Q2
2018-04-22,2018,Explosions/Remote violence,Shelling/artillery/missile attack,Military Forces of Yemen (2017-) Houthi,Military Forces of Saudi Arabia (2015-),Saudi Arabia,Jizan,"Pro-Houthi forces fired artillery and rockets at Saudi and Saudi-affiliated in Abu Madh military camp, Juhfan and Al Watadah village in Jizan governorate. No casualties were reported.",0,2018-Q2
2018-04-20,2018,Strategic developments,Disrupted weapons use,Military Forces of Saudi Arabia (2015-),Military Forces of Yemen (2017-) Houthi,Saudi Arabia,Najran,"Interception: On 20 April 2018, Saudi air defense forces intercepted a Houthi missile targeting Najran city (Najran).",0,2018-Q2
2018-04-20,2018,Strategic developments,Disrupted weapons use,Military Forces of Saudi Arabia (2015-),Military Forces of Yemen (2017-) Houthi,Saudi Arabia,Jizan,"Interception: On 20 April 2018, Saudi air defense forces intercepted a Houthi Badr-1 type artillery rocket targeting Jizan - Jizan Regional Airport (Jizan).",0,2018-Q2
2018-04-18,2018,Strategic developments,Disrupted weapons use,Military Forces of Saudi Arabia (2015-),Military Forces of Yemen (2017-) Houthi,Saudi Arabia,Ar Riyadh,"Interception: On 18 April 2018, Saudi state media announced that the missile air defense system had shot down three missiles on Wednesday, one in Riyadh and two others in the southern provinces of Najran and Jizan.",0,2018-Q2
2018-04-18,2018,Strategic developments,Disrupted weapons use,Military Forces of Saudi Arabia (2015-),Military Forces of Yemen (2017-) Houthi,Saudi Arabia,Asir,"Interception: On 18 April 2018, The Saudi military has reportedly brought down an al-Houthi drone at the international airport of Abha. Flight traffic was not interrupted.",0,2018-Q2
2018-04-18,2018,Strategic developments,Disrupted weapons use,Military Forces of Saudi Arabia (2015-),Military Forces of Yemen (2017-) Houthi,Saudi Arabia,Najran,"Interception: On 18 April 2018, Saudi state media announced that the missile air defense system had shot down three missiles on Wednesday, one in Riyadh and two in Najran and Jizan.",0,2018-Q2
2018-04-18,2018,Strategic developments,Disrupted weapons use,Military Forces of Saudi Arabia (2015-),Military Forces of Yemen (2017-) Houthi,Saudi Arabia,Jizan,"Interception: On 18 April 2018, Saudi air defense forces claimed to have shot down 1 Houthi missile in Jizan while Houthi forces claimed to have fired a Badr-1 artillery rocket at Jizan - Jizan Regional Airport (Jizan). Houthi forces claimed that they successfully struck the airport.",0,2018-Q2
2018-04-16,2018,Strategic developments,Disrupted weapons use,Military Forces of Saudi Arabia (2015-),Military Forces of Yemen (2017-) Houthi,Saudi Arabia,Najran,"Interception: On 16 April 2018, a missile fired by Houthi forces was intercepted by the Saudi missile defense system over Saudi Arabia's Najran region.",0,2018-Q2
2018-04-16,2018,Explosions/Remote violence,Shelling/artillery/missile attack,Military Forces of Yemen (2017-) Houthi,Military Forces of Saudi Arabia (2015-),Saudi Arabia,Jizan,"Pro-Houthi forces fired artillery and rockets at Saudi and pro-Hadi forces in Jahaf, Juhfan, Jilah centre located in Al Harth, Khushel, Malhama and Dahyan centre in Jizan governorate. Unknown reported fatalities coded as 10 and split across five locations.",2,2018-Q2
2018-04-13,2018,Strategic developments,Disrupted weapons use,Military Forces of Saudi Arabia (2015-),Military Forces of Yemen (2017-) Houthi,Saudi Arabia,Jizan,"Interception: On 13 April 2018, Saudi air defense forces intercepted a Houthi Badr-1 artillery rocket over Jizan province that was launched toward King Faysal Military City in Asir province.",0,2018-Q2
2018-04-12,2018,Strategic developments,Disrupted weapons use,Military Forces of Saudi Arabia (2015-),Military Forces of Yemen (2017-) Houthi,Saudi Arabia,Jizan,"Interception: On 12 April 2018, Saudi air defense forces intercepted a Houthi Badr-1 artillery rocket targeting Jizan Economic City (Baysh, Jizan).",0,2018-Q2
2018-04-11,2018,Strategic developments,Disrupted weapons use,Military Forces of Saudi Arabia (2015-),Military Forces of Yemen (2017-) Houthi,Saudi Arabia,Najran,"Interception: On 11 April 2018, Saudi air defense forces intercepted two Houthi ballistic missiles targeting Najran - Saudi ARAMCO and Jizan Economic City (Baysh, Jizan).",0,2018-Q2
2018-04-11,2018,Strategic developments,Disrupted weapons use,Military Forces of Saudi Arabia (2015-),Military Forces of Yemen (2017-) Houthi,Saudi Arabia,Jizan,"Interception: On 11 April 2018, Saudi air defense forces intercepted two Houthi ballistic missiles targeting Najran - Saudi ARAMCO and Jizan Economic City (Baysh, Jizan).",0,2018-Q2
2018-04-11,2018,Strategic developments,Disrupted weapons use,Military Forces of Saudi Arabia (2015-),Military Forces of Yemen (2017-) Houthi,Saudi Arabia,Ar Riyadh,"Interception: On 11 April 2018, Saudi forces intercepted a Houthi Burkan-2H type extended range short-range ballistic missile targeting Riyadh (Ar Riyadh). Houthi forces claimed to have targeted the Saudi Ministry of Defense and other areas in Riyadh.",0,2018-Q2
2018-04-11,2018,Explosions/Remote violence,Air/drone strike,Military Forces of Yemen (2017-) Houthi,Civilians (Saudi Arabia),Saudi Arabia,Asir,"On 11 April 2018, Houthi forces targeted with a Qasif-1 drone Abha Regional Airport (Asir). There were 6 injuries according to the UN Panel of Experts. Saudi Arabia later announced that they had shot down a drone targeting the airport causing a temporary disruption in flights.",0,2018-Q2
2018-04-11,2018,Strategic developments,Disrupted weapons use,Military Forces of Saudi Arabia (2015-),Military Forces of Yemen (2017-) Houthi,Saudi Arabia,Jizan,"Interception: On 11 April 2018, Saudi forces claimed to have intercepted 1 Houthi armed drone in Jizan province as Houthi forces claimed that they targeted Jizan - Saudi ARAMCO with a Qasif-1 drone.",0,2018-Q2
2018-04-10,2018,Explosions/Remote violence,Shelling/artillery/missile attack,Military Forces of Yemen (2017-) Houthi,Military Forces of Saudi Arabia (2015-),Saudi Arabia,Jizan,Pro-Houthi forces fired a Badr 1 ballistic missile at Saudi forces in the Military Supply Camp in the south of Jizan governorate. Unknown reported fatalities coded as 10.,10,2018-Q2
2018-04-08,2018,Explosions/Remote violence,Shelling/artillery/missile attack,Military Forces of Yemen (2017-) Houthi,Military Forces of Saudi Arabia (2015-),Saudi Arabia,Jizan,"In Jizan, Missile teams loyal to the Houthi movement targeted Saudi soldiers with missiles north of Hamidha village, near al Amud site, Shabaka, and al Mantaqa site. No info on casualties.",0,2018-Q2
2018-04-08,2018,Explosions/Remote violence,Shelling/artillery/missile attack,Military Forces of Yemen (2017-) Houthi,Military Forces of Saudi Arabia (2015-),Saudi Arabia,Jizan,"In Jizan, Missile teams loyal to the Houthi movement targeted Saudi soldiers with missiles north of Hamidha village, near al Amud site, Shabaka, and al Mantaqa site. No info on casualties.",0,2018-Q2
2018-04-06,2018,Strategic developments,Disrupted weapons use,Military Forces of Saudi Arabia (2015-),Military Forces of Yemen (2017-) Houthi,Saudi Arabia,Najran,"Interception: On 6 April 2018, Saudi air defense forces intercepted a Houthi ballistic missile targeting Najran city (Najran).",0,2018-Q2
2018-04-04,2018,Strategic developments,Disrupted weapons use,Military Forces of Saudi Arabia (2015-),Military Forces of Yemen (2017-) Houthi,Saudi Arabia,Jizan,"Interception: On 4 April 2018, Xinhua General News Service reported that Saudi air defence systems had shot down a Houthi-fired ballistic missile aimed at the southern city of Jizan. No injuries reported. Houthi forces reported that they aimed the missile at the ARAMCO storage tanks in the city.",0,2018-Q2
2018-04-01,2018,Explosions/Remote violence,Shelling/artillery/missile attack,Military Forces of Yemen (2017-) Houthi,Military Forces of Saudi Arabia (2015-),Saudi Arabia,Jizan,"Houthi forces reportedly fired a Qahir Type missile at a new military camp in the outskirts of Jizan, causing heavy losses in the ranks of the Saudi soldiers, and destroying equipment. Unknown fatalities coded as 10.",10,2018-Q2
2018-03-29,2018,Strategic developments,Disrupted weapons use,Military Forces of Saudi Arabia (2015-),Military Forces of Yemen (2017-) Houthi,Saudi Arabia,Jizan,"Interception: On 29 March 2018, Saudi air defense forces intercepted a Houthi missile over Jizan province. Houthi forces later claimed to have targeted ARAMCO facilities.",0,2018-Q1
2018-03-28,2018,Explosions/Remote violence,Shelling/artillery/missile attack,Military Forces of Yemen (2017-) Houthi,Military Forces of Saudi Arabia (2015-),Saudi Arabia,Jizan,"Pro-Houthi forces fired rockets and artillery at Saudi positions in several areas of Jizan governorate - including Juhfan, Jilah (located in Al Harth district) and As Subabah sites and Al Madrsah village. No casualties were reported.",0,2018-Q1
2018-03-25,2018,Explosions/Remote violence,Shelling/artillery/missile attack,Military Forces of Yemen (2017-) Houthi,Civilians (Egypt),Saudi Arabia,Ar Riyadh,"On 25 March 2018, fragments from 3 Houthi Burkan-2H type extended range short-range ballistic missiles that were intercepted by Saudi forces landed in a residential neighborhood in Riyadh (Ar Riyadh) killing 1 Egyptian civilian and injuring 2 others. Houthi forces claimed to have launched 7 missiles on different Saudi locations that day.",1,2018-Q1
2018-03-25,2018,Strategic developments,Disrupted weapons use,Military Forces of Saudi Arabia (2015-),Military Forces of Yemen (2017-) Houthi,Saudi Arabia,Asir,"Interception: On 25 March 2018, Saudi air defense forces claimed to have intercepted 1 Houthi ballistic missile towards Khamis Mushait (Asir) as Houthi forces said that they fired 1 Qahir-2M unguided land-attack rocket targeting Abha Regional Airport.",0,2018-Q1
2018-03-25,2018,Strategic developments,Disrupted weapons use,Military Forces of Saudi Arabia (2015-),Military Forces of Yemen (2017-) Houthi,Saudi Arabia,Jizan,"Interception: On 25 March 2018, Saudi air defense forces claimed to have intercepted 2 Houthi ballistic missiles towards Jizan (Jizan) as Houthi forces said that they fired several Badr type artillery rockets targeting Jizan and Jizan - Jizan Regional Airport.",0,2018-Q1
2018-03-25,2018,Strategic developments,Disrupted weapons use,Military Forces of Saudi Arabia (2015-),Military Forces of Yemen (2017-) Houthi,Saudi Arabia,Najran,"Interception: On 25 March 2018, Saudi air defense forces claimed to have intercepted 1 Houthi ballistic missile towards Najran (Najran) as Houthi forces said that they fired several Badr type artillery rockets targeting Najran and Najran - Najran Airport.",0,2018-Q1
2018-03-23,2018,Explosions/Remote violence,Shelling/artillery/missile attack,Military Forces of Yemen (2017-) Houthi,Military Forces of Saudi Arabia (2015-),Saudi Arabia,Jizan,Houthi forces reportedly fired a ballistic missile at Saudi-forces in Jizan. No further info.,0,2018-Q1
2018-03-15,2018,Explosions/Remote violence,Shelling/artillery/missile attack,Military Forces of Yemen (2017-) Houthi,Military Forces of Saudi Arabia (2015-),Saudi Arabia,Jizan,Pro-Houthi forces fired rockets at Saudi military positions Bujan area of Jizan governorate. No casualties were reported.,0,2018-Q1
2018-03-08,2018,Explosions/Remote violence,Shelling/artillery/missile attack,Military Forces of Yemen (2017-) Houthi,Military Forces of Saudi Arabia (2015-),Saudi Arabia,Jizan,"Pro-Houthi forces claim to have fired missiles at Saudi military forces in al-Fartah site, Alhaj village and al-Mrany camp. Pro-Houthi news sources reported 'losses in life and gear'. Unknown fatalities coded as 10 and spread across two locations.",5,2018-Q1
2018-03-05,2018,Explosions/Remote violence,Shelling/artillery/missile attack,Military Forces of Yemen (2017-) Houthi,Military Forces of Saudi Arabia (2015-),Saudi Arabia,Jizan,Three military vehicles belonging to Saudi troops stationed in Jizan along the border with Yemen were reportedly destroyed by a Houthi-fired guided missile. No info on casualties.,0,2018-Q1
2018-02-19,2018,Explosions/Remote violence,Shelling/artillery/missile attack,Military Forces of Yemen (2017-) Houthi,Military Forces of Saudi Arabia (2015-),Saudi Arabia,Jizan,"In Jizan border province, Pro-Houthi sources claim that a military Saudi bulldozer was smashed in Hamidha village by a guided missile, while four Saudi soldiers were sniped in Qewa village.",0,2018-Q1
2018-02-10,2018,Explosions/Remote violence,Shelling/artillery/missile attack,Military Forces of Yemen (2017-) Houthi,Military Forces of Saudi Arabia (2015-),Saudi Arabia,Jizan,"In Jizan, missile forces of the Pro-Houthi army fired a number of Katyusha rockets toward gatherings of Saudi soldiers in Dhahia site. The source mentioned casualties but did not specify that fatalities had occurred.",0,2018-Q1
2018-02-08,2018,Battles,Armed clash,Military Forces of Yemen (2017-) Houthi,Military Forces of Saudi Arabia (2015-),Saudi Arabia,Jizan,"Pro-Houthi forces claim to have fired a number of katyusha rockets fired toward gatherings of Saudi soldiers in eastern Om-Qateb, claiming to have killed and wounded dozens (fatalities coded as half).",6,2018-Q1
2018-02-06,2018,Explosions/Remote violence,Shelling/artillery/missile attack,Military Forces of Yemen (2017-) Houthi,Military Forces of Saudi Arabia (2015-),Saudi Arabia,Asir,"In Qamat-Shaikh site (Asir), the missile force fired Zilzal-2 missile toward Saudi army camp.",0,2018-Q1
2018-02-06,2018,Explosions/Remote violence,Shelling/artillery/missile attack,Military Forces of Yemen (2017-) Houthi,Military Forces of Saudi Arabia (2015-),Saudi Arabia,Jizan,"In Jizan border province, gatherings and fortifications of Saudi soldiers were fired by a guided rocket and numbers of artillery shells in Bait-Abidh, and other gatherings were shelled in Malhama and Faridha sites, destroying military vehicle in Aridhah sites.",0,2018-Q1
2018-01-30,2018,Explosions/Remote violence,Shelling/artillery/missile attack,Military Forces of Yemen (2017-) Houthi,,Saudi Arabia,Ar Riyadh,"On 30 January 2018, Houthi forces launched a Burkan-2H type extended range short-range ballistic missile targeting Riyadh (Ar Riyadh) that landed 300 km southwest off target. Casualties unknown.",0,2018-Q1
2018-01-20,2018,Strategic developments,Disrupted weapons use,Military Forces of Saudi Arabia (2015-),Military Forces of Yemen (2017-) Houthi,Saudi Arabia,Najran,"Interception: On 20 January 2018, Saudi air defense forces intercepted 1 Houthi short-range ballistic missile targeting the Saudi Quah military camp in Najran district (Najran).",0,2018-Q1
2018-01-16,2018,Strategic developments,Disrupted weapons use,Military Forces of Saudi Arabia (2015-),Military Forces of Yemen (2017-) Houthi,Saudi Arabia,Jizan,"Interception: On 16 January 2018, The Saudi airforce announced that it intercepted a ballistic missile fired by pro-Houthi forces at Jizan, in Saudi Arabia.",0,2018-Q1
2018-01-12,2018,Explosions/Remote violence,Shelling/artillery/missile attack,Military Forces of Yemen (2017-) Houthi,Military Forces of Saudi Arabia (2015-),Saudi Arabia,Jizan,"In Jizan, the Pro-Houthi missile and artillery force shelled Saudi soldiers stationed in Hamedhah village and Makhil camp",0,2018-Q1
2018-01-11,2018,Strategic developments,Disrupted weapons use,Military Forces of Saudi Arabia (2015-),Military Forces of Yemen (2017-) Houthi,Saudi Arabia,Najran,"Interception: On 11 January 2018, Saudi air defense forces claimed to have intercepted a Houthi missile targeting Najran city (Najran). Houthi forces claimed that the missile successfully struck a parked military Apache helicopter near the airport.",0,2018-Q1
2018-01-05,2018,Explosions/Remote violence,Shelling/artillery/missile attack,Military Forces of Yemen (2017-) Houthi,,Saudi Arabia,Ar Riyadh,"On 5 January 2018, Houthi forces launched a Burkan-2H type extended range short-range ballistic missile targeting Riyadh (Ar Riyadh) that landed 100 km north of the Saudi-Yemeni border. Casualties unknown.",0,2018-Q1
2021-04-12,2021,Explosions/Remote violence,Air/drone strike,Military Forces of Yemen (2017-) Houthi,,Saudi Arabia,Mecca,"On 12 April 2021, Houthi forces claimed to have launched Sammad-3 drones on Jeddah - Saudi ARAMCO (North Plant) (Jiddah, Mecca) and Al Jubayl Saudi ARAMCO (Al Jubayl, Eastern). Casualties unknown. Houthi forces claimed to have launched 10 Sammad-3 drones on those two locations over 11 and 12 April as part of Operation 30th of Shaban.",0,2021-Q2
2021-04-11,2021,Explosions/Remote violence,Air/drone strike,Military Forces of Yemen (2017-) Houthi,,Saudi Arabia,Mecca,"On 11 April 2021, Houthi forces claimed to have launched Sammad-3 drones on Jeddah - Saudi ARAMCO (North Plant) (Jiddah, Mecca) and Al Jubayl Saudi ARAMCO (Al Jubayl, Eastern). Casualties unknown. Houthi forces claimed to have launched 10 Sammad-3 drones on those two locations over 11 and 12 April as part of Operation 30th of Shaban.",0,2021-Q2
2019-09-14,2019,Explosions/Remote violence,Shelling/artillery/missile attack,Military Forces of Iran (1989-),,Saudi Arabia,Eastern,"On 14 September 2019, suspected Iranian forces launched at least four Quds-1 type land attack cruise missiles at the Khurays Saudi ARAMCO Gas-Oil Facility (Al Ahsa, Eastern) striking four out of five stabilizer towers. There were no fatalities or injuries. This was part of a widescale aerial attack that targeted ARAMCO sites in both Abqayq and Khurays that day. Houthi forces claimed responsibility but UN reports concluded that Houthi responsibility was unlikely while the Sana'a Center claimed that the attack was a joint Iran-Houthi attack with Iranian forces launching the missiles and Houthi forces the drones.",0,2019-Q3
2019-09-14,2019,Explosions/Remote violence,Air/drone strike,Military Forces of Yemen (2017-) Houthi,,Saudi Arabia,Eastern,"On 14 September 2019, suspected Houthi forces launched 18 UAVs at the Abqayq Saudi ARAMCO oil site (Buqayq, Eastern) striking several stabilizer towers and 7 separator tanks. There were no fatalities or injuries. Three suspected Iranian Quds-1 type land attack cruise missiles also landed in the nearby desert as they likely targeted the site. This was part of a widescale aerial attack that targeted ARAMCO sites in both Abqayq and Khurays that day. Houthi forces claimed responsibility but UN reports concluded that Houthi responsibility was unlikely while the Sana'a Center claimed that the attack was a joint Iran-Houthi attack with Iranian forces launching the missiles and Houthi forces the drones.",0,2019-Q3
2019-08-17,2019,Explosions/Remote violence,Air/drone strike,Military Forces of Yemen (2017-) Houthi,,Saudi Arabia,Eastern,"On 17 August 2019, Houthi forces claimed to have launched 10 armed drones at oilfields of the gas facility in Shaybah Saudi ARAMCO (Al Ahsa, Eastern) causing a fire and limited damage. Casualties unknown. The UN Panel of Experts stated that the drone used appeared to be the Sammad-3 drone and was an extended range version of a drone previously known as 'UAV-X' (possibly Sammad-2).",0,2019-Q3
2024-07-07,2024,Strategic developments,Arrests,Military Forces of Saudi Arabia (2015-) Border Guard,Civilians (International),Saudi Arabia,Najran,"Around 7 July 2024 (between 4 - 10 July), Saudi forces arrested more than 1,700 people trying to enter the kingdom including around 990 Ethiopians and 729 Yemenis on the Yemeni-Saudi border (coded to Najran).",0,2024-Q3
2021-04-12,2021,Explosions/Remote violence,Air/drone strike,Military Forces of Yemen (2017-) Houthi,,Saudi Arabia,Eastern,"On 12 April 2021, Houthi forces claimed to have launched Sammad-3 drones on Jeddah - Saudi ARAMCO (North Plant) (Jiddah, Mecca) and Al Jubayl Saudi ARAMCO (Al Jubayl, Eastern). Casualties unknown. Houthi forces claimed to have launched 10 Sammad-3 drones on those two locations over 11 and 12 April as part of Operation 30th of Shaban.",0,2021-Q2
2021-04-11,2021,Explosions/Remote violence,Air/drone strike,Military Forces of Yemen (2017-) Houthi,,Saudi Arabia,Eastern,"On 11 April 2021, Houthi forces claimed to have launched Sammad-3 drones on Jeddah - Saudi ARAMCO (North Plant) (Jiddah, Mecca) and Al Jubayl Saudi ARAMCO (Al Jubayl, Eastern). Casualties unknown. Houthi forces claimed to have launched 10 Sammad-3 drones on those two locations over 11 and 12 April as part of Operation 30th of Shaban.",0,2021-Q2
2021-03-07,2021,Explosions/Remote violence,Air/drone strike,Military Forces of Yemen (2017-) Houthi,,Saudi Arabia,Eastern,"On 7 March 2021, Houthi forces launched 10 Sammad-3 drones at Ras Tannurah Saudi ARAMCO (Ras Tannurah, Eastern) with 1 drone striking its target and causing minimal damage to Ras Tanura's oil storage facilities. There were no fatalities. Saudi forces intercepted and shot down the other drones using F-15s and Patriot or Hawk or Shahine missiles.",0,2021-Q1
2020-02-21,2020,Explosions/Remote violence,Air/drone strike,Military Forces of Yemen (2017-) Houthi,Military Forces of Saudi Arabia (2015-),Saudi Arabia,Al Madinah,"On 21 February 2020, Houthi forces claimed to have launched 12 Sammad-3 drones, 2 Quds missiles, and 1 Zulfiqar ballistic missile at Yanbu - Saudi ARAMCO and other strategic objectives in the Yanbu area (Yanbu al Bahr, Al Madinah). The Houthi spokesperson claimed that the operation, named 3rd Balance of Deterrence, hit its objectives. On the other hand, the Saudi-led coalition spokesperson affirmed that pro-Houthi missiles directed towards Saudi cities were intercepted. Saudi activists reported alleged explosions in Yanbu city.",0,2020-Q1
2024-08-18,2024,Strategic developments,Arrests,Military Forces of Saudi Arabia (2015-) Border Guard,Civilians (International),Saudi Arabia,Najran,"Around 18 August 2024 (as reported), Saudi forces arrested 913 people trying to enter the kingdom, including around 590 Ethiopians and 290 Yemenis on the Yemeni-Saudi border (coded to Najran border governorate).",0,2024-Q3
2021-06-06,2021,Strategic developments,Disrupted weapons use,Military Forces of Saudi Arabia (2015-),Military Forces of Yemen (2017-) Houthi,Saudi Arabia,Asir,"Interception: On 6 June 2021, Saudi forces claimed to have intercepted a bomb-laden drone launched by Houthi forces towards Khamis Mushait (Khamis Mushayt, Asir). Houthi forces claimed to have successfully targeted King Khalid Air Base in Khamis Mushayt with a Qasif-2K drone.",0,2021-Q2
2021-09-16,2021,Strategic developments,Disrupted weapons use,Military Forces of Saudi Arabia (2015-),Military Forces of Yemen (2017-) Houthi,Saudi Arabia,Jizan,"Interception: On 16 September 2021, Saudi defense forces shot down 1 ballistic missile and 4 Houthi bomb-laden drones that targeted locations in Jizan province.",0,2021-Q3
2020-08-20,2020,Strategic developments,Disrupted weapons use,Military Forces of Saudi Arabia (2015-),Military Forces of Yemen (2017-) Houthi,Saudi Arabia,Najran,"Interception: On 20 August 2020, Saudi forces intercepted a Houthi ballistic missile and a Houthi armed drone targeting Najran (Najran).",0,2020-Q3
2020-08-22,2020,Strategic developments,Disrupted weapons use,Military Forces of Saudi Arabia (2015-),Military Forces of Yemen (2017-) Houthi,Saudi Arabia,Jizan,"Interception: On 22 August 2020, Saudi forces intercepted a Houthi drone targeting Jizan (Jizan).",0,2020-Q3
2020-11-11,2020,Explosions/Remote violence,Remote explosive/landmine/IED,Islamic State Saudi Arabia Province (ISSAP),Civilians (International),Saudi Arabia,Mecca,"On 11 November 2020, an IED exploded near a cemetery in Jeddah city (Jiddah, Makkah) where an international diplomatic event to commemorate the end of World War I was held. At least three people were injured, including a Greek national and a Saudi security officer. The Islamic State later claimed responsibility for the attack. No fatalities occurred.",0,2020-Q4
2018-07-08,2018,Battles,Armed clash,Islamic State Saudi Arabia Province (ISSAP),Military Forces of Saudi Arabia (2015-),Saudi Arabia,Al Qassim,"Saudi Staff Sergeant Suleiman Abdulaziz Al-Abdullatif and a Bangladeshi expatriate were both killed when Islamic State-linked gunmen opened fire on a security control check-point located on the outskirts of Buraidah highway, Qasim Region. Security forces returned fire, killing 2 of the militants and wounding a third. The dead and wounded IS-linked gunmen were named as Abu-Sulayman al-Najdi, Abu-al-Abbas al-Qassimi and Abu-Tariq al-Najdi",4,2018-Q3
2018-08-16,2018,Battles,Armed clash,Islamic State Saudi Arabia Province (ISSAP),Police Forces of Saudi Arabia (2015-),Saudi Arabia,Al Qassim,"A man with suspected links to the Islamic State group was wounded during clashes with Saudi police forces in the city of al-Bukayriyah, located in the Al-Qassim governorate. According to the source, the man was wearing an explosive belt and engaged in clashes with police. Following the exchange of gunfire the man was arrested and taken to the hospital.",0,2018-Q3
2018-01-01,2018,Battles,Armed clash,Military Forces of Yemen (2017-) Houthi,Military Forces of Saudi Arabia (2015-),Saudi Arabia,Jizan,Two Saudi soldiers were reportedly killed by pro-Houthi fighters in Jahfan and al-Dukhan sites in Jizan. Fatalities spread across two locations.,1,2018-Q1
2018-01-02,2018,Battles,Armed clash,Military Forces of Yemen (2017-) Houthi,Military Forces of Saudi Arabia (2015-),Saudi Arabia,Jizan,"Snipers of the pro-Houthi movement claim to have killed 4 Saudi soldiers on the 1st of January, in the sites of Moanq in Al Khobh, al-Kirs and al-Shabakah in Jizan and al-Sabahtel in Asir. Fatalities spread throughout 4 locations.",1,2018-Q1
2018-01-02,2018,Explosions/Remote violence,Shelling/artillery/missile attack,Military Forces of Yemen (2017-) Houthi,Military Forces of Saudi Arabia (2015-),Saudi Arabia,Jizan,Pro Houthi forces reportedly shelled Saudi soldiers in Al Ma'atan and Quwa in Jaizan. There were no reports of human casualties or material damage. January 2.,0,2018-Q1
2018-01-02,2018,Explosions/Remote violence,Shelling/artillery/missile attack,Military Forces of Yemen (2017-) Houthi,Military Forces of Saudi Arabia (2015-),Saudi Arabia,Jizan,Pro Houthi forces reportedly shelled Saudi soldiers in Al Ma'atan and Quwa in Jaizan. There were no reports of human casualties or material damage. January 2.,0,2018-Q1
2018-01-02,2018,Explosions/Remote violence,Shelling/artillery/missile attack,Military Forces of Yemen (2017-) Houthi,Military Forces of Saudi Arabia (2015-),Saudi Arabia,Najran,Pro-Houthi forces claim to have caused unspecified injuries and damages to Saudi forces in al-Khadra port in Najran region with an artillery shelling attack.,0,2018-Q1
2018-02-01,2018,Explosions/Remote violence,Shelling/artillery/missile attack,Military Forces of Yemen (2017-) Houthi,Military Forces of Saudi Arabia (2015-),Saudi Arabia,Najran,"Pro-Houthi forces claim to have launched artillery attacks on Saudi solders in the al-Khashba hilltop, on gatherings of Saudi soldiers in al-Shabakah, Muqraqabat al-Sudis, Nahuqa, Husn al-Hamad.",0,2018-Q1
2018-01-02,2018,Explosions/Remote violence,Shelling/artillery/missile attack,Military Forces of Yemen (2017-) Houthi,Military Forces of Saudi Arabia (2015-),Saudi Arabia,Najran,"Pro-Houthi forces claim to have launched artillery attacks on Saudi solders in the al-Khashba hilltop, on gatherings of Saudi soldiers in al-Shabakah, Muqraqabat al-Sudis, Nahuqa, Husn al-Hamad.",0,2018-Q1
2018-03-01,2018,Explosions/Remote violence,Shelling/artillery/missile attack,Military Forces of Yemen (2017-) Houthi,Military Forces of Saudi Arabia (2015-),Saudi Arabia,Najran,"Pro-Houthi forces claim to have shelled Saudi soldiers stationed in the Makhroq site and Raqabt-Sudais, Najran. No injuries reported.",0,2018-Q1
2018-01-04,2018,Battles,Armed clash,Military Forces of Yemen (2017-) Houthi,Military Forces of Saudi Arabia (2015-),Saudi Arabia,Jizan,Pro-Houthi forces claim to have shot dead two Saudi soldiers in Dafiniah and Shabaka sites of Jizan. Fatalities spread across two locations.,1,2018-Q1
2018-01-04,2018,Battles,Armed clash,Military Forces of Yemen (2017-) Houthi,Military Forces of Saudi Arabia (2015-),Saudi Arabia,Jizan,Pro-Houthi forces claim to have shot dead two Saudi soldiers in Dafiniah and Shabaka sites of Jizan. Fatalities spread across two locations.,1,2018-Q1
2018-04-01,2018,Explosions/Remote violence,Shelling/artillery/missile attack,Military Forces of Yemen (2017-) Houthi,Military Forces of Saudi Arabia (2015-),Saudi Arabia,Najran,"Pro-Houthi forces claim to have shelled Saudi soldiers in Raqabat-sudais and Makhroq, Najran. No injuries reported.",0,2018-Q2
2018-01-05,2018,Explosions/Remote violence,Shelling/artillery/missile attack,Military Forces of Yemen (2017-) Houthi,Military Forces of Saudi Arabia (2015-),Saudi Arabia,Jizan,"Pro-Houthi forces claim to have fired a ballistic missile at Saudi soldiers stationed in the al-Mawsem area in Jizan province. Losses in equipment were reported, but the source did not specify any fatalities.",0,2018-Q1
2018-01-06,2018,Explosions/Remote violence,Shelling/artillery/missile attack,Military Forces of Yemen (2017-) Houthi,Military Forces of Saudi Arabia (2015-),Saudi Arabia,Jizan,"Pro-Houthi forces claim to have fired a ballistic missile on the Saudi military site of al-Mousam, 'killing and injuring dozens'. No exact number of fatalities could be established. Fatalities coded as half.",6,2018-Q1
2018-01-06,2018,Battles,Armed clash,Military Forces of Yemen (2017-) Houthi,Military Forces of Saudi Arabia (2015-),Saudi Arabia,Jizan,Press TV (Iran) reported that pro-Houthi soldiers fatally shot a Saudi soldier at Jahfan military base in Saudi Arabia's southwestern border region of Jizan.,1,2018-Q1
2018-01-07,2018,Explosions/Remote violence,Shelling/artillery/missile attack,Military Forces of Yemen (2017-) Houthi,Military Forces of Saudi Arabia (2015-),Saudi Arabia,Asir,"Pro-Houthi forces claim to have killed or injured 'dozens' of Saudi soldiers in al-Shabakah and al-Qaidah hilltop , Asir province. The language in the report suggested a missile/artillery attack. Fatalities coded as half.",6,2018-Q1
2018-01-08,2018,Explosions/Remote violence,Shelling/artillery/missile attack,Military Forces of Yemen (2017-) Houthi,Military Forces of Saudi Arabia (2015-),Saudi Arabia,Jizan,Pro-Houthi forces reportedly fired artillery shells at Saudi forces in al-Kirs. Additional shells were fired on Mostahdath al- Qarn.,0,2018-Q1
2018-01-08,2018,Explosions/Remote violence,Shelling/artillery/missile attack,Military Forces of Yemen (2017-) Houthi,Military Forces of Saudi Arabia (2015-),Saudi Arabia,Jizan,"Pro-Houthi forces claim to have fired missiles at Saudi soldiers in al-Mawsem gate, Jizan.",0,2018-Q1
2018-01-08,2018,Battles,Armed clash,Military Forces of Yemen (2017-) Houthi,Military Forces of Saudi Arabia (2015-),Saudi Arabia,Jizan,Two Saudi soldiers were repertedy gunned down by pro-Houthi snipers in Qiwa village of Jizan province.,2,2018-Q1
2018-01-08,2018,Explosions/Remote violence,Shelling/artillery/missile attack,Military Forces of Yemen (2017-) Houthi,Military Forces of Saudi Arabia (2015-),Saudi Arabia,Jizan,Pro-Houthi forces reportedly fired artillery shells at Saudi forces in al-Kirs. Additional shells were fired on Mostahdath al- Qarn.,0,2018-Q1
2018-01-09,2018,Explosions/Remote violence,Shelling/artillery/missile attack,Military Forces of Yemen (2017-) Houthi,Military Forces of Saudi Arabia (2015-),Saudi Arabia,Jizan,Pro-Houthi forces reportedly launched artillery rounds at al-Ghawiyah military base of Saudi Arabia's Jizan region. No further info.,0,2018-Q1
2018-01-12,2018,Explosions/Remote violence,Air/drone strike,Military Forces of Saudi Arabia (2015-),,Saudi Arabia,Jizan,"On 12 January 2018, Saudi forces launched 31 missiles at Hamdah and Qamar Villages using Apache strike helicopters. It is unclear what they are striking. Casualties unknown.",0,2018-Q1
2018-12-01,2018,Explosions/Remote violence,Shelling/artillery/missile attack,Military Forces of Yemen (2017-) Houthi,Military Forces of Saudi Arabia (2015-),Saudi Arabia,Najran,Pro-Houthi forces reportedly shelled Saudi soldiers in Makhrog and Rejla camp. No injuries were reported.,0,2018-Q4
2018-01-12,2018,Battles,Armed clash,Military Forces of Yemen (2017-) Houthi,Military Forces of Saudi Arabia (2015-),Saudi Arabia,Najran,"An unspecified number of Saudi soldiers were killed in clashes with pro-Hadi troops in Nahoqa, Najran. An explosion set by the Houthi rebels also killed an unspecified number of the soldiers in the same location. Unknown number of fatalities coded as 10.",10,2018-Q1
2018-01-12,2018,Explosions/Remote violence,Shelling/artillery/missile attack,Military Forces of Yemen (2017-) Houthi,Military Forces of Saudi Arabia (2015-),Saudi Arabia,Najran,Pro-Houthi forces reportedly shelled Saudi soldiers in Makhrog and Rejla camp. No injuries were reported.,0,2018-Q1
2018-01-13,2018,Explosions/Remote violence,Shelling/artillery/missile attack,Military Forces of Yemen (2017-) Houthi,Military Forces of Saudi Arabia (2015-),Saudi Arabia,Jizan,Pro-Houthi forces claim to have shelled Saudi soldiers in Kars and Qarn. No injuries were reported.,0,2018-Q1
2018-01-13,2018,Explosions/Remote violence,Air/drone strike,Military Forces of Saudi Arabia (2015-),,Saudi Arabia,Jizan,"On 13 January 2018, Saudi Apache helicopters fired rockets on Qamar and Hamdah villages, Jizan. The source did not specify what they were firing at. Casualties unknown.",0,2018-Q1
2018-01-13,2018,Explosions/Remote violence,Shelling/artillery/missile attack,Military Forces of Yemen (2017-) Houthi,Military Forces of Saudi Arabia (2015-),Saudi Arabia,Jizan,Pro-Houthi forces claim to have shelled Saudi soldiers in Kars and Qarn. No injuries were reported.,0,2018-Q1
2018-01-13,2018,Explosions/Remote violence,Shelling/artillery/missile attack,Military Forces of Yemen (2017-) Houthi,Military Forces of Saudi Arabia (2015-),Saudi Arabia,Najran,Pro-Houthi forces claim to have shelled Saudi solders in the Khadra border crossing area. No injuries were reported.,0,2018-Q1
2018-01-15,2018,Explosions/Remote violence,Shelling/artillery/missile attack,Military Forces of Yemen (2017-) Houthi,Military Forces of Saudi Arabia (2015-),Saudi Arabia,Jizan,In Jizan border province Pro-Houthi artillery shelled Saudi army gatherings in Abadiya and Hamda-alShamali area. Additional shelling hit Maseal valley.,0,2018-Q1
2018-01-15,2018,Battles,Armed clash,Military Forces of Yemen (2017-) Houthi,Military Forces of Saudi Arabia (2015-),Saudi Arabia,Jizan,"Pro-Houthi Yemeni army soldiers, backed by fighters from allied Popular Committees, have shot dead three Saudi soldiers in the kingdom's southwestern border region of Jizan. According to the source, Houthi militiamen killed the soldiers in al-Ghawi village as well as al-Dokhan and Qaem Zubaid military bases in the region. Fatalities spread across 3 locations.",1,2018-Q1
2018-01-15,2018,Battles,Armed clash,Military Forces of Yemen (2017-) Houthi,Military Forces of Saudi Arabia (2015-),Saudi Arabia,Jizan,"Pro-Houthi Yemeni army soldiers, backed by fighters from allied Popular Committees, have shot dead three Saudi soldiers in the kingdom's southwestern border region of Jizan. According to the source, Houthi militiamen killed the soldiers in al-Ghawi village as well as al-Dokhan and Qaem Zubaid military bases in the region. Fatalities spread across 3 locations.",1,2018-Q1
2018-01-15,2018,Battles,Armed clash,Military Forces of Yemen (2017-) Houthi,Military Forces of Saudi Arabia (2015-),Saudi Arabia,Jizan,"Pro-Houthi forces claim to have conducted a 'military operation' on Qais Mount, Jizan, which also resulted in injuring a number of Saudi soldiers.",0,2018-Q1
2018-01-16,2018,Explosions/Remote violence,Air/drone strike,Military Forces of Saudi Arabia (2015-),,Saudi Arabia,Najran,"Fighter jets reportedly struck Makhroq site, Najran. No info on what they were targeting.",0,2018-Q1
2018-01-19,2018,Explosions/Remote violence,Shelling/artillery/missile attack,Military Forces of Yemen (2017-) Houthi,Military Forces of Saudi Arabia (2015-),Saudi Arabia,Najran,"Pro-Houthi fighters claim to have fired Katyusha rockets at Saudi soldiers and allies in pickup trucks near the Khadra border crossing. Further rockets were fired at Shurfa and Shabaka sites, reportedly in Nahuqa. No info on the result of the targeting.",0,2018-Q1
2018-01-19,2018,Explosions/Remote violence,Shelling/artillery/missile attack,Military Forces of Yemen (2017-) Houthi,Military Forces of Saudi Arabia (2015-),Saudi Arabia,Najran,"Pro-Houthi fighters claim to have fired Katyusha rockets at Saudi soldiers and allies in pickup trucks near the Khadra border crossing. Further rockets were fired at Shurfa and Shabaka sites, reportedly in Nahuqa. No info on the result of the targeting.",0,2018-Q1
2018-01-19,2018,Explosions/Remote violence,Shelling/artillery/missile attack,Military Forces of Yemen (2017-) Houthi,Military Forces of Saudi Arabia (2015-),Saudi Arabia,Najran,"Pro-Houthi fighters claim to have fired Katyusha rockets at Saudi soldiers and allies in pickup trucks near the Khadra border crossing. Further rockets were fired at Shurfa and Shabaka sites, reportedly in Nahuqa. No info on the result of the targeting.",0,2018-Q1
2018-01-19,2018,Explosions/Remote violence,Shelling/artillery/missile attack,Military Forces of Yemen (2017-) Houthi,Military Forces of Saudi Arabia (2015-),Saudi Arabia,Najran,"Pro-Houthi forces claim to have fired a series of short-range missiles at the Najran Air Defense Camp, destroying 9 military vehicles. No fatalities or injuries were reported.",0,2018-Q1
2018-01-21,2018,Battles,Armed clash,Military Forces of Yemen (2017-) Houthi,Military Forces of Saudi Arabia (2015-),Saudi Arabia,Jizan,Pro-Houthi fighters claim to have shot dead 2 Saudi soldiers in Quwa village.,2,2018-Q1
2018-01-21,2018,Explosions/Remote violence,Shelling/artillery/missile attack,Military Forces of Yemen (2017-) Houthi,Military Forces of Saudi Arabia (2015-),Saudi Arabia,Jizan,"Pro-Houthi fighters claim to have shelled Saudi soldiers gathered on Ramdhah hill, Jizan.",0,2018-Q1
2018-01-21,2018,Explosions/Remote violence,Shelling/artillery/missile attack,Military Forces of Yemen (2017-) Houthi,Military Forces of Saudi Arabia (2015-),Saudi Arabia,Najran,"In Najran border province, the pro-Houthi missile forces fired a short-range ballistic missile at Quah camp, and artillery shells that targeted Saudi soldiers in Makhroq site. No info on injuries.",0,2018-Q1
2018-01-21,2018,Battles,Armed clash,Military Forces of Yemen (2017-) Houthi,Military Forces of Saudi Arabia (2015-),Saudi Arabia,Najran,"Pro-Houthi sniper units claim to have shot dead two Saudi soldiers on the 21 of Jan, one in Shurfa and one in Shabakah site in Najran. Airstrikes responded to the gunfire.",1,2018-Q1
2018-01-23,2018,Explosions/Remote violence,Shelling/artillery/missile attack,Military Forces of Yemen (2017-) Houthi,Military Forces of Saudi Arabia (2015-),Saudi Arabia,Jizan,"In Jizan, pro-Houthi artillery teams claim to have shelled Saudi soldiers in the Malhama site and Mahula center in Qais mountain",0,2018-Q1
2018-01-23,2018,Explosions/Remote violence,Shelling/artillery/missile attack,Military Forces of Yemen (2017-) Houthi,Military Forces of Saudi Arabia (2015-),Saudi Arabia,Najran,"Houthi militiamen claim to have shelled Saudi soldiers in the Nahuqah site, Najran. No further info.",0,2018-Q1
2018-01-24,2018,Explosions/Remote violence,Shelling/artillery/missile attack,Military Forces of Yemen (2017-) Houthi,Military Forces of Saudi Arabia (2015-),Saudi Arabia,Jizan,"Houthi militiamen claim to have fired rockets at Saudi soldiers in the Malhamah and Sudah sites, Jizan. No info on fatalities.",0,2018-Q1
2018-01-24,2018,Battles,Armed clash,Military Forces of Yemen (2017-) Houthi,Military Forces of Saudi Arabia (2015-),Saudi Arabia,Jizan,"Clashes between Saudi soldiers and pro-Houthi militiamen on Qais mount, Jizan, reportedly led to an unspecified number of fatalities. Unknown number of fatalities coded as 10.",10,2018-Q1
2018-01-24,2018,Explosions/Remote violence,Shelling/artillery/missile attack,Military Forces of Yemen (2017-) Houthi,Military Forces of Saudi Arabia (2015-),Saudi Arabia,Jizan,"Houthi militiamen claim to have fired rockets at Saudi soldiers in the Malhamah and Sudah sites, Jizan. No info on fatalities.",0,2018-Q1
2018-01-24,2018,Explosions/Remote violence,Shelling/artillery/missile attack,Military Forces of Yemen (2017-) Houthi,Military Forces of Saudi Arabia (2015-),Saudi Arabia,Najran,"In Najran, Pro-Houthi forces claim to have shelled Saudi soldiers near the Alib mountains, and Saudi soldiers' gatherings in Makhrouk site.",0,2018-Q1
2018-01-24,2018,Battles,Armed clash,Military Forces of Yemen (2017-) Houthi,Military Forces of Saudi Arabia (2015-),Saudi Arabia,Najran,Sniper unit of the pro-Houthi army and committees claim to have shot dead a Saudi soldiers in Nahuqa site of Najran.,1,2018-Q1
2018-01-25,2018,Explosions/Remote violence,Shelling/artillery/missile attack,Military Forces of Yemen (2017-) Houthi,Military Forces of Saudi Arabia (2015-),Saudi Arabia,Jizan,"Pro-Houthi forces claim to have killed an unspecified number of Saudi soldiers in an artillery barrage on Ramdha site, Faridha, in Jizan. No exact number of fatalities was given in the report. Unknown number of fatalities coded as 10.",10,2018-Q1
2018-01-25,2018,Explosions/Remote violence,Shelling/artillery/missile attack,Military Forces of Yemen (2017-) Houthi,Military Forces of Saudi Arabia (2015-),Saudi Arabia,Najran,"Houthi militia fighters claim to have shelled Saudi soldiers in Shurfa site, Najran, killing and injuring 'many' of them. No exact number of fatalities could be established. Unknown number of fatalities coded as 10.",10,2018-Q1
2018-01-26,2018,Battles,Armed clash,Military Forces of Yemen (2017-) Houthi,Military Forces of Saudi Arabia (2015-),Saudi Arabia,Jizan,"An unnamed military source told Yemen's Arabic-language al-Masirah television network that Yemeni forces and their allies shot and killed 3 Saudi soldiers in al-Ghawi village as well as al-Shabakeh and al-Dokhan military camps in the region, located 967 kilometers southwest of the capital Riyadh, on Friday evening. Fatalities spread across 3 locations.",1,2018-Q1
2018-01-26,2018,Battles,Armed clash,Military Forces of Yemen (2017-) Houthi,Military Forces of Saudi Arabia (2015-),Saudi Arabia,Jizan,"An unnamed military source told Yemen's Arabic-language al-Masirah television network that Yemeni forces and their allies shot and killed 3 Saudi soldiers in al-Ghawi village as well as al-Shabakeh and al-Dokhan military camps in the region, located 967 kilometers southwest of the capital Riyadh, on Friday evening. Fatalities spread across 3 locations.",1,2018-Q1
2018-01-28,2018,Explosions/Remote violence,Shelling/artillery/missile attack,Military Forces of Yemen (2017-) Houthi,Military Forces of Saudi Arabia (2015-),Saudi Arabia,Jizan,A Saudi military vehicle was reportedly 'burned' after being hit by artillery shells fired by pro-Houthi forces in Qarn area of Jizan. No injuries were reported.,0,2018-Q1
2018-01-29,2018,Explosions/Remote violence,Shelling/artillery/missile attack,Military Forces of Yemen (2017-) Houthi,Military Forces of Saudi Arabia (2015-),Saudi Arabia,Jizan,Pro-Houthi forces claim to have fired a barrage of Katyusha missiles at Saudi soldiers in al-Meazab site in Jizan region. No info on casualties. An official added that ambulances were seen and rushed to the attacked scene.,0,2018-Q1
2018-01-29,2018,Explosions/Remote violence,Remote explosive/landmine/IED,Military Forces of Yemen (2017-) Houthi,Military Forces of Saudi Arabia (2015-),Saudi Arabia,Jizan,"Pro-Houthi forces claim to have blown up a military vehicle on al-Ramadh hill, (Jizan), killing all who were on board. No exact number of fatalities could be determined in the event. Previous events using similar language suggest the use of a remotely detonated IED. Unknown fatalities coded as 10.",10,2018-Q1
2018-01-29,2018,Explosions/Remote violence,Shelling/artillery/missile attack,Military Forces of Yemen (2017-) Houthi,Military Forces of Saudi Arabia (2015-),Saudi Arabia,Najran,"Najran border province, Pro-Houthi soldiers claim Saudi soldiers' gatherings were shelled by artillery in Dhabaa and Makhroq sites and in Rajla camp.",0,2018-Q1
2018-01-29,2018,Explosions/Remote violence,Air/drone strike,Military Forces of Saudi Arabia (2015-),,Saudi Arabia,Najran,An airstrike fired by a fighter-jet reportedly hit shurfah area of Najran. No information on what the jet was striking was given in the report.,0,2018-Q1
2018-01-29,2018,Explosions/Remote violence,Shelling/artillery/missile attack,Military Forces of Yemen (2017-) Houthi,Military Forces of Saudi Arabia (2015-),Saudi Arabia,Najran,"Najran border province, Pro-Houthi soldiers claim Saudi soldiers' gatherings were shelled by artillery in Dhabaa and Makhroq sites and in Rajla camp.",0,2018-Q1
2018-01-30,2018,Explosions/Remote violence,Shelling/artillery/missile attack,Military Forces of Yemen (2017-) Houthi,Military Forces of Saudi Arabia (2015-),Saudi Arabia,Jizan,"In Jizan Saudi border province, Pro-Houthi forces reportedly shelled Saudi soldiers who were stationed near Kamer village.",0,2018-Q1
2018-01-31,2018,Explosions/Remote violence,Shelling/artillery/missile attack,Military Forces of Yemen (2017-) Houthi,Military Forces of Saudi Arabia (2015-),Saudi Arabia,Asir,"Missiles and artillery shelling targeted 'gatherings of Saudi soldiers' in Hadhar site, Hanjer censorship, and Air Defense camp. No info on casualties.",0,2018-Q1
2018-01-31,2018,Battles,Armed clash,Military Forces of Yemen (2017-) Houthi,Military Forces of Saudi Arabia (2015-),Saudi Arabia,Jizan,"In Jizan Saudi border province, Pro-Houthi snipers claim to have shot and killed three Saudi soldiers near Hamidha and Quwah villages.",1,2018-Q1
2018-01-31,2018,Explosions/Remote violence,Shelling/artillery/missile attack,Military Forces of Yemen (2017-) Houthi,Military Forces of Saudi Arabia (2015-),Saudi Arabia,Jizan,"Pro-Houthi forces reportedly fired artillery shells at Saudi soldiers in Qais mountain, Mahjer site, and beyond Faridhah site, Jizan. No info on casualties.",0,2018-Q1
2018-02-01,2018,Explosions/Remote violence,Shelling/artillery/missile attack,Military Forces of Yemen (2017-) Houthi,Military Forces of Saudi Arabia (2015-),Saudi Arabia,Najran,Pro-Houthi forces claim to have caused significant damage to Nahoughah military outpost in Saudi Arabia's southern region of Najran after they targeted it with mortar fire. No injuries were reported.,0,2018-Q1
2018-02-02,2018,Explosions/Remote violence,Shelling/artillery/missile attack,Military Forces of Yemen (2017-) Houthi,Military Forces of Saudi Arabia (2015-),Saudi Arabia,Najran,"In Nahuqa site, Houthi forces fired katyusha rockets at Saudi soldiers, shelled Saudi soldiers in in Makhroq and Shurfa. No info on casualties.",0,2018-Q1
2018-02-02,2018,Explosions/Remote violence,Shelling/artillery/missile attack,Military Forces of Yemen (2017-) Houthi,Military Forces of Saudi Arabia (2015-),Saudi Arabia,Najran,"In Nahuqa site, Houthi forces fired katyusha rockets at Saudi soldiers, shelled Saudi soldiers in in Makhroq and Shurfa. No info on casualties.",0,2018-Q1
2018-02-02,2018,Explosions/Remote violence,Shelling/artillery/missile attack,Military Forces of Yemen (2017-) Houthi,Military Forces of Saudi Arabia (2015-),Saudi Arabia,Najran,"In Nahuqa site, Houthi forces fired katyusha rockets at Saudi soldiers, shelled Saudi soldiers in in Makhroq and Shurfa. No info on casualties.",0,2018-Q1
2018-02-03,2018,Battles,Armed clash,Military Forces of Yemen (2017-) Houthi,Military Forces of Saudi Arabia (2015-),Saudi Arabia,Jizan,"Also in Jizan, three Saudi soldiers were shot dead by Houthi gunmen in Shabaka of Khubah, Kamer village, and Khazan hill of Qewa village. Fatalities split among 3 locations.",1,2018-Q1
2018-02-03,2018,Battles,Armed clash,Military Forces of Yemen (2017-) Houthi,Military Forces of Saudi Arabia (2015-),Saudi Arabia,Jizan,"Also in Jizan, three Saudi soldiers were shot dead by Houthi gunmen in Shabaka of Khubah, Kamer village, and Khazan hill of Qewa village. Fatalities split among 3 locations.",1,2018-Q1
2018-02-03,2018,Battles,Armed clash,Military Forces of Yemen (2017-) Houthi,Military Forces of Saudi Arabia (2015-),Saudi Arabia,Jizan,"Also in Jizan, three Saudi soldiers were shot dead by Houthi gunmen in Shabaka of Khubah, Kamer village, and Khazan hill of Qewa village. Fatalities split among 3 locations.",1,2018-Q1
2018-02-03,2018,Explosions/Remote violence,Shelling/artillery/missile attack,Military Forces of Yemen (2017-) Houthi,Military Forces of Saudi Arabia (2015-),Saudi Arabia,Jizan,"Houthi fighters shelled al-Ghawiya area of Jizan, causing injuries. No fatalities were specified.",0,2018-Q1
2018-02-03,2018,Battles,Armed clash,Military Forces of Yemen (2017-) Houthi,Military Forces of Saudi Arabia (2015-),Saudi Arabia,Jizan,"In Jizan, Pro-Houthi forces shelled Saudi soldiers Hamedha village, and in sites of Shabaka and Muntazah, while an offensive operation was waged on Saudi-paid mercenaries in Qais mountain, destroying a military vehicle, seized various weapons, killing and wounding dozens.",6,2018-Q1
2018-02-03,2018,Battles,Armed clash,Military Forces of Yemen (2017-) Houthi,Military Forces of Saudi Arabia (2015-),Saudi Arabia,Jizan,"In Ramdha site of Jizan, Houthi gunmen claim to have gunned down 5 Saudi soldiers and shelled Mahula military center",5,2018-Q1
2018-02-03,2018,Explosions/Remote violence,Shelling/artillery/missile attack,Military Forces of Yemen (2017-) Houthi,Military Forces of Saudi Arabia (2015-),Saudi Arabia,Najran,"In Najran border province, Saudi soldiers' gatherings were shelled by artillery in Nahuqa site. No injuries were reported.",0,2018-Q1
2018-02-05,2018,Battles,Armed clash,Military Forces of Yemen (2017-) Houthi,Military Forces of Saudi Arabia (2015-),Saudi Arabia,Jizan,"3 Saudi soldiers were reportedly shot dead by pro-Houthi forces in Quwah village, and vicinity, Jizan.",3,2018-Q1
2018-02-05,2018,Explosions/Remote violence,Shelling/artillery/missile attack,Military Forces of Yemen (2017-) Houthi,Military Forces of Saudi Arabia (2015-),Saudi Arabia,Jizan,"In Saudi border province of Jizan, Saudi soldiers' gatherings were shelled by artillery in Qewa village, while gatherings and fortifications of Saudi army were targeted by artillery shells in Malhama site and Kamer village.",0,2018-Q1
2018-02-05,2018,Explosions/Remote violence,Shelling/artillery/missile attack,Military Forces of Yemen (2017-) Houthi,Military Forces of Saudi Arabia (2015-),Saudi Arabia,Jizan,"Pro-Houthi fighters shelled a military vehicle belonging to Saudi soldiers in Qamer village, destroying it. No injuries were reported in the incident.",0,2018-Q1
2018-02-06,2018,Explosions/Remote violence,Shelling/artillery/missile attack,Military Forces of Yemen (2017-) Houthi,Military Forces of Saudi Arabia (2015-),Saudi Arabia,Jizan,"In Jizan border province, pro-Houthi forces fired a guided rocket at Saudi soldiers and affiliates in Bait-Abidh, and other gatherings were shelled in Malhama and Faridha sites, destroying military vehicle in Aridhah sites. No info on casualties.",0,2018-Q1
2018-02-06,2018,Explosions/Remote violence,Shelling/artillery/missile attack,Military Forces of Yemen (2017-) Houthi,Military Forces of Saudi Arabia (2015-),Saudi Arabia,Jizan,"In Jizan border province, gatherings and fortifications of Saudi soldiers were fired by a guided rocket and numbers of artillery shells in Bait-Abidh, and other gatherings were shelled in Malhama and Faridha sites, destroying military vehicle in Aridhah sites.",0,2018-Q1
2018-02-06,2018,Explosions/Remote violence,Shelling/artillery/missile attack,Military Forces of Yemen (2017-) Houthi,Military Forces of Saudi Arabia (2015-),Saudi Arabia,Jizan,"In Jizan Saudi border province, Zilzal-2 missile and Katyusha rockets were fired toward gatherings of Saudi soldiers in Tiwal crossing, while three soldiers were sniped in Khuba.",0,2018-Q1
2018-02-06,2018,Explosions/Remote violence,Shelling/artillery/missile attack,Military Forces of Yemen (2017-) Houthi,Military Forces of Saudi Arabia (2015-),Saudi Arabia,Jizan,"Also in Jizan, Katyusha rockets were fired by Houthi forces toward Saudi soldiers in Maazab Leadership center.",0,2018-Q1
2018-02-06,2018,Explosions/Remote violence,Shelling/artillery/missile attack,Military Forces of Yemen (2017-) Houthi,Military Forces of Saudi Arabia (2015-),Saudi Arabia,Jizan,"In Jizan border province, gatherings and fortifications of Saudi soldiers were fired by a guided rocket and numbers of artillery shells in Bait-Abidh, and other gatherings were shelled in Malhama and Faridha sites, destroying military vehicle in Aridhah sites.",0,2018-Q1
2018-02-06,2018,Explosions/Remote violence,Shelling/artillery/missile attack,Military Forces of Yemen (2017-) Houthi,Military Forces of Saudi Arabia (2015-),Saudi Arabia,Jizan,"In Kamer village of Jizan, pro-Houthi forces claim to have 'smashed' a military vehicle belonging to Saudi troops. Previous events using similar language suggest the use of a remotely fired rocket device. NO injuries were specified in the event.",0,2018-Q1
2018-02-06,2018,Battles,Armed clash,Military Forces of Yemen (2017-) Houthi,Military Forces of Saudi Arabia (2015-),Saudi Arabia,Najran,Two Saudi soldiers were shot by Houthi snipers in Eshah triangle and Shurfa site. The source did not specify if they survived or not.,0,2018-Q1
2018-02-07,2018,Battles,Armed clash,Military Forces of Yemen (2017-) Houthi,Military Forces of Saudi Arabia (2015-),Saudi Arabia,Najran,"A Saudi soldier was shot dead by Houthi militiamen in Ash Shurfah site, Najran.",1,2018-Q1
2018-02-08,2018,Explosions/Remote violence,Shelling/artillery/missile attack,Military Forces of Yemen (2017-) Houthi,Military Forces of Saudi Arabia (2015-),Saudi Arabia,Jizan,"In border Saudi province of Jizan, artillery shelling targeted Saudi soldiers' gatherings and fortifications in Qatbah school, Qedhaa-Namir, Kamer village, Dafinh, Qarn, Jarah valley, Hemiah center, and in Faridhah and Haskul sites.",0,2018-Q1
2018-02-08,2018,Battles,Armed clash,Military Forces of Yemen (2017-) Houthi,Military Forces of Saudi Arabia (2015-),Saudi Arabia,Jizan,"In Qewa village of Jizan, two Saudi soldiers were shot by Houthi snipers on Khazan hill. The source did not specify if they survived or were killed.",0,2018-Q1
2018-02-08,2018,Explosions/Remote violence,Shelling/artillery/missile attack,Military Forces of Yemen (2017-) Houthi,Military Forces of Saudi Arabia (2015-),Saudi Arabia,Jizan,"In border Saudi province of Jizan, artillery shelling targeted Saudi soldiers' gatherings and fortifications in Qatbah school, Qedhaa-Namir, Kamer village, Dafinh, Qarn, Jarah valley, Hemiah center, and in Faridhah and Haskul sites.",0,2018-Q1
2018-02-08,2018,Explosions/Remote violence,Shelling/artillery/missile attack,Military Forces of Yemen (2017-) Houthi,Military Forces of Saudi Arabia (2015-),Saudi Arabia,Jizan,"In border Saudi province of Jizan, artillery shelling targeted Saudi soldiers' gatherings and fortifications in Qatbah school, Qedhaa-Namir, Kamer village, Dafinh, Qarn, Jarah valley, Hemiah center, and in Faridhah and Haskul sites.",0,2018-Q1
2018-02-08,2018,Battles,Armed clash,Military Forces of Yemen (2017-) Houthi,Military Forces of Saudi Arabia (2015-),Saudi Arabia,Najran,Pro-Houthi forces claim to have killed and wounded 'dozens' of Saudi forces in Hamr-Said mountain eastern Ajasher (Najran) (fatalities coded as half).,6,2018-Q1
2018-02-09,2018,Explosions/Remote violence,Shelling/artillery/missile attack,Military Forces of Yemen (2017-) Houthi,Civilians (Saudi Arabia),Saudi Arabia,Jizan,"A missile fired by Houthi forces in Yemen landed in Al-Aradhah governorate in Jazan region, wounding three children.",0,2018-Q1
2018-02-10,2018,Battles,Armed clash,Military Forces of Yemen (2017-) Houthi,Military Forces of Saudi Arabia (2015-),Saudi Arabia,Jizan,"Furthermore, 3 Saudi soldiers were sniped in Khuba, Jahfan, and Shabakah of Jizan, while a Saudi-paid fighter was shot dead in Talaa site of Najran.",0,2018-Q1
2018-02-10,2018,Explosions/Remote violence,Shelling/artillery/missile attack,Military Forces of Yemen (2017-) Houthi,Military Forces of Saudi Arabia (2015-),Saudi Arabia,Jizan,"In Jizan,Houthi artillery shelling targeted Saudi soldiers in Mustahdath site eastern Jahfan, as well as soldiers in Mawsim site.",0,2018-Q1
2018-02-10,2018,Explosions/Remote violence,Shelling/artillery/missile attack,Military Forces of Yemen (2017-) Houthi,Military Forces of Saudi Arabia (2015-),Saudi Arabia,Jizan,"Also in Jizan, artillery and missile shelling targeted gatherings of Saudi soldiers and mercenaries in Mustahdath-Nashaw site located near near As Sahhar, sites of Shabaka, Mataan and Kamer village in Jizan governorate.",0,2018-Q1
2018-02-10,2018,Explosions/Remote violence,Shelling/artillery/missile attack,Military Forces of Yemen (2017-) Houthi,Military Forces of Saudi Arabia (2015-),Saudi Arabia,Jizan,"In Jizan,Houthi artillery shelling targeted Saudi soldiers in Mustahdath site eastern Jahfan, as well as soldiers in Mawsim site.",0,2018-Q1
2018-02-10,2018,Explosions/Remote violence,Shelling/artillery/missile attack,Military Forces of Yemen (2017-) Houthi,Military Forces of Saudi Arabia (2015-),Saudi Arabia,Jizan,"Also in Jizan, artillery and missile shelling targeted gatherings of Saudi soldiers and mercenaries in Mustahdath-Nashaw site located near near As Sahhar, sites of Shabaka, Mataan and Kamer village in Jizan governorate.",0,2018-Q1
2018-01-09,2018,Explosions/Remote violence,Shelling/artillery/missile attack,Military Forces of Yemen (2017-) Houthi,Military Forces of Saudi Arabia (2015-),Saudi Arabia,Jizan,Pro Houthi forces reportedly shelled Saudi soldiers in Al Ghawiya and Quwa in Jaizan on January 9. There were no reports of human casualties or material damage.,0,2018-Q1
2018-01-09,2018,Explosions/Remote violence,Shelling/artillery/missile attack,Military Forces of Yemen (2017-) Houthi,Military Forces of Saudi Arabia (2015-),Saudi Arabia,Jizan,Pro Houthi forces reportedly shelled Saudi soldiers in Al Makhyal military camp in Al Aridah in Jaizan on January 9. There were no reports of human casualties or material damage.,0,2018-Q1
2018-09-01,2018,Explosions/Remote violence,Shelling/artillery/missile attack,Military Forces of Yemen (2017-) Houthi,Military Forces of Saudi Arabia (2015-),Saudi Arabia,Najran,"Pro Houthi forces reportedly shelled Saudi soldiers in the west of Al Shabaka, Al Shurfa and Al Makhruq in Najran. There were no reports of human casualties or material damage; January 9.",0,2018-Q3
2018-01-09,2018,Explosions/Remote violence,Shelling/artillery/missile attack,Military Forces of Yemen (2017-) Houthi,Military Forces of Saudi Arabia (2015-),Saudi Arabia,Najran,"Pro Houthi forces reportedly shelled Saudi soldiers in the west of Al Shabaka, Al Shurfa and Al Makhruq in Najran. There were no reports of human casualties or material damage; January 9.",0,2018-Q1
2018-01-10,2018,Battles,Armed clash,Military Forces of Yemen (2017-) Houthi,Military Forces of Saudi Arabia (2015-),Saudi Arabia,Jizan,"Pro Houthi forces reportedly attacked Al Shabaka in Jaizan on January 10, killing and injuring a number of Saudi soldiers. Unknown fatalities coded as 10.",10,2018-Q1
2018-01-10,2018,Explosions/Remote violence,Shelling/artillery/missile attack,Military Forces of Yemen (2017-) Houthi,Military Forces of Saudi Arabia (2015-),Saudi Arabia,Jizan,Pro Houthi forces reportedly shelled Saudi soldiers in Al Maatan in Jaizan on January 10. There were no reports of human casualties or material damage.,0,2018-Q1
2018-01-15,2018,Battles,Armed clash,Military Forces of Yemen (2017-) Houthi,Military Forces of Saudi Arabia (2015-),Saudi Arabia,Jizan,Pro Houthi forces reportedly shot dead 1 Saudi soldier in Quwa in Jaizan on January 15.,1,2018-Q1
2018-01-19,2018,Explosions/Remote violence,Shelling/artillery/missile attack,Military Forces of Yemen (2017-) Houthi,Military Forces of Saudi Arabia (2015-),Saudi Arabia,Jizan,Houthi forces reportedly destroyed a Saudi military vehicle in Al Abadiyah in Al Harth of Jizan in the past 24 hours of January 19.,0,2018-Q1
2018-01-19,2018,Battles,Armed clash,Military Forces of Yemen (2017-) Houthi,Military Forces of Saudi Arabia (2015-),Saudi Arabia,Jizan,A Pro-Houthi Yemeni military sources reported that Houthi militiamen had shot dead five soldiers just in al Quwah and Hamidah of Jizan. Fatalities split between 2 events.,2,2018-Q1
2018-01-19,2018,Explosions/Remote violence,Shelling/artillery/missile attack,Military Forces of Yemen (2017-) Houthi,Military Forces of Saudi Arabia (2015-),Saudi Arabia,Jizan,Houthi forces reportedly shelled fortifications of Saudi army in Ghawiya in Jazan in the past 24 hours of January 19. There were no reports of human casualties or material damage.,0,2018-Q1
2018-02-10,2018,Explosions/Remote violence,Air/drone strike,Military Forces of Saudi Arabia (2015-),,Saudi Arabia,Jizan,"In Jizan, Saudi fighter jets waged two air strikes on Jarah valley in al- Khaoba. The source did not provide any information on what was being struck.",0,2018-Q1
2018-02-11,2018,Battles,Armed clash,Military Forces of Yemen (2017-) Houthi,Military Forces of Saudi Arabia (2015-),Saudi Arabia,Jizan,"In the border province of Jizan, three Saudi soldiers were killed by Houthi snipers in in Khubah, jahfan and Shabakah site, Jizan. Fatalities spread across three locations.",1,2018-Q1
2018-02-11,2018,Explosions/Remote violence,Shelling/artillery/missile attack,Military Forces of Yemen (2017-) Houthi,Military Forces of Saudi Arabia (2015-),Saudi Arabia,Jizan,"Pro-Houthi forces reportedly fired artillery shells at Saudi soldiers in Mustahdath-Nashaw site located near As Sahhar area, Mawsim, Mataan, Kamer, Shabakah, beyond Hamedhah village and Musthadath site eastern Jahfan, causing casualties. (all in Jizan)",0,2018-Q1
2018-02-11,2018,Battles,Armed clash,Military Forces of Yemen (2017-) Houthi,Military Forces of Saudi Arabia (2015-),Saudi Arabia,Jizan,"In the border province of Jizan, three Saudi soldiers were killed by Houthi snipers in in Khubah, jahfan and Shabakah site, Jizan. Fatalities spread across three locations.",1,2018-Q1
2018-02-11,2018,Battles,Armed clash,Military Forces of Yemen (2017-) Houthi,Military Forces of Saudi Arabia (2015-),Saudi Arabia,Jizan,"In the border province of Jizan, three Saudi soldiers were killed by Houthi snipers in in Khubah, jahfan and Shabakah site, Jizan. Fatalities spread across three locations.",1,2018-Q1
2018-02-11,2018,Explosions/Remote violence,Shelling/artillery/missile attack,Military Forces of Yemen (2017-) Houthi,Military Forces of Saudi Arabia (2015-),Saudi Arabia,Jizan,"Pro-Houthi forces reportedly fired artillery shells at Saudi soldiers in Mustahdath-Nashaw site located near As Sahhar area, Mawsim, Mataan, Kamer, Shabakah, beyond Hamedhah village and Musthadath site eastern Jahfan, causing casualties. (all in Jizan)",0,2018-Q1
2018-02-11,2018,Explosions/Remote violence,Shelling/artillery/missile attack,Military Forces of Yemen (2017-) Houthi,Military Forces of Saudi Arabia (2015-),Saudi Arabia,Jizan,"Pro-Houthi forces reportedly fired artillery shells at Saudi soldiers in Mustahdath-Nashaw site located near As Sahhar area, Mawsim, Mataan, Kamer, Shabakah, beyond Hamedhah village and Musthadath site eastern Jahfan, causing casualties. (all in Jizan)",0,2018-Q1
2018-02-11,2018,Explosions/Remote violence,Shelling/artillery/missile attack,Military Forces of Yemen (2017-) Houthi,Military Forces of Saudi Arabia (2015-),Saudi Arabia,Jizan,"Pro-Houthi forces claim to have launched artillery attacks at Jabal al-Dukhan, Hamezah village and al-Qern base in JIzan causing material damage. No injuries were reported.",0,2018-Q1
2018-11-02,2018,Explosions/Remote violence,Shelling/artillery/missile attack,Military Forces of Yemen (2017-) Houthi,Military Forces of Saudi Arabia (2015-),Saudi Arabia,Najran,"Pro-Houthi forces fired artillery shells at Saudi soldiers in Mukhruq site, Jizan. No injuries were reported.",0,2018-Q4
2018-02-11,2018,Explosions/Remote violence,Shelling/artillery/missile attack,Military Forces of Yemen (2017-) Houthi,Military Forces of Saudi Arabia (2015-),Saudi Arabia,Najran,"Pro-Houthi forces shelled Saudi soldiers and allies in Shorfa and Shabaka sites, which resulted in killing and injuring of 'a number' of soldiers. Unknown fatalities coded as 10. Fatalities spread across two locations.",5,2018-Q1
2018-02-11,2018,Explosions/Remote violence,Shelling/artillery/missile attack,Military Forces of Yemen (2017-) Houthi,Military Forces of Saudi Arabia (2015-),Saudi Arabia,Najran,"Pro-Houthi forces shelled Saudi soldiers and allies in Shorfa and Shabaka sites, which resulted in killing and injuring of 'a number' of soldiers. Unknown fatalities coded as 10. Fatalities spread across two locations.",5,2018-Q1
2018-02-11,2018,Explosions/Remote violence,Shelling/artillery/missile attack,Military Forces of Yemen (2017-) Houthi,Military Forces of Saudi Arabia (2015-),Saudi Arabia,Najran,It was reported that a Saudi military vehicle was destroyed and its crew was killed in Khaliqa in Al Khadra in Najran on the days around February 11. Unknown fatalities coded as 10.,10,2018-Q1
2018-02-14,2018,Explosions/Remote violence,Shelling/artillery/missile attack,Military Forces of Yemen (2017-) Houthi,Military Forces of Saudi Arabia (2015-),Saudi Arabia,Jizan,"Pro-Houthi forces claim to have fired artillery shells at soldiers in al- Faridah and al-Moa'anaq sites in Al Khobh, al-Kirs, and bombed a Saudi military vehicle, killing its crew in Bujan site.",0,2018-Q1
2018-02-14,2018,Explosions/Remote violence,Shelling/artillery/missile attack,Military Forces of Yemen (2017-) Houthi,Military Forces of Saudi Arabia (2015-),Saudi Arabia,Najran,"Pro-Houthi forces claim to have fired artillery shells at Saudi soldiers in the military sites of al-Hanjar, al-khazan hilltops, al-Ganasin, Qallal al-Shibani and al-Khadra crossing point (Najran). No info on casualties.",0,2018-Q1
2018-02-14,2018,Explosions/Remote violence,Shelling/artillery/missile attack,Military Forces of Yemen (2017-) Houthi,Military Forces of Saudi Arabia (2015-),Saudi Arabia,Najran,"Pro-Houthi forces claim to have fired artillery shells at Saudi soldiers in the military sites of al-Hanjar, al-khazan hilltops, al-Ganasin, Qallal al-Shibani and al-Khadra crossing point (Najran). No info on causualties.",0,2018-Q1
2018-02-15,2018,Battles,Armed clash,Military Forces of Yemen (2017-) Houthi,Military Forces of Saudi Arabia (2015-),Saudi Arabia,Jizan,Pro-Houthi forces claim to have shot dead 5 Saudi soldiers in al-Qamar village of Jizan.,5,2018-Q1
2018-02-16,2018,Explosions/Remote violence,Shelling/artillery/missile attack,Military Forces of Yemen (2017-) Houthi,Military Forces of Saudi Arabia (2015-),Saudi Arabia,Asir,"In Asir, gatherings of Saudi soldiers were shelled by Houthi artillery in Misyal site. No injuries were reported.",0,2018-Q1
2018-02-16,2018,Explosions/Remote violence,Shelling/artillery/missile attack,Military Forces of Yemen (2017-) Houthi,Military Forces of Saudi Arabia (2015-),Saudi Arabia,Jizan,Pro-Houthi forces fired Katyusha rockets at Saudi soldiers in Aradha camp. No further info.,0,2018-Q1
2018-02-16,2018,Explosions/Remote violence,Shelling/artillery/missile attack,Military Forces of Yemen (2017-) Houthi,Military Forces of Saudi Arabia (2015-),Saudi Arabia,Jizan,"Pro-Houthi forces claim to have fired artillery shells on Saudi soldiers in Qais mountain, Jarah valley, Ramadha site and Qamer village. According to the report, 'dozens' were 'killed and wounded'. Fatalities coded as half and spread across 4 events.",1,2018-Q1
2018-02-16,2018,Explosions/Remote violence,Shelling/artillery/missile attack,Military Forces of Yemen (2017-) Houthi,Military Forces of Saudi Arabia (2015-),Saudi Arabia,Jizan,"Pro-Houthi forces claim to have fired artillery shells on Saudi soldiers in Qais mountain, Jarah valley, Ramadha site and Qamer village. According to the report, 'dozens' were 'killed and wounded'. Fatalities coded as half and spread across 4 events.",1,2018-Q1
2018-02-16,2018,Explosions/Remote violence,Shelling/artillery/missile attack,Military Forces of Yemen (2017-) Houthi,Military Forces of Saudi Arabia (2015-),Saudi Arabia,Jizan,"Pro-Houthi forces claim to have fired artillery shells on Saudi soldiers in Qais mountain, Jarah valley, Ramadha site and Qamer village. According to the report, 'dozens' were 'killed and wounded'. Fatalities coded as half and spread across 4 events.",2,2018-Q1
2018-02-16,2018,Battles,Armed clash,Military Forces of Yemen (2017-) Houthi,Military Forces of Saudi Arabia (2015-),Saudi Arabia,Najran,Pro-Houthi forces shelled Saudi soldiers and allies in Sudais and Shurfa sites of Najran. No info on fatalities. An airstrike responded to the artillery shells.,0,2018-Q1
2018-02-18,2018,Battles,Armed clash,Military Forces of Yemen (2017-) Houthi,Military Forces of Saudi Arabia (2015-),Saudi Arabia,Asir,Pro-Houthi forces claim to have mounted a military assault against Saudi soldiers in Um-Riyah hill of Thaban area of Asir. 'A number' of the soldiers were reportedly killed. Unknown fatalities coded as 10.,10,2018-Q1
2018-02-18,2018,Battles,Armed clash,Military Forces of Yemen (2017-) Houthi,Military Forces of Saudi Arabia (2015-),Saudi Arabia,Jizan,"Pro-Houthi fighters claim to have attacked a group of Saudi soldiers in Qamar village, Jizan, killing and wounding a number of them and destroying a tank. Fatalities later updated by an Arabic report to 5 fatalities.",5,2018-Q1
2018-02-18,2018,Battles,Armed clash,Military Forces of Yemen (2017-) Houthi,Military Forces of Saudi Arabia (2015-),Saudi Arabia,Najran,"Pro-Houthi forces claim to have repulsed an attempted offensive by Saudi soldiers on al-Khadra outlet in Najran, resulting in 'loss of life'. Al-Jazeera Arabic later confirmed the death of three Saudi soldiers, bringing the total to 8 in the area over the past two days.",3,2018-Q1
2018-02-19,2018,Battles,Armed clash,Military Forces of Yemen (2017-) Houthi,Military Forces of Saudi Arabia (2015-),Saudi Arabia,Jizan,"In Jizan border province, a military Saudi bulldozer was smashed in Hamidha village by a guided missile, while four Saudi soldiers were sniped in Qewa village.",4,2018-Q1
2018-02-19,2018,Explosions/Remote violence,Remote explosive/landmine/IED,Military Forces of Yemen (2017-) Houthi,Military Forces of Saudi Arabia (2015-),Saudi Arabia,Najran,"Pro-Houthi forces claim to have exploded a Saudi-military jeep in Alb crossing, Najran. No injuries were reported. Previous events using similar language suggest the use of a remotely detonated IED.",0,2018-Q1
2018-02-20,2018,Explosions/Remote violence,Remote explosive/landmine/IED,Military Forces of Yemen (2017-) Houthi,Military Forces of Saudi Arabia (2015-),Saudi Arabia,Jizan,"Saudi military vehicle was bombed by an explosive device set by pro-Houthi forces in Hathra site, killing all its crew. Unknown fatalities coded as 10.",10,2018-Q1
2018-02-20,2018,Explosions/Remote violence,Shelling/artillery/missile attack,Military Forces of Yemen (2017-) Houthi,Military Forces of Saudi Arabia (2015-),Saudi Arabia,Najran,"Pro-Houthi forces shelled Saudi troops in Al-Buqa'a camp, Najran. No injuries were reported. Additional shelling hit Saudi positions in Shrfa and Shabaka sites on the 20th of February, 2018.",0,2018-Q1
2018-02-20,2018,Explosions/Remote violence,Air/drone strike,Military Forces of Saudi Arabia (2015-),,Saudi Arabia,Najran,"In the border Saudi province of Najran, the Saudi jets launched five strikes on Shurfa and Sudais sites. No info on what they were striking.",0,2018-Q1
2018-02-21,2018,Explosions/Remote violence,Shelling/artillery/missile attack,Military Forces of Yemen (2017-) Houthi,Military Forces of Saudi Arabia (2015-),Saudi Arabia,Jizan,Pro-Houthi forces reportedly shelled Saudi troops in Khushel.,0,2018-Q1
2018-02-21,2018,Battles,Armed clash,Military Forces of Yemen (2017-) Houthi,Military Forces of Saudi Arabia (2015-),Saudi Arabia,Jizan,"Three Saudi soldiers were shot and killed by pro-Houthi snipers in Kars-Jubah site, Jizan.",3,2018-Q1
2018-02-21,2018,Explosions/Remote violence,Shelling/artillery/missile attack,Military Forces of Yemen (2017-) Houthi,Military Forces of Saudi Arabia (2015-),Saudi Arabia,Jizan,"Pro-Houthi rocketry forces fired missiles and rockets at Saudi forces in Maten camp and Mawsem gate, reportedly 'killing and injuring dozens'. Fatalities coded as half and spread across two locations.",3,2018-Q1
2018-02-21,2018,Explosions/Remote violence,Shelling/artillery/missile attack,Military Forces of Yemen (2017-) Houthi,Military Forces of Saudi Arabia (2015-),Saudi Arabia,Jizan,"Pro-Houthi rocketry forces fired missiles and rockets at Saudi forces in Maten camp and Mawsem gate, reportedly 'killing and injuring dozens'. Fatalities coded as half and spread across two locations.",3,2018-Q1
2018-02-21,2018,Explosions/Remote violence,Shelling/artillery/missile attack,Military Forces of Yemen (2017-) Houthi,Military Forces of Saudi Arabia (2015-),Saudi Arabia,Jizan,"On 21 February 2018, an RPG reportedly hit a military vehicle in Al Kirs (Samtah, Jizan) destroying weapons and killing an unknown number of soldiers aboard. Unclear fatalities coded as 10.",10,2018-Q1
2018-02-25,2018,Explosions/Remote violence,Shelling/artillery/missile attack,Military Forces of Yemen (2017-) Houthi,Military Forces of Saudi Arabia (2015-),Saudi Arabia,Jizan,"Houthi forces using artillery shelled Saudi soldiers in the areas of Malhama, Faridha in Al Khobh, and Tuwal in Jizan. No injuries were reported.",0,2018-Q1
2018-02-25,2018,Battles,Armed clash,Military Forces of Yemen (2017-) Houthi,Military Forces of Saudi Arabia (2015-),Saudi Arabia,Jizan,"Ground clashes and Katuskha rockets fired by Houthi forces resulted in the death of a single Saudi soldier and the destruction of a 50mm gun in al-Mattan site, Khazzan hill in Jizan.",1,2018-Q1
2018-02-28,2018,Explosions/Remote violence,Shelling/artillery/missile attack,Military Forces of Yemen (2017-) Houthi,Military Forces of Saudi Arabia (2015-),Saudi Arabia,Jizan,"On 28 February 2018, Houthi forces claimed to have fired artillery shells at Saudi troops in Khafaqa and Al Qarn village (Qarn Muzabbar) in Al Harth district (Jizan). Casualties unknown.",0,2018-Q1
2018-02-28,2018,Explosions/Remote violence,Shelling/artillery/missile attack,Military Forces of Yemen (2017-) Houthi,Military Forces of Saudi Arabia (2015-),Saudi Arabia,Jizan,"Pro-Houthi forces claim to have fired artillery shells at Saudi soldiers in Qa'im Zabid, Mostahdath, and almahani villages.",0,2018-Q1
2018-02-28,2018,Explosions/Remote violence,Shelling/artillery/missile attack,Military Forces of Yemen (2017-) Houthi,Military Forces of Saudi Arabia (2015-),Saudi Arabia,Jizan,"On 28 February 2018, Houthi forces claimed to have fired artillery shells at Saudi troops in Khafaqa and Al Qarn village (Qarn Muzabbar) in Al Harth district (Jizan). Casualties unknown.",0,2018-Q1
2018-03-04,2018,Explosions/Remote violence,Shelling/artillery/missile attack,Military Forces of Yemen (2017-) Houthi,Military Forces of Saudi Arabia (2015-),Saudi Arabia,Jizan,"Pro-Houthi forces fired Katyusha missiles at Saudi soldiers in al Mousam site, reportedly 'killing and wounding tens'. Unknown fatalities coded as 10.",10,2018-Q1
2018-03-05,2018,Battles,Armed clash,Military Forces of Yemen (2017-) Houthi,Military Forces of Saudi Arabia (2015-),Saudi Arabia,Jizan,"Two Saudi soldiers were reportedly killed by Houthi snipers in Wadi Maeen near Qamer village, Jizan.",2,2018-Q1
2018-03-06,2018,Explosions/Remote violence,Shelling/artillery/missile attack,Military Forces of Yemen (2017-) Houthi,Military Forces of Saudi Arabia (2015-),Saudi Arabia,Asir,"On 6 March 2018, Houthi forces claimed to have targeted with artillery shells Saudi soldiers in Al Raboah (Abha) and Aqabat al Alb (Dhahran Al Janub) (Asir), in Al Khushel and Khafaqa in Al Harth district (Jizan), and in Al Ajashir (Khubash) (Najran). Casualties unknown.",0,2018-Q1
2018-03-06,2018,Battles,Armed clash,Military Forces of Yemen (2017-) Houthi,Military Forces of Saudi Arabia (2015-),Saudi Arabia,Jizan,"Pro-Houthi snipers reportedly shot and killed 3 Saudi soldiers in Quwa village, Jizan.",3,2018-Q1
2018-03-06,2018,Explosions/Remote violence,Shelling/artillery/missile attack,Military Forces of Yemen (2017-) Houthi,Military Forces of Saudi Arabia (2015-),Saudi Arabia,Najran,"On 6 March 2018, Houthi forces claimed to have targeted with artillery shells Saudi soldiers in Al Raboah (Abha) and Aqabat al Alb (Dhahran Al Janub) (Asir), in Al Khushel and Khafaqa in Al Harth district (Jizan), and in Al Ajashir (Khubash) (Najran). Casualties unknown.",0,2018-Q1
2018-03-07,2018,Battles,Armed clash,Military Forces of Yemen (2017-) Houthi,Military Forces of Saudi Arabia (2015-),Saudi Arabia,Jizan,"Pro-Houthi forces attacked Saudi troops in Qays area of Jizan, reportedly killing an unspecified number and taking 4 others hostage. A military vehicle was also destroyed during the event. Unknown fatalities coded as 10.",10,2018-Q1
2018-03-07,2018,Explosions/Remote violence,Shelling/artillery/missile attack,Military Forces of Yemen (2017-) Houthi,Military Forces of Saudi Arabia (2015-),Saudi Arabia,Najran,"Pro-Houthi forces claim to have fired artillery shells at Saudi forces in Rajla hill, Alhomr and Alqannaseen hills and al Sudais. No injuries were reported.",0,2018-Q1
2018-03-07,2018,Explosions/Remote violence,Shelling/artillery/missile attack,Military Forces of Yemen (2017-) Houthi,Military Forces of Saudi Arabia (2015-),Saudi Arabia,Najran,"Pro-Houthi forces claim to have fired artillery shells at Saudi forces in Rajla hill, Alhomr and Alqannaseen hills and al Sudais. No injuries were reported.",0,2018-Q1
2018-03-08,2018,Battles,Armed clash,Military Forces of Yemen (2017-) Houthi,Military Forces of Saudi Arabia (2015-),Saudi Arabia,Jizan,"Pro-Houthi forces claim to have attacked Saudi soldiers in Hthura site, Jizan. According to the pro-Houthi source 'dozens' were killed or injured in the attack. Fatalities coded as half. An unspecified number of vehicles were also destroyed during the attack.",6,2018-Q1
2018-03-08,2018,Explosions/Remote violence,Shelling/artillery/missile attack,Military Forces of Yemen (2017-) Houthi,Military Forces of Saudi Arabia (2015-),Saudi Arabia,Jizan,"Pro-Houthi forces fired artillery rounds at Saudi soldiers in the Mawassum area of Jizan, as well as Ramadh and Tiwal areas. No injuries were reported.",0,2018-Q1
2018-03-08,2018,Explosions/Remote violence,Shelling/artillery/missile attack,Military Forces of Yemen (2017-) Houthi,Military Forces of Saudi Arabia (2015-),Saudi Arabia,Jizan,"Pro-Houthi forces claim to have fired missiles at Saudi military forces in al-Fartah site, Alhaj village and al-Mrany camp. Pro-Houthi news sources reported 'losses in life and gear'. Unknown fatalities coded as 10 and spread across two locations.",5,2018-Q1
2018-08-03,2018,Explosions/Remote violence,Shelling/artillery/missile attack,Military Forces of Yemen (2017-) Houthi,Military Forces of Saudi Arabia (2015-),Saudi Arabia,Najran,"Pro-Houthi fighters claim to have shelled a weapons store belonging to Saudi forces in Makhruq, Najran, causing it to catch fire.",0,2018-Q3
2018-01-17,2018,Explosions/Remote violence,Shelling/artillery/missile attack,Military Forces of Yemen (2017-) Houthi,Military Forces of Saudi Arabia (2015-),Saudi Arabia,Jizan,Houthi forces reportedly shelled troops of Saudi forces in Jabal Juhfan in Al Harth of Jizan on January 17. There were no reports of deaths or injuries.,0,2018-Q1
2018-01-19,2018,Battles,Armed clash,Military Forces of Yemen (2017-) Houthi,Military Forces of Saudi Arabia (2015-),Saudi Arabia,Jizan,"It was reported that 6 Saudi soldiers were shot dead by Houthi forces in Ash Shabakah, Al Farydhah, and Qaryat Hamdhah in Jizan on January 19. One was killed in Ash Shabakah.",1,2018-Q1
2018-01-21,2018,Explosions/Remote violence,Air/drone strike,Military Forces of Saudi Arabia (2015-),Military Forces of Yemen (2017-) Houthi,Saudi Arabia,Jizan,Saudi Apache helicopters reportedly shelled Qaryat Qamer in Al Harth of Jizan on January 21. There were no reports of deaths or injuries.,0,2018-Q1
2018-01-26,2018,Battles,Armed clash,Military Forces of Yemen (2017-) Houthi,Military Forces of Saudi Arabia (2015-),Saudi Arabia,Jizan,It was reported that a Saudi soldier was shot dead to the south of Ar Radif military site in Samitah of Jizan on the days around January 26.,1,2018-Q1
2018-01-26,2018,Explosions/Remote violence,Shelling/artillery/missile attack,Military Forces of Yemen (2017-) Houthi,Military Forces of Saudi Arabia (2015-),Saudi Arabia,Jizan,Houthi forces reportedly shelled troops of Saudi forces in Al Khushel in Al Harth of Jizan on the days around January 26. No deaths or injuries were reported.,0,2018-Q1
2018-01-26,2018,Explosions/Remote violence,Shelling/artillery/missile attack,Military Forces of Yemen (2017-) Houthi,Military Forces of Saudi Arabia (2015-),Saudi Arabia,Jizan,"Houthi forces reportedly shelled troops of Saudi forces in Shayyabah in Al Aridah of Jizan on the days around January 26, leaving deaths and injuries on the Saudi side. Unknown fatalities coded as 10.",10,2018-Q1
2018-01-26,2018,Explosions/Remote violence,Shelling/artillery/missile attack,Military Forces of Yemen (2017-) Houthi,Military Forces of Saudi Arabia (2015-),Saudi Arabia,Najran,Houthi forces reportedly shelled Saudi forces in Al Qyadah hill in Al Khadra in Najran on the days around January 26. No deaths or injuries were reported.,0,2018-Q1
2018-01-26,2018,Explosions/Remote violence,Shelling/artillery/missile attack,Military Forces of Yemen (2017-) Houthi,Military Forces of Saudi Arabia (2015-),Saudi Arabia,Najran,It was reported that a bulldozer for Saudi forces was destroyed by Houthi forces in Nahuqah in Najran on the days around January 26. No deaths or injuries were reported.,0,2018-Q1
2018-01-27,2018,Explosions/Remote violence,Shelling/artillery/missile attack,Military Forces of Yemen (2017-) Houthi,Military Forces of Saudi Arabia (2015-),Saudi Arabia,Jizan,Houthi forces reportedly shelled using a Zilzal 2 missile troops of Saudi forces to the west of Al Mezzab in Jizan on the days around January 27. No deaths or injuries were reported.,0,2018-Q1
2018-01-27,2018,Battles,Armed clash,Military Forces of Yemen (2017-) Houthi,Military Forces of Saudi Arabia (2015-),Saudi Arabia,Jizan,"It was reported that 3 Saudi soldiers were shot dead in Ash Shabakah, Ad Dukhan, and Qaryat Quwa in Jizan on the days around January 27. Fatalities split among events.",1,2018-Q1
2018-01-27,2018,Battles,Armed clash,Military Forces of Yemen (2017-) Houthi,Military Forces of Saudi Arabia (2015-),Saudi Arabia,Jizan,"It was reported that 3 Saudi soldiers were shot dead in Ash Shabakah, Ad Dukhan, and Qaryat Quwa in Jizan on the days around January 27. Fatalities split among events.",1,2018-Q1
2018-02-02,2018,Battles,Armed clash,Military Forces of Yemen (2017-) Houthi,Military Forces of Saudi Arabia (2015-),Saudi Arabia,Jizan,"Houthi forces reportedly attacked Saudi forces and destroyed a Saudi military vehicle in Jabal Qays in Al Aridah of Jizan on February 2, leaving deaths and injuries on the Saudi side. Unknown fatalities coded as 10.",10,2018-Q1
2018-02-07,2018,Explosions/Remote violence,Shelling/artillery/missile attack,Military Forces of Yemen (2017-) Houthi,Military Forces of Saudi Arabia (2015-),Saudi Arabia,Jizan,It was reported that 2 bulldozers for Saudi forces were destroyed by Houthi forces using guided missiles in Jabal Al Ezzah in Bani Malik in Ad Dair of Jizan on the days around February 7. No deaths or injuries were reported.,0,2018-Q1
2018-02-11,2018,Battles,Armed clash,Military Forces of Yemen (2017-) Houthi,Military Forces of Saudi Arabia (2015-),Saudi Arabia,Jizan,It was reported that 2 Saudi soldiers were shot dead in Al Khazan hill in Quwa in Jizan on the days around February 11.,2,2018-Q1
2018-02-16,2018,Explosions/Remote violence,Shelling/artillery/missile attack,Military Forces of Yemen (2017-) Houthi,Military Forces of Saudi Arabia (2015-),Saudi Arabia,Najran,"Houthi forces reportedly shelled troops of Saudi forces in Tala't Rajla in Najran on the days around February 16, leaving deaths and injuries. Unknown fatalities coded as 10.",10,2018-Q1
2018-03-10,2018,Battles,Armed clash,Military Forces of Yemen (2017-) Houthi,Military Forces of Saudi Arabia (2015-),Saudi Arabia,Jizan,"In Jizan, pro-Houthi fighters destroyed a Saudi military vehicle in Raqabat Qays and another in Jadhea Nomir.",0,2018-Q1
2018-03-10,2018,Explosions/Remote violence,Shelling/artillery/missile attack,Military Forces of Yemen (2017-) Houthi,Military Forces of Saudi Arabia (2015-),Saudi Arabia,Najran,"Pro-Houthi forces claim to have fired a barrage of Katyusha rockets at Saudi military positions in Shurfa, shelling area of Rabaqat Sudays, Humr, and Tala'at Rajla (all in Najran).",0,2018-Q1
2018-03-10,2018,Explosions/Remote violence,Shelling/artillery/missile attack,Military Forces of Yemen (2017-) Houthi,Military Forces of Saudi Arabia (2015-),Saudi Arabia,Najran,"Pro-Houthi forces claim to have fired a barrage of Katyusha rockets at Saudi military positions in Shurfa, shelling area of Rabaqat Sudays, Humr, and Tala'at Rajla (all in Najran).",0,2018-Q1
2018-03-10,2018,Explosions/Remote violence,Shelling/artillery/missile attack,Military Forces of Yemen (2017-) Houthi,Military Forces of Saudi Arabia (2015-),Saudi Arabia,Najran,"Pro-Houthi forces claim to have fired a barrage of Katyusha rockets at Saudi military positions in Shurfa, shelling area of Rabaqat Sudays, Humr, and Tala'at Rajla (all in Najran).",0,2018-Q1
2018-03-12,2018,Explosions/Remote violence,Shelling/artillery/missile attack,Military Forces of Yemen (2017-) Houthi,Military Forces of Saudi Arabia (2015-),Saudi Arabia,Jizan,"Pro-Houthi forces claim to have shelled Saudi soldiers in the areas of Sawdah Saudi Tower, Qamar village, Dukhan mountain and al- Khouba. No further info.",0,2018-Q1
2018-03-12,2018,Battles,Armed clash,Military Forces of Yemen (2017-) Houthi,Military Forces of Saudi Arabia (2015-),Saudi Arabia,Jizan,"Pro-Houthi forces claim to have shot and killed 6 Saudi soldiers in Quwah and Hamdha villages, Jizan. Fatalities spread evenly across two locations.",3,2018-Q1
2018-03-12,2018,Explosions/Remote violence,Shelling/artillery/missile attack,Military Forces of Yemen (2017-) Houthi,Military Forces of Saudi Arabia (2015-),Saudi Arabia,Jizan,"Pro-Houthi forces claim to have shelled Saudi soldiers in the areas of Sawdah Saudi Tower, Qamar village, Dukhan mountain and al- Khouba. No further info.",0,2018-Q1
2018-03-12,2018,Explosions/Remote violence,Shelling/artillery/missile attack,Military Forces of Yemen (2017-) Houthi,Military Forces of Saudi Arabia (2015-),Saudi Arabia,Najran,"Pro-Houthi forces shelled Saudi positions in Shurfa, Sudays, and Shabaka in Najran. Bir al-Salami and Al-Jasher areas in the district were also shelled. No info on casualties.",0,2018-Q1
2018-03-16,2018,Explosions/Remote violence,Shelling/artillery/missile attack,Military Forces of Yemen (2017-) Houthi,Military Forces of Saudi Arabia (2015-),Saudi Arabia,Jizan,Pro-Houthi artillery targeted Saudi soldiers in Al Mezaab village of Jazan. No info on casualties.,0,2018-Q1
2018-03-16,2018,Battles,Armed clash,Military Forces of Yemen (2017-) Houthi,Military Forces of Saudi Arabia (2015-),Saudi Arabia,Jizan,"Pro-Houthi forces claim to have shot and killed 2 Saudi soldiers in Quwah village, Jizan.",2,2018-Q1
2018-03-16,2018,Explosions/Remote violence,Shelling/artillery/missile attack,Military Forces of Yemen (2017-) Houthi,Military Forces of Saudi Arabia (2015-),Saudi Arabia,Najran,"Pro-Houthi forces claim to have fired artillery rounds at Saudi soldiers in al-Shabaka, Al Makhruq al Kabir sites in Najran. A military vehicle was damaged as a result of the shelling.",0,2018-Q1
2018-03-16,2018,Explosions/Remote violence,Air/drone strike,Military Forces of Saudi Arabia (2015-),,Saudi Arabia,Najran,Saudi coalition planes launched three airstrikes on Sudays and Shurfa areas of Najran. No info on what the targets were.,0,2018-Q1
2018-03-16,2018,Explosions/Remote violence,Shelling/artillery/missile attack,Military Forces of Yemen (2017-) Houthi,Military Forces of Saudi Arabia (2015-),Saudi Arabia,Jizan,Houthi fighters fired artillery shells at Saudi soldiers in the Bayt al Abiyadh and Kirs Jubah areas of Jizan province. No info on casualties.,0,2018-Q1
2018-03-17,2018,Explosions/Remote violence,Shelling/artillery/missile attack,Military Forces of Yemen (2017-) Houthi,Military Forces of Saudi Arabia (2015-),Saudi Arabia,Najran,"On 17 March 2018, pro-Houthi forces claimed to have fired artillery shells at Saudi forces in Al Khadra border crossing (Khubash, Najran). Casualties unknown.",0,2018-Q1
2018-03-22,2018,Explosions/Remote violence,Shelling/artillery/missile attack,Military Forces of Yemen (2017-) Houthi,,Saudi Arabia,Najran,"Houthi forces claim to have fired a ballistic missile at Aramco in Najran. The company announced 3 days later that they were operating normally, suggesting that the missile missed the intended target or was shot down.",0,2018-Q1
2018-01-24,2018,Explosions/Remote violence,Shelling/artillery/missile attack,Military Forces of Yemen (2017-) Houthi,Military Forces of Saudi Arabia (2015-),Saudi Arabia,Asir,"Houthi militia fighters claim to have shelled Saudi soldiers in Misyal site, Zaj and Hanjer, Asir.",0,2018-Q1
2018-03-15,2018,Explosions/Remote violence,Shelling/artillery/missile attack,Military Forces of Yemen (2017-) Houthi,Military Forces of Saudi Arabia (2015-),Saudi Arabia,Jizan,Pro-Houthi forces shelled Saudi military positions and Yemeni pro-Hadi fighters in Malhama and Qays areas of Jizan governorate. No casualties were reported.,0,2018-Q1
2018-03-15,2018,Battles,Armed clash,Military Forces of Yemen (2017-) Houthi,Military Forces of Saudi Arabia (2015-),Saudi Arabia,Jizan,Pro-Houthi sniper units reportedly killed 2 Saudi soldiers in Al Khobh area of Jizan governorate.,2,2018-Q1
2018-03-15,2018,Battles,Armed clash,Military Forces of Yemen (2017-) Houthi,Military Forces of Saudi Arabia (2015-),Saudi Arabia,Jizan,Pro-Houthi sniper units reportedly killed 1 Saudi soldier in Al Khazan hill of Quwah village in Jizan governorate.,1,2018-Q1
2018-03-15,2018,Explosions/Remote violence,Shelling/artillery/missile attack,Military Forces of Yemen (2017-) Houthi,Military Forces of Saudi Arabia (2015-),Saudi Arabia,Jizan,Pro-Houthi forces shelled Saudi military positions and Yemeni pro-Hadi fighters in Malhama and Qays areas of Jizan governorate. No casualties were reported.,0,2018-Q1
2018-03-16,2018,Explosions/Remote violence,Shelling/artillery/missile attack,Military Forces of Yemen (2017-) Houthi,Military Forces of Saudi Arabia (2015-),Saudi Arabia,Jizan,Houthi fighters fired artillery shells at Saudi soldiers in the Bayt al Abiyadh and Kirs Jubah areas of Jizan province. No info on casualties.,0,2018-Q1
2018-03-17,2018,Battles,Armed clash,Military Forces of Yemen (2017-) Houthi,Military Forces of Saudi Arabia (2015-),Saudi Arabia,Jizan,Pro-Houthi forces reportedly attacked Saudi positions in Al Lahaj village near Qays mountain in Jzan governorate. Saudi soldiers were reported killed. Unknown fatalities coded as 10.,10,2018-Q1
2018-03-18,2018,Explosions/Remote violence,Air/drone strike,Military Forces of Saudi Arabia (2015-),,Saudi Arabia,Jizan,"On 18 March 2018, Apache helicopters shelled - reportedly with dozens of missiles - Dar an Nasr and Qaim as Sayyabah areas of Jizan governorate. Casualties unknown.",0,2018-Q1
2018-03-18,2018,Explosions/Remote violence,Shelling/artillery/missile attack,Military Forces of Yemen (2017-) Houthi,Military Forces of Saudi Arabia (2015-),Saudi Arabia,Jizan,Pro-Houthi forces fired artillery at Saudi military positions in Hamdah village and Al Hathirah in Jizan governorate. No casualties were reported.,0,2018-Q1
2018-03-18,2018,Explosions/Remote violence,Shelling/artillery/missile attack,Military Forces of Yemen (2017-) Houthi,Military Forces of Saudi Arabia (2015-),Saudi Arabia,Najran,Pro-Houthi forces fired a missile at Saudi positions in Nahuqah site in Najran governorate. No casualties were reported but a military vehicle was allegedly destroyed.,0,2018-Q1
2018-03-19,2018,Battles,Armed clash,Military Forces of Yemen (2017-) Houthi,Military Forces of Saudi Arabia (2015-),Saudi Arabia,Jizan,Pro-Houthi forces reportedly attacked Saudi positions in As Suda watch tower in Al Khobh in Al Haskul area in Jizan governorate. No casualties were reported.,0,2018-Q1
2018-03-19,2018,Explosions/Remote violence,Shelling/artillery/missile attack,Military Forces of Yemen (2017-) Houthi,Military Forces of Saudi Arabia (2015-),Saudi Arabia,Najran,Pro-Houthi forces fired artillery at Saudi positions in and around Nahuqah in Najran governorate. No casualties were reported.,0,2018-Q1
2018-03-26,2018,Explosions/Remote violence,Shelling/artillery/missile attack,Military Forces of Yemen (2017-) Houthi,Military Forces of Saudi Arabia (2015-),Saudi Arabia,Jizan,"'Dozens' of Saudi soldiers were killed and wounded by artillery shells fired by Houthi forces at al-Mousam and al-Ramadha, Jizan. Fatalities coded as half and spread across two locations.",3,2018-Q1
2018-03-26,2018,Explosions/Remote violence,Shelling/artillery/missile attack,Military Forces of Yemen (2017-) Houthi,Military Forces of Saudi Arabia (2015-),Saudi Arabia,Jizan,"'Dozens' of Saudi soldiers were killed and wounded by artillery shells fired by Houthi forces at al-Mousam and al-Ramadha, Jizan. Fatalities coded as half and spread across two locations.",3,2018-Q1
2018-03-26,2018,Explosions/Remote violence,Shelling/artillery/missile attack,Military Forces of Yemen (2017-) Houthi,Military Forces of Saudi Arabia (2015-),Saudi Arabia,Najran,"In Najran, Houthi artillery teams fired shells at Saudi soldiers in Mostahdqa, Sudis, Nahuqa, al-Makhrqwq al Kabir, and Jamarek al Khadra crossing, leaving 'large losses'. Unspecified fatalities coded as 10 and spread across",2,2018-Q1
2018-03-26,2018,Explosions/Remote violence,Shelling/artillery/missile attack,Military Forces of Yemen (2017-) Houthi,Military Forces of Saudi Arabia (2015-),Saudi Arabia,Najran,"In Najran, Houthi artillery teams fired shells at Saudi soldiers in Mostahdqa, Sudis, Nahuqa, al-Makhrqwq al Kabir, and Jamarek al Khadra crossing, leaving 'large losses'. Unspecified fatalities coded as 10 and spread across",3,2018-Q1
2018-03-28,2018,Explosions/Remote violence,Shelling/artillery/missile attack,Military Forces of Yemen (2017-) Houthi,Military Forces of Saudi Arabia (2015-),Saudi Arabia,Jizan,"Pro-Houthi forces fired rockets and artillery at Saudi positions in several areas of Jizan governorate - including Juhfan, Jilah (located in Al Harth district) and As Subabah sites and Al Madrsah village. No casualties were reported.",0,2018-Q1
2018-03-28,2018,Explosions/Remote violence,Shelling/artillery/missile attack,Military Forces of Yemen (2017-) Houthi,Military Forces of Saudi Arabia (2015-),Saudi Arabia,Jizan,"Pro-Houthi forces fired artillery at Saudi and Yemeni pro-Hadi forces in At Tuwal, Ramdah and Al Hathirah areas of Jizan governorate. No casualties were reported.",0,2018-Q1
2018-03-28,2018,Explosions/Remote violence,Shelling/artillery/missile attack,Military Forces of Yemen (2017-) Houthi,Military Forces of Saudi Arabia (2015-),Saudi Arabia,Jizan,"Pro-Houthi forces fired artillery at Saudi and Yemeni pro-Hadi forces in At Tuwal, Ramdah and Al Hathirah areas of Jizan governorate. No casualties were reported.",0,2018-Q1
2018-03-28,2018,Explosions/Remote violence,Shelling/artillery/missile attack,Military Forces of Yemen (2017-) Houthi,Military Forces of Saudi Arabia (2015-),Saudi Arabia,Najran,"Pro-Houthi forces fired artillery at Saudi positions and pro-Hadi forces in Al Makhruq, Sudais, Al Qiyadah and Ash Shabakah areas of Najran governorate. No casualties were reported.",0,2018-Q1
2018-03-29,2018,Battles,Armed clash,Military Forces of Yemen (2017-) Houthi,Military Forces of Saudi Arabia (2015-),Saudi Arabia,Jizan,Pro-Houthi Al-Masirah TV announced that Houthi fighters had shot dead 8 Saudi soldiers in al-Khob area of Jizan governorate.,8,2018-Q1
2018-03-29,2018,Battles,Armed clash,Military Forces of Yemen (2017-) Houthi,Military Forces of Saudi Arabia (2015-),Saudi Arabia,Najran,Pro-Houthi al-Masirah TV announced that Houthi fighters shot dead a single Saudi soldier in Shurfah area of Najran.,1,2018-Q1
2018-03-31,2018,Explosions/Remote violence,Shelling/artillery/missile attack,Military Forces of Yemen (2017-) Houthi,Military Forces of Saudi Arabia (2015-),Saudi Arabia,Jizan,"Pro-Houthi forces fired rockets and artillery at Saudi and Yemeni pro-Hadi forces in Abu Madh military site and Al Rahah village in Jizan governorate. Al Jazeera and Press TV reported that 5 Saudi soldiers were killed by Houthi forces in Najran, Asir, and Jizan in Saudi Arabia on 31 March 2018. 1 fatality coded in Najran, 2 in Jizan and 2 in Asir.",1,2018-Q1
2018-03-31,2018,Explosions/Remote violence,Shelling/artillery/missile attack,Military Forces of Yemen (2017-) Houthi,Military Forces of Saudi Arabia (2015-),Saudi Arabia,Jizan,"Pro-Houthi forces fired rockets and artillery at Saudi and Yemeni pro-Hadi forces in Abu Madh military site and Al Rahah village in Jizan governorate. Al Jazeera and Press TV reported that 5 Saudi soldiers were killed by Houthi forces in Najran, Asir, and Jizan in Saudi Arabia on 31 March 2018. 1 fatality coded in Najran, 2 in Jizan and 2 in Asir.",1,2018-Q1
2018-03-31,2018,Explosions/Remote violence,Shelling/artillery/missile attack,Military Forces of Yemen (2017-) Houthi,Civilians (India),Saudi Arabia,Najran,"On 31 March 2018, fragments from 1 Houthi ballistic missile that was intercepted by Saudi air defense forces fell in Najran city (Najran) and injured 1 Indian national.",0,2018-Q1
2018-03-31,2018,Explosions/Remote violence,Shelling/artillery/missile attack,Military Forces of Yemen (2017-) Houthi,Military Forces of Saudi Arabia (2015-),Saudi Arabia,Najran,"Pro-Houthi forces claim to have fired artillery shells at Saudi military posts in al- Sudais , Silah , al- Boqa camp ,Talaa Rejla and the west of the al- Makhrooq in Najran.",0,2018-Q1
2018-03-31,2018,Explosions/Remote violence,Shelling/artillery/missile attack,Military Forces of Yemen (2017-) Houthi,Military Forces of Saudi Arabia (2015-),Saudi Arabia,Najran,"Pro-Houthi forces claim to have fired artillery shells at Saudi military posts in al- Sudais , Silah , al- Boqa camp , Talaa Rejla and the west of the al- Makhrooq in Najran.",0,2018-Q1
2018-04-02,2018,Explosions/Remote violence,Shelling/artillery/missile attack,Military Forces of Yemen (2017-) Houthi,Military Forces of Saudi Arabia (2015-),Saudi Arabia,Asir,Pro-Houthi forces claimed to have launched a ballistic missile at Saudi Camp Al Jarbah in the southern area of Asir governorate. No casualties were reported.,0,2018-Q2
2018-04-01,2018,Explosions/Remote violence,Shelling/artillery/missile attack,Military Forces of Yemen (2017-) Houthi,Military Forces of Yemen (2012-2022) Hadi,Saudi Arabia,Najran,Pro-Houthi forces fired artillery at pro-Hadi forces and allied militias in Al Khadra area of Najran governorate. No casualties were reported.,0,2018-Q2
2018-04-01,2018,Battles,Armed clash,Military Forces of Yemen (2017-) Houthi,Military Forces of Saudi Arabia (2015-),Saudi Arabia,Najran,Pro-Houthi forces reportedly attacked Saudi military forces in Nahuqah area of Najran governorate. No casualties were reported.,0,2018-Q2
2018-04-05,2018,Explosions/Remote violence,Shelling/artillery/missile attack,Military Forces of Yemen (2017-) Houthi,Military Forces of Saudi Arabia (2015-),Saudi Arabia,Jizan,Pro-Houthi forces fired artillery at Saudi soldiers east of Juhfan site in Jizan governorate. No casualties were reported but two military vehicles were allegedly destroyed.,0,2018-Q2
2018-04-05,2018,Explosions/Remote violence,Shelling/artillery/missile attack,Military Forces of Yemen (2017-) Houthi,Military Forces of Saudi Arabia (2015-),Saudi Arabia,Najran,Pro-Houthi forces fired artillery and missiles at Saudi and Yemeni pro-Hadi forces and allied militias in Ash Shurfah area of Najran governorate. No casualties were reported.,0,2018-Q2
2018-04-06,2018,Explosions/Remote violence,Shelling/artillery/missile attack,Military Forces of Yemen (2017-) Houthi,Military Forces of Saudi Arabia (2015-),Saudi Arabia,Jizan,Pro-Houthi forces fired artillery at Saudi military barracks in Jabal Qays and the Mahawlah centre in Jizan governorate. No casualties were reported.,0,2018-Q2
2018-04-06,2018,Explosions/Remote violence,Shelling/artillery/missile attack,Military Forces of Yemen (2017-) Houthi,Military Forces of Saudi Arabia (2015-),Saudi Arabia,Jizan,Pro-Houthi forces fired artillery at Saudi soldiers in As Suda area of Al Khobh in Jizan governorate. No casualties were reported.,0,2018-Q2
2018-04-07,2018,Battles,Armed clash,Military Forces of Yemen (2017-) Houthi,Military Forces of Saudi Arabia (2015-),Saudi Arabia,Jizan,Pro-Houthi sniper units reportedly killed 5 Saudi soldiers in Al Khazan and Al Hamra hills of Quwah village in Jizan governorate.,5,2018-Q2
2018-04-07,2018,Explosions/Remote violence,Shelling/artillery/missile attack,Military Forces of Yemen (2017-) Houthi,Military Forces of Saudi Arabia (2015-),Saudi Arabia,Jizan,"Pro-Houthi forces claim to have shelled Saudi soldiers in multiple areas in Jizan, including Saleh site, Al mu'askr (camp), and the al Khadra border crossing point in Najran. Injuries were mentioned by the source but fatalities were not specified.",0,2018-Q2
2018-04-07,2018,Explosions/Remote violence,Shelling/artillery/missile attack,Military Forces of Yemen (2017-) Houthi,Military Forces of Saudi Arabia (2015-),Saudi Arabia,Jizan,Pro-Houthi forces fired two missiles at Saudi positions in Al Ma'atan military camp in Jizan governorate. No casualties were reported.,0,2018-Q2
2018-04-07,2018,Explosions/Remote violence,Shelling/artillery/missile attack,Military Forces of Yemen (2017-) Houthi,Military Forces of Saudi Arabia (2015-),Saudi Arabia,Jizan,Pro-Houthi forces fired artillery at Saudi and Yemeni anti-Houthi fighters in At Tuwal and Ramdah areas of Jizan governorate. No casualties were reported.,0,2018-Q2
2018-04-07,2018,Explosions/Remote violence,Shelling/artillery/missile attack,Military Forces of Yemen (2017-) Houthi,Military Forces of Saudi Arabia (2015-),Saudi Arabia,Najran,Pro-Houthi forces shelled Saudi positions in site Silah and in Al Khadra border crossing in Najran governorate. Soldiers were reported injured.,0,2018-Q2
2018-04-07,2018,Explosions/Remote violence,Shelling/artillery/missile attack,Military Forces of Yemen (2017-) Houthi,Military Forces of Saudi Arabia (2015-),Saudi Arabia,Najran,Pro-Houthi forces fired rockets and artillery at Saudi positions in As Sudays and Nahuqah areas of Najran governorate. Soldiers were reported injured.,0,2018-Q2
2018-04-08,2018,Explosions/Remote violence,Shelling/artillery/missile attack,Military Forces of Yemen (2017-) Houthi,Military Forces of Saudi Arabia (2015-),Saudi Arabia,Jizan,"In Jizan, Missile teams loyal to the Houthi movement targeted Saudi soldiers with missiles north of Hamidha village, near al Amud site, Shabaka, and al Mantaqa site. No info on casualties.",0,2018-Q2
2018-04-09,2018,Explosions/Remote violence,Shelling/artillery/missile attack,Military Forces of Yemen (2017-) Houthi,Military Forces of Saudi Arabia (2015-),Saudi Arabia,Jizan,"Pro-Houthi forces claim to have fired a ballistic missile at Saudi and Sudanese soldiers south of Al Mawsum area in Jizan, causing injuries and damages to equipment. No fatalities were specified.",0,2018-Q2
2018-04-09,2018,Explosions/Remote violence,Shelling/artillery/missile attack,Military Forces of Yemen (2017-) Houthi,Military Forces of Saudi Arabia (2015-),Saudi Arabia,Najran,Al Jazeera reported the launching of a ballistic missile toward the Nahuqa area of Najran city on 10 April 2018. No info on casualties. Pro-Houthi forces later announced that they had fired the missile at Saudi soldiers and Yemeni pro-Hadi fighters in the area and that the strike of the Zilzal-2 missile took place on April 9.,0,2018-Q2
2018-04-12,2018,Battles,Armed clash,Military Forces of Yemen (2017-) Houthi,Military Forces of Saudi Arabia (2015-),Saudi Arabia,Jizan,A single Saudi soldier was shot dead by Houthi fighters in al-Khobh.,1,2018-Q2
2018-04-05,2018,Explosions/Remote violence,Shelling/artillery/missile attack,Military Forces of Yemen (2017-) Houthi,Military Forces of Saudi Arabia (2015-),Saudi Arabia,Jizan,Pro-Houthi forces fired artillery at Saudi soldiers in Ghawiyah area of Jizan governorate. Unknown reported fatalities coded as 10. A weapon store and a military vehicle were also reported destroyed.,10,2018-Q2
2018-04-07,2018,Explosions/Remote violence,Shelling/artillery/missile attack,Military Forces of Yemen (2017-) Houthi,Military Forces of Saudi Arabia (2015-),Saudi Arabia,Jizan,Pro-Houthi forces fired a guided missile at Saudi positions in Al Khobh area of Jizan governorate. Soldiers were reported killed as the missile struck their vehicle. Unknown fatalities coded as 10.,10,2018-Q2
2018-04-12,2018,Explosions/Remote violence,Shelling/artillery/missile attack,Military Forces of Yemen (2017-) Houthi,Military Forces of Yemen (2012-2022) Hadi,Saudi Arabia,Najran,Pro-Houthi forces fired artillery at pro-Hadi forces in Al Khadra border crossing of Najran governorate and in Al Buqa' desert area off the crossing. Soldiers were reported injured.,0,2018-Q2
2018-04-13,2018,Explosions/Remote violence,Shelling/artillery/missile attack,Military Forces of Yemen (2017-) Houthi,Military Forces of Saudi Arabia (2015-),Saudi Arabia,Jizan,Pro-Houthi forces reportedly destroyed two Saudi forces vehicles in Al Mijazi area of Jizan governorate at the border with Yemen. No casualties were reported.,0,2018-Q2
2018-04-14,2018,Battles,Non-state actor overtakes territory,Military Forces of Yemen (2017-) Houthi,Military Forces of Saudi Arabia (2015-),Saudi Arabia,Najran,Pro-Houthi forces reportedly took control of Ash Shabakah site in Najran governorate in an offensive against Saudi and pro-Hadi forces which included air bombardment. Saudi and pro-Hadi forces were reported killed - including 1 Saudi soldier in sniper fire. Unknown fatalities coded as 10.,10,2018-Q2
2018-04-15,2018,Battles,Non-state actor overtakes territory,Military Forces of Yemen (2017-) Houthi,Military Forces of Saudi Arabia (2015-),Saudi Arabia,Najran,"Pro-Houthi forces claim to have gained control over the al Akhlaq site in Shabakah, Najran, killing an unspecified number of Saudi soldiers and seizing military equipment as part of the battle. Saudi warplanes shelled the area. Unknown fatalities coded as 10.",10,2018-Q2
2018-04-15,2018,Explosions/Remote violence,Shelling/artillery/missile attack,Military Forces of Yemen (2017-) Houthi,Military Forces of Saudi Arabia (2015-),Saudi Arabia,Najran,Pro-Houthi artillery and missile teams shelled Saudi soldiers and affiliates in Al-Sudays and al-Shurfah sites. No injuries were reported.,0,2018-Q2
2018-04-15,2018,Explosions/Remote violence,Air/drone strike,Military Forces of Saudi Arabia (2015-),Military Forces of Yemen (2017-) Houthi,Saudi Arabia,Jizan,Two Saudi airstrikes hit Houthi sites near Qais mountain in Jizan as pro-Houthi forces were firing artillery at Saudi soldiers in the area. No casualties were reported.,0,2018-Q2
2018-04-17,2018,Explosions/Remote violence,Shelling/artillery/missile attack,Military Forces of Yemen (2017-) Houthi,Military Forces of Saudi Arabia (2015-),Saudi Arabia,Jizan,"In Jizan, pro-Houthi forces claim to have shelled Saudi soldiers in Abu Madh, Namshih and a number of watch towers in Juhfan area. No injuries were reported.",0,2018-Q2
2018-04-19,2018,Explosions/Remote violence,Shelling/artillery/missile attack,Military Forces of Yemen (2017-) Houthi,Military Forces of Saudi Arabia (2015-),Saudi Arabia,Najran,"In Najran, pro-Houthi forces claim to have shelled Saudi sites in Shurfah, Makhruq, Mustadath, And Sudays. No info on injuries.",0,2018-Q2
2018-04-19,2018,Explosions/Remote violence,Shelling/artillery/missile attack,Military Forces of Yemen (2017-) Houthi,Military Forces of Saudi Arabia (2015-),Saudi Arabia,Najran,"In Najran, pro-Houthi forces claim to have shelled Saudi sites in Shurfah, Makhruq, Mustadath and Sudays. No info on injuries.",0,2018-Q2
2018-01-02,2018,Battles,Armed clash,Military Forces of Yemen (2017-) Houthi,Military Forces of Saudi Arabia (2015-),Saudi Arabia,Jizan,"Snipers of the pro-Houthi movement claim to have killed 4 Saudi soldiers on the 1st of January, in the sites of Moanq in Al Khobh, al-Kirs and al-Shabakah in Jizan and al-Sabahtel in Asir. Fatalities spread throughout 4 locations.",1,2018-Q1
2018-04-16,2018,Explosions/Remote violence,Shelling/artillery/missile attack,Military Forces of Yemen (2017-) Houthi,Military Forces of Saudi Arabia (2015-),Saudi Arabia,Jizan,"Pro-Houthi forces fired artillery and rockets at Saudi and pro-Hadi forces in Jahaf, Juhfan, Jilah centre located in Al Harth, Khushel, Malhama and Dahyan centre in Jizan governorate. Unknown reported fatalities coded as 10 and split across five locations.",2,2018-Q2
2018-04-16,2018,Explosions/Remote violence,Shelling/artillery/missile attack,Military Forces of Yemen (2017-) Houthi,Military Forces of Saudi Arabia (2015-),Saudi Arabia,Jizan,"Pro-Houthi forces fired artillery and rockets at Saudi and pro-Hadi forces in Jahaf, Juhfan, Jilah centre located in Al Harth, Khushel, Malhama and Dahyan centre in Jizan governorate. Unknown reported fatalities coded as 10 and split across five locations.",2,2018-Q2
2018-04-16,2018,Explosions/Remote violence,Shelling/artillery/missile attack,Military Forces of Yemen (2017-) Houthi,Military Forces of Saudi Arabia (2015-),Saudi Arabia,Jizan,"Pro-Houthi forces fired artillery and rockets at Saudi and pro-Hadi forces in Jahaf, Juhfan, Jilah centre located in Al Harth, Khushel, Malhama and Dahyan centre in Jizan governorate. Unknown reported fatalities coded as 10 and split across five locations.",2,2018-Q2
2018-04-16,2018,Explosions/Remote violence,Shelling/artillery/missile attack,Military Forces of Yemen (2017-) Houthi,Military Forces of Yemen (2012-2022) Hadi,Saudi Arabia,Najran,Pro-Houthi forces reportedly fired a Zilzal 2 ballistic missile at pro-Hadi forces and allied militias in 'Al Buqa' desert area off Al Khadra border crossing in Najran governorate. The area was also shelled with rockets and artillery. No casualties were reported.,0,2018-Q2
2018-04-16,2018,Explosions/Remote violence,Shelling/artillery/missile attack,Military Forces of Yemen (2017-) Houthi,Military Forces of Saudi Arabia (2015-),Saudi Arabia,Najran,"Pro-Houthi forces fired artillery at Saudi positions in Shurfah, Al Makhruq, Al Kabir, Ash Shabakah, 'Alib, Silah areas of Najran governorate and in Al Ajashir desert. Soldiers were reported killed in Silah and Al Ajashir. Unknown fatalities coded as 10 and split across two locations at governorate level and in Al Ajashir.",0,2018-Q2
2018-04-16,2018,Explosions/Remote violence,Shelling/artillery/missile attack,Military Forces of Yemen (2017-) Houthi,Military Forces of Saudi Arabia (2015-),Saudi Arabia,Najran,"Pro-Houthi forces fired artillery at Saudi positions in Shurfah, Al Makhruq, Al Kabir, Ash Shabakah, 'Alib, Silah areas of Najran governorate and in Al Ajashir desert. Soldiers were reported killed in Silah and Al Ajashir. Unknown fatalities coded as 10 and split across two locations at governorate level and in Al Ajashir.",0,2018-Q2
2018-04-17,2018,Explosions/Remote violence,Shelling/artillery/missile attack,Military Forces of Yemen (2017-) Houthi,Military Forces of Saudi Arabia (2015-),Saudi Arabia,Jizan,"In Jizan, pro-Houthi forces claim to have shelled Saudi soldiers in Abu Madh, Namshih and a number of watch towers in Juhfan area. No injuries were reported.",0,2018-Q2
2018-04-19,2018,Explosions/Remote violence,Shelling/artillery/missile attack,Military Forces of Yemen (2017-) Houthi,Military Forces of Saudi Arabia (2015-),Saudi Arabia,Jizan,"Pro-Houthi forces fired artillery at Saudi and pro-Hadi forces in a number of locations in Jizan governorate - including north of Al Khobh, near Al Amud, in Ad Dahrah, Ghawiyah, Qulal al Arj, Ash Shabakah, Al Mustadath and Al Jirahi. Fighters were reported injured.",0,2018-Q2
2018-04-19,2018,Explosions/Remote violence,Shelling/artillery/missile attack,Military Forces of Yemen (2017-) Houthi,Military Forces of Saudi Arabia (2015-),Saudi Arabia,Jizan,"Pro-Houthi forces fired artillery at Saudi and pro-Hadi forces in a number of locations in Jizan governorate - including north of Al Khobh, near Al Amud, in Ad Dahrah, Ghawiyah, Qulal al Arj, Ash Shabakah, Al Mustadath and Al Jirahi. Fighters were reported injured.",0,2018-Q2
2018-04-20,2018,Explosions/Remote violence,Shelling/artillery/missile attack,Military Forces of Yemen (2017-) Houthi,Military Forces of Saudi Arabia (2015-),Saudi Arabia,Jizan,Pro-Houthi forces fired artillery at Saudi positions in As Suda site located in Al Khobh area and in Malhamah area of Jizan governorate. No casualties were reported.,0,2018-Q2
2018-04-20,2018,Explosions/Remote violence,Shelling/artillery/missile attack,Military Forces of Yemen (2017-) Houthi,Military Forces of Saudi Arabia (2015-),Saudi Arabia,Najran,Pro-Houthi forces fired rockets at a military camp in Akifah area of Najran governorate. No casualties were reported.,0,2018-Q2
2018-04-20,2018,Explosions/Remote violence,Shelling/artillery/missile attack,Military Forces of Yemen (2017-) Houthi,Military Forces of Saudi Arabia (2015-),Saudi Arabia,Najran,A Saudi military vehicle was reportedly destroyed by a pro-Houthi guided missile in Mustahdath area of Najran governorate. No casualties were reported.,0,2018-Q2
2018-04-25,2018,Explosions/Remote violence,Shelling/artillery/missile attack,Military Forces of Yemen (2017-) Houthi,Civilians (Saudi Arabia),Saudi Arabia,Najran,"A Houthi-fired projectile landed in a residential area of Najran city, wounding a woman.",0,2018-Q2
2018-04-27,2018,Explosions/Remote violence,Shelling/artillery/missile attack,Military Forces of Yemen (2017-) Houthi,Civilians (Saudi Arabia),Saudi Arabia,Jizan,"The Saudi air defense has intercepted a Houthi ballistic missile fired at the city of Jizan on Friday, 27 April 2018. Fragments from the missile reportedly killed a civilian in the area of Samitah of Jizan.",1,2018-Q2
2018-04-22,2018,Explosions/Remote violence,Shelling/artillery/missile attack,Military Forces of Yemen (2017-) Houthi,Military Forces of Saudi Arabia (2015-),Saudi Arabia,Jizan,"Pro-Houthi forces fired artillery and rockets at Saudi and Saudi-affiliated forces in Abu Madh military camp, Juhfan and Al Watadah village in Jizan governorate. No casualties were reported.",0,2018-Q2
2018-04-22,2018,Explosions/Remote violence,Shelling/artillery/missile attack,Military Forces of Yemen (2017-) Houthi,Military Forces of Saudi Arabia (2015-),Saudi Arabia,Jizan,"Pro-Houthi forces fired artillery and rockets at Saudi and Saudi-affiliated forces in Abu Madh military camp, Juhfan and Al Watadah village in Jizan governorate. No casualties were reported.",0,2018-Q2
2018-04-24,2018,Explosions/Remote violence,Shelling/artillery/missile attack,Military Forces of Yemen (2017-) Houthi,Military Forces of Saudi Arabia (2015-),Saudi Arabia,Najran,"Pro-Houthi forces fired artillery at Saudi forces in Najran governorate - in Al Qiyadah, the customs of Al Kadra border crossing, and in Al Buqa' desert area off Al Khadra. No casualties were reported.",0,2018-Q2
2018-04-24,2018,Explosions/Remote violence,Shelling/artillery/missile attack,Military Forces of Yemen (2017-) Houthi,Military Forces of Saudi Arabia (2015-),Saudi Arabia,Jizan,Pro-Houthi forces fired a missile at a Saudi military vehicle in Al Khobh area of Jizan governorate. No casualties were reported but the vehicle was allegedly destroyed.,0,2018-Q2
2018-04-27,2018,Explosions/Remote violence,Shelling/artillery/missile attack,Military Forces of Yemen (2017-) Houthi,Unidentified Military Forces,Saudi Arabia,Jizan,Pro-Houthi forces claim they fired artillery at Saudi-affiliated soldiers near At Tuwal border area and in Ramdah area in Jizan governorate. No casualties were reported.,0,2018-Q2
2018-04-27,2018,Battles,Armed clash,Military Forces of Yemen (2017-) Houthi,Military Forces of Saudi Arabia (2015-),Saudi Arabia,Najran,Pro-Houthi forces claim they attacked Saudi and Saudi-affiliated soldiers in Al Tala'ah and Al Shurfah sites in Najran governorate. Artillery fire was also reported in Al Shurfah. No casualties were reported.,0,2018-Q2
2018-04-28,2018,Explosions/Remote violence,Shelling/artillery/missile attack,Military Forces of Yemen (2017-) Houthi,Military Forces of Saudi Arabia (2015-),Saudi Arabia,Najran,Pro-Houthi forces claim they fired a Zilzal 2 ballistic missile at Saudi forces in Al Makhruq area of Yadamah governorate. No casualties were reported.,0,2018-Q2
2018-01-05,2018,Explosions/Remote violence,Shelling/artillery/missile attack,Military Forces of Yemen (2017-) Houthi,Military Forces of Saudi Arabia (2015-),Saudi Arabia,Najran,"Pro-Houthi fighters reportedly shelled Saudi soldiers and affiliated soldiers in al-Khadra border site in Najran, as well as Nahuqa, Najran. No injuries were reported.",0,2018-Q1
2018-01-05,2018,Explosions/Remote violence,Shelling/artillery/missile attack,Military Forces of Yemen (2017-) Houthi,Military Forces of Saudi Arabia (2015-),Saudi Arabia,Najran,"Pro-Houthi fighters reportedly shelled Saudi soldiers and affiliated soldiers in al-Khadra border site in Najran, as well as Nahuqa, Najran. No injuries were reported.",0,2018-Q1
2018-01-05,2018,Explosions/Remote violence,Remote explosive/landmine/IED,Military Forces of Yemen (2017-) Houthi,Military Forces of Saudi Arabia (2015-),Saudi Arabia,Najran,"A Saudi military vehicle was reportedly destroyed in Dhabaa area of Najran, killing those aboard. Unknown fatalities coded as 10. Previous events using similar language suggest the use of a remotely triggered IED.",10,2018-Q1
2018-03-05,2018,Battles,Armed clash,Military Forces of Yemen (2017-) Houthi,Military Forces of Saudi Arabia (2015-),Saudi Arabia,Najran,"Three Saudi soldiers were reportedly killed in Sudays and Shabaka, Najran on the 3 May, 2018 after being shot dead by Houthi militias. Fatalities split across two locations.",1,2018-Q1
2018-03-05,2018,Explosions/Remote violence,Shelling/artillery/missile attack,Military Forces of Yemen (2017-) Houthi,Military Forces of Saudi Arabia (2015-),Saudi Arabia,Najran,Pro-Houthi fighters reportedly fired rockets at Saudi soldiers in Khadra area of Najran. No further informations.,0,2018-Q1
2018-03-05,2018,Explosions/Remote violence,Shelling/artillery/missile attack,Military Forces of Yemen (2017-) Houthi,Military Forces of Saudi Arabia (2015-),Saudi Arabia,Jizan,"Houthi rocketry crews reportedly fired a series of Katyusha rockets at Pro-Houthi troops in Mawsim site, the Tiwal crossing area, and Hathira. No further information",0,2018-Q1
2018-03-05,2018,Explosions/Remote violence,Shelling/artillery/missile attack,Military Forces of Yemen (2017-) Houthi,Military Forces of Saudi Arabia (2015-),Saudi Arabia,Jizan,"Houthi rocketry crews reportedly fired a series of Katyusha rockets at Pro-Houthi troops in Mawsim site, the Tiwal crossing area, and Hathira. No further information",0,2018-Q1
2018-04-30,2018,Explosions/Remote violence,Shelling/artillery/missile attack,Military Forces of Yemen (2017-) Houthi,Unidentified Military Forces,Saudi Arabia,Jizan,Pro-Houthi forces claim to have fired artillery at Saudi-affiliated soldiers in At Tuwal border area and Al Hathirah in Jizan governorate. No casualties were reported.,0,2018-Q2
2018-04-30,2018,Explosions/Remote violence,Shelling/artillery/missile attack,Military Forces of Yemen (2017-) Houthi,Military Forces of Saudi Arabia (2015-),Saudi Arabia,Najran,Pro-Houthi forces claim to have fired artillery at the Saudi military site of Nahuqah in Najran governorate. No casualties were reported.,0,2018-Q2
2018-05-02,2018,Explosions/Remote violence,Shelling/artillery/missile attack,Military Forces of Yemen (2017-) Houthi,Military Forces of Saudi Arabia (2015-),Saudi Arabia,Jizan,"Pro-Houthi forces claim to have fired rockets and artillery at Saudi and Saudi-affiliated soldiers (unidentified in the source) in Al Muwassam, At Tuwal border area and Al Hathirah in Jizan governorate. No casualties were reported.",0,2018-Q2
2018-05-02,2018,Explosions/Remote violence,Shelling/artillery/missile attack,Military Forces of Yemen (2017-) Houthi,Military Forces of Saudi Arabia (2015-),Saudi Arabia,Jizan,"Pro-Houthi forces claim to have fired rockets and artillery at Saudi and Saudi-affiliated soldiers (unidentified in the source) in Al Muwassam, At Tuwal border area and Al Hathirah in Jizan governorate. No casualties were reported.",0,2018-Q2
2018-05-02,2018,Explosions/Remote violence,Shelling/artillery/missile attack,Military Forces of Yemen (2017-) Houthi,Unidentified Military Forces,Saudi Arabia,Najran,Pro-Houthi forces claim to have fired rockets at Saudi-affiliated forces (unidentified in the source) in Al Khadra border crossing and in Al Buqa' desert area off Al Khadra in Najran governorate. No casualties were reported.,0,2018-Q2
2018-05-04,2018,Explosions/Remote violence,Shelling/artillery/missile attack,Military Forces of Yemen (2017-) Houthi,Military Forces of Saudi Arabia (2015-),Saudi Arabia,Jizan,"Pro-Houthi forces claim to have fired artillery at Saudi and Saudi-affiliated forces in Walan compound, Al Madhaf and Al Muhatam sites, and in Al Mizaab camp in Jizan governorate. No casualties were reported.",0,2018-Q2
2018-05-04,2018,Explosions/Remote violence,Shelling/artillery/missile attack,Military Forces of Yemen (2017-) Houthi,Military Forces of Saudi Arabia (2015-),Saudi Arabia,Jizan,"Pro-Houthi forces claim to have fired artillery at Saudi and Saudi-affiliated forces in Walan compound, Al Madhaf and Al Muhatam sites, and in Al Mizaab camp in Jizan governorate. No casualties were reported.",0,2018-Q2
2018-05-05,2018,Explosions/Remote violence,Shelling/artillery/missile attack,Military Forces of Yemen (2017-) Houthi,Military Forces of Saudi Arabia (2015-),Saudi Arabia,Asir,Pro-Houthi forces claim to have fired a Zilzal-2 ballistic missile at Saudi and Saudi-affiliated soldiers in Ath Thawrayn military camp in Asir governorate. No casualties were reported.,0,2018-Q2
2018-05-05,2018,Explosions/Remote violence,Shelling/artillery/missile attack,Military Forces of Yemen (2017-) Houthi,Military Forces of Saudi Arabia (2015-),Saudi Arabia,Najran,Pro-Houthi forces claim to have fired missiles and artillery at enemy buildings in Silah site of Najran governorate and in the customs of Al Khadra border crossing. No casualties were reported.,0,2018-Q2
2018-05-06,2018,Explosions/Remote violence,Shelling/artillery/missile attack,Military Forces of Yemen (2017-) Houthi,Militia (Pro-Government),Saudi Arabia,Asir,Al-Houthi forces reportedly fired missiles and artillery shells at Saudi-affiliated militias in the Sud hills in the Zahran al-Janub district of Asir. No info on injuries or fatalities. Report issued in English on 6 May 2018.,0,2018-Q2
2018-05-06,2018,Explosions/Remote violence,Shelling/artillery/missile attack,Military Forces of Yemen (2017-) Houthi,Military Forces of Saudi Arabia (2015-),Saudi Arabia,Jizan,"In Jizan, pro-Houthi forces fired artillery shells and missiles at Saudi soldiers in the Kubah area. No info on casualties.",0,2018-Q2
2018-05-06,2018,Battles,Armed clash,Military Forces of Yemen (2017-) Houthi,Military Forces of Saudi Arabia (2015-),Saudi Arabia,Najran,"Pro-Houthi fighters claim to have repulsed an attempted offensive mounted by Saudi soldiers and allied soldiers on Shurfa site in Najran. According to the source, 'dozens' were killed and wounded. Fatalities coded as half.",6,2018-Q2
2018-05-08,2018,Explosions/Remote violence,Shelling/artillery/missile attack,Military Forces of Yemen (2017-) Houthi,Military Forces of Saudi Arabia (2015-),Saudi Arabia,Jizan,"Pro-Houthi fighters reportedly fired artillery at Saudi and Saudi-affiliated forces (unidentified in the source) in Jahfan area of Jizan. According to the source, shelling hit fortifications in Himait Qaz camp and Abu Madh camp. Additional shells hit Bayt Al-Abyadh south of Al Mubakharah area and Masfaq. No injuries or fatalities were mentioned.",0,2018-Q2
2018-05-08,2018,Explosions/Remote violence,Shelling/artillery/missile attack,Military Forces of Yemen (2017-) Houthi,Military Forces of Saudi Arabia (2015-),Saudi Arabia,Jizan,"Pro-Houthi fighters reportedly fired artillery at Saudi and Saudi-affiliated forces (unidentified in the source) in Jahfan area of Jizan. According to the source, shelling hit fortifications in Himait Qaz camp and Abu Madh camp. Additional shells hit Bayt Al-Abyadh south of Al Mubakharah area and Masfaq. No injuries or fatalities were mentioned.",0,2018-Q2
2018-05-10,2018,Explosions/Remote violence,Shelling/artillery/missile attack,Military Forces of Yemen (2017-) Houthi,Militia (Pro-Government),Saudi Arabia,Asir,Artillery shells fired by Houthi forces reportedly struck positions occupied by Saudi-affiliated soldiers in the black hills near Alb border crossing area (Zahran area).,0,2018-Q2
2018-05-09,2018,Explosions/Remote violence,Shelling/artillery/missile attack,Military Forces of Yemen (2017-) Houthi,Military Forces of Saudi Arabia (2015-),Saudi Arabia,Jizan,Two Saudi Abrams tanks were reportedly destroyed by Houthi-fired guided missiles in Sharqan and Rumih sites in Jizan. No casualties were reported in Rumayh.,0,2018-Q2
2018-05-10,2018,Explosions/Remote violence,Shelling/artillery/missile attack,Military Forces of Yemen (2017-) Houthi,Military Forces of Saudi Arabia (2015-),Saudi Arabia,Jizan,"In Jizan, Houthi forces fired artillery shells at Saudi soldiers in Khobh, Duhrah, BVC, and Qays. No info on casualties. Report issued in English on the 10 May 2018.",0,2018-Q2
2018-05-10,2018,Explosions/Remote violence,Shelling/artillery/missile attack,Military Forces of Yemen (2017-) Houthi,Military Forces of Saudi Arabia (2015-),Saudi Arabia,Jizan,"In Jizan, Houthi forces fired artillery shells at Saudi soldiers in Khobh, Duhrah, BVC, and Qays. No info on casualties. Report issued in English on the 10 May 2018.",0,2018-Q2
2018-05-09,2018,Explosions/Remote violence,Shelling/artillery/missile attack,Military Forces of Yemen (2017-) Houthi,Military Forces of Saudi Arabia (2015-),Saudi Arabia,Jizan,Two Saudi Abrams tanks were reportedly destroyed by Houthi-fired guided missiles in Sharqan and Rumih sites in Jizan. The crew of the tank was reported killed in Sharqat. Unknown fatalities coded as 10.,0,2018-Q2
2018-05-07,2018,Explosions/Remote violence,Shelling/artillery/missile attack,Military Forces of Yemen (2017-) Houthi,Military Forces of Saudi Arabia (2015-),Saudi Arabia,Jizan,"Pro-Houthi forces claim to have fired artillery at Saudi and Saudi-affiliated soldiers in At Tuwal border area, and Al Mustahdath and Numayr in Jizan governorate. No casualties were reported.",0,2018-Q2
2018-05-08,2018,Explosions/Remote violence,Shelling/artillery/missile attack,Military Forces of Yemen (2017-) Houthi,Military Forces of Saudi Arabia (2015-),Saudi Arabia,Jizan,"Pro-Houthi fighters reportedly fired artillery at Saudi and Saudi-affiliated forces (unidentified in the source) in Jahfan area of Jizan. According to the source, shelling hit fortifications in Himait Qaz camp and Abu Madh camp. Additional shells hit Bayt Al-Abyadh south of Al Mubakharah area and Masfaq. No injuries or fatalities were mentioned.",0,2018-Q2
2018-05-11,2018,Explosions/Remote violence,Shelling/artillery/missile attack,Military Forces of Yemen (2017-) Houthi,Military Forces of Saudi Arabia (2015-),Saudi Arabia,Jizan,"Pro-Houthi forces claim to have fired artillery at Saudi and Saudi-affiliated (unidentified in the source) positions in Juhfan mountain area, Al Mahanish, and Al Ayn al Harah in Jizan governorate. No casualties were reported.",0,2018-Q2
2018-05-11,2018,Explosions/Remote violence,Shelling/artillery/missile attack,Military Forces of Yemen (2017-) Houthi,Military Forces of Saudi Arabia (2015-),Saudi Arabia,Jizan,"Pro-Houthi forces claim to have fired artillery at Saudi and Saudi-affiliated (unidentified in the source) positions in Juhfan mountain area, Al Mahanish, and Al Ayn al Harah in Jizan governorate. No casualties were reported.",0,2018-Q2
2018-05-11,2018,Explosions/Remote violence,Shelling/artillery/missile attack,Military Forces of Yemen (2017-) Houthi,Military Forces of Saudi Arabia (2015-),Saudi Arabia,Jizan,"Pro-Houthi forces claim to have shelled positions of the Saudi army in Jadhie Numayr, Ash Sheikh hills and MBC hills in Jizan governorate. No casualties were reported.",0,2018-Q2
2018-05-11,2018,Explosions/Remote violence,Shelling/artillery/missile attack,Military Forces of Yemen (2017-) Houthi,Military Forces of Saudi Arabia (2015-),Saudi Arabia,Jizan,Pro-Houthi forces claim to have fired rockets at Saudi and Saudi-affiliated (unidentified in the source) forces and killed a number of them in Al Marmad area of Jizan governorate. Unknown reported fatalities coded as 10.,10,2018-Q2
2018-05-12,2018,Explosions/Remote violence,Shelling/artillery/missile attack,Military Forces of Yemen (2017-) Houthi,Military Forces of Saudi Arabia (2015-),Saudi Arabia,Jizan,Pro-Houthi forces claim to have fired rockets and artillery at Saudi and Saudi-affiliated soldiers (unidentified in the source) in Al Muwassam and At Tuwal border area in Jizan governorate. No casualties were reported.,0,2018-Q2
2018-05-12,2018,Explosions/Remote violence,Shelling/artillery/missile attack,Military Forces of Yemen (2017-) Houthi,Military Forces of Saudi Arabia (2015-),Saudi Arabia,Jizan,Pro-Houthi forces claim to have fired artillery at Saudi and Saudi-affiliated (unidentified in the source) forces and killed a number of them in Malhamah and Qalah ash Shakhaf area of Jizan governorate. Unknown reported fatalities coded as 10 and split across two locations.,5,2018-Q2
2018-05-13,2018,Explosions/Remote violence,Shelling/artillery/missile attack,Military Forces of Yemen (2017-) Houthi,Military Forces of Saudi Arabia (2015-),Saudi Arabia,Jizan,"In Jizan, pro-Houthi forces claim to have shot missiles at Saudi soldiers in Mawassam and Al Ghawih. No further info.",0,2018-Q2
2018-05-13,2018,Explosions/Remote violence,Shelling/artillery/missile attack,Military Forces of Yemen (2017-) Houthi,Military Forces of Saudi Arabia (2015-),Saudi Arabia,Jizan,"In Jizan, pro-Houthi forces claim to have shot missiles at Saudi soldiers in Mawassam and Al Ghawih. No further info.",0,2018-Q2
2018-05-14,2018,Explosions/Remote violence,Shelling/artillery/missile attack,Military Forces of Yemen (2017-) Houthi,Military Forces of Saudi Arabia (2015-),Saudi Arabia,Najran,"In Najran, pro-Houthi forces reportedly fired rockets and artillery at Saudi troops and affiliated soldiers in Akifah camp and Al Manara site. No injuries or fatalities were reported.",0,2018-Q2
2018-05-15,2018,Explosions/Remote violence,Shelling/artillery/missile attack,Military Forces of Yemen (2017-) Houthi,Military Forces of Saudi Arabia (2015-),Saudi Arabia,Najran,"In Najran, a 14.5 mm gun was reportedly destroyed by a Houthi-fired guided missile into Shurfa area. No fatalities reported.",0,2018-Q2
2018-05-12,2018,Battles,Armed clash,Military Forces of Yemen (2017-) Houthi,Militia (Pro-Government),Saudi Arabia,Jizan,Pro-Houthi forces claim to have thwarted an attack of Saudi-affiliated (unidentified in the source) forces and killed a number of them in Qays mountain area in Jizan governorate. Unknown reported fatalities coded as 10.,10,2018-Q2
2018-05-07,2018,Explosions/Remote violence,Shelling/artillery/missile attack,Military Forces of Yemen (2017-) Houthi,Militia (Pro-Government),Saudi Arabia,Najran,Pro-Houthi forces claim to have fired rockets and artillery at Saudi-affiliated forces (unidentified in the source) in Al Buqa' desert area off Al Khadra border crossing in Najran governorate. 6 fighters were reported killed and 2 injured.,6,2018-Q2
2018-05-14,2018,Explosions/Remote violence,Shelling/artillery/missile attack,Military Forces of Yemen (2017-) Houthi,,Saudi Arabia,Jizan,A Houthi-fired ballistic missile reportedly fell in the desert in Jizan governorate on Monday morning 14 May 2018. No injuries reported. Pro-Houthi outlet forces reported that the missile was targeting the King Faisal air base located in Abu Arish area of Jizan.,0,2018-Q2
2018-05-13,2018,Explosions/Remote violence,Shelling/artillery/missile attack,Military Forces of Yemen (2017-) Houthi,Militia (Pro-Government),Saudi Arabia,Jizan,"In Jizan, pro-Houthi forces claim to have fired artillery shells at groups of Saudi-allied fighters, destroying a bulldozer in Al Huthierah and Al Tawal border crossing point. No injuries or fatalities were mentioned.",0,2018-Q2
2018-05-15,2018,Battles,Armed clash,Military Forces of Yemen (2017-) Houthi,Military Forces of Saudi Arabia (2015-),Saudi Arabia,Najran,Houthi snipers claim to have killed two Saudi soldiers in Najran governorate - one in Shurfah and one west of Sudais area.,1,2018-Q2
2018-05-16,2018,Explosions/Remote violence,Shelling/artillery/missile attack,Military Forces of Yemen (2017-) Houthi,Militia (Pro-Government),Saudi Arabia,Najran,Pro-Houthi forces claim to have fired artillery at Saudi-affiliated forces (unidentified in the source) in Al Buqa' desert area in Najran governorate - located off Al Khadra border crossing. No casualties were reported.,0,2018-Q2
2018-05-18,2018,Explosions/Remote violence,Shelling/artillery/missile attack,Military Forces of Yemen (2017-) Houthi,Military Forces of Saudi Arabia (2015-),Saudi Arabia,Jizan,"Pro-Houthi forces claim to have fired missiles and rockets at Saudi and Saudi-affiliated (unidentified in the source) forces in Malhamah, Qalah ash Shaykh and Al Khobh areas of Jizan governorate. Injuries were reported.",0,2018-Q2
2018-05-18,2018,Explosions/Remote violence,Shelling/artillery/missile attack,Military Forces of Yemen (2017-) Houthi,Military Forces of Saudi Arabia (2015-),Saudi Arabia,Jizan,"Pro-Houthi forces claim to have fired missiles and rockets at Saudi and Saudi-affiliated (unidentified in the source) forces in Malhamah, Qalah ash Shaykh and Al Khobh areas of Jizan governorate. Injuries were reported.",0,2018-Q2
2018-05-18,2018,Battles,Non-state actor overtakes territory,Military Forces of Yemen (2012-2022) Hadi,Military Forces of Yemen (2017-) Houthi,Saudi Arabia,Jizan,"Pro-Hadi forces and allied militias reportedly took control of a number of areas spread across the border between Saudi Arabia and Yemen in the eastern part of Harad district, following clashes with pro-Houthi forces. These include Al Maayin, As Sirdah, Al Majrub, Adh Dhira' mount as well as parts of Abu an Nar mountain. No casualties were reported.",0,2018-Q2
2018-05-18,2018,Battles,Non-state actor overtakes territory,Military Forces of Yemen (2012-2022) Hadi,Military Forces of Yemen (2017-) Houthi,Saudi Arabia,Jizan,"Pro-Hadi forces and allied militias reportedly took control of a number of areas spread across the border between Saudi Arabia and Yemen in the eastern part of Harad district, following clashes with pro-Houthi forces. These include Al Maayin, As Sirdah, Al Majrub, Adh Dhira' mount as well as parts of Abu an Nar mountain. No casualties were reported.",0,2018-Q2
2018-05-20,2018,Explosions/Remote violence,Shelling/artillery/missile attack,Military Forces of Yemen (2017-) Houthi,Military Forces of Saudi Arabia (2015-),Saudi Arabia,Jizan,Pro-Houthi forces claim to have fired missiles and artillery at Saudi forces in Ghawiyah and Qalah ash Shaykh areas of Jizan governorate. No casualties were reported.,0,2018-Q2
2018-05-21,2018,Explosions/Remote violence,Shelling/artillery/missile attack,Military Forces of Yemen (2017-) Houthi,Military Forces of Saudi Arabia (2015-),Saudi Arabia,Jizan,Pro-Houthi forces claim to have shelled Saudi military positions in the Hathira and Tidal (typo in source: most likely Tiwal) sites; Jizan. No info on casualties.,0,2018-Q2
2018-05-21,2018,Explosions/Remote violence,Shelling/artillery/missile attack,Military Forces of Yemen (2017-) Houthi,Military Forces of Saudi Arabia (2015-),Saudi Arabia,Najran,"In Najran, Pro-Houthi forces reportedly fired artillery shells at Saudi troops in Hasn Hamad and Nahuqa sites. No info on casualties.",0,2018-Q2
2018-05-22,2018,Explosions/Remote violence,Shelling/artillery/missile attack,Military Forces of Yemen (2017-) Houthi,Militia (Pro-Government),Saudi Arabia,Najran,Pro-Houthi forces claim to have fired artillery at Saudi-affiliated forces (unidentified in the source) off Al Khadra border crossing in Najran governorate. No casualties were reported.,0,2018-Q2
2018-05-24,2018,Explosions/Remote violence,Shelling/artillery/missile attack,Military Forces of Yemen (2017-) Houthi,Military Forces of Saudi Arabia (2015-),Saudi Arabia,Jizan,"Pro-Houthi forces claim to have fired artillery at Saudi and Saudi-affiliated (unidentified in the source) forces in Jilah military centre, Al Mubakharah and Umm al Qatab areas in southern Saudi Arabia. No casualties were reported.",0,2018-Q2
2018-05-24,2018,Explosions/Remote violence,Shelling/artillery/missile attack,Military Forces of Yemen (2017-) Houthi,Military Forces of Saudi Arabia (2015-),Saudi Arabia,Jizan,"Pro-Houthi forces claim to have fired artillery at Saudi and Saudi-affiliated (unidentified in the source) forces in Jilah military centre, Al Mubakharah and Umm al Qatab areas in southern Saudi Arabia. No casualties were reported.",0,2018-Q2
2018-05-25,2018,Battles,Armed clash,Military Forces of Yemen (2017-) Houthi,Militia (Pro-Government),Saudi Arabia,Jizan,"Pro-Houthi forces claim to have attacked pro-Hadi forces and allied militias, with air support from the Saudi-led coalition, in al Sirdah at the border area between Saudi Arabia and Yemen in the eastern part of Harad district and to have killed a number of them. Unknown reported fatalities coded as 10.",10,2018-Q2
2018-05-26,2018,Explosions/Remote violence,Shelling/artillery/missile attack,Military Forces of Yemen (2017-) Houthi,Military Forces of Saudi Arabia (2015-),Saudi Arabia,Jizan,Pro-Houthi forces claim to have fired artillery at Saudi-affiliated forces (unidentified in the source) and killed a number of them north of Al Mubakharah and in Juhfan area in Jizan governorate. Unknown reported fatalities coded as 10 and split across two locations.,5,2018-Q2
2020-02-11,2020,Explosions/Remote violence,Shelling/artillery/missile attack,Military Forces of Yemen (2017-) Houthi,Militia (Pro-Government),Saudi Arabia,Najran,"On 11 February 2020, pro-Houthi forces claimed to have fired a missile at Saudi-affiliated forces in Shaja' area of Najran governorate, destroying an armoured vehicle and killing and injuring those on board. Unknown reported fatalities coded as 10.",10,2020-Q1
2020-03-26,2020,Explosions/Remote violence,Air/drone strike,Military Forces of Saudi Arabia (2015-),,Saudi Arabia,Najran,"On 26 March 2020, 2 Saudi-led coalition airstrikes reportedly targeted Ash Shurfah area (Najran). No fatalities nor injuries reported.",0,2020-Q1
2020-05-01,2020,Explosions/Remote violence,Air/drone strike,Military Forces of Saudi Arabia (2015-),,Saudi Arabia,Najran,"On 1 May 2020, Saudi-led coalition airstrikes reportedly targeted Ash Shurfah area (Najran). No fatalities nor injuries reported.",0,2020-Q2
2020-05-13,2020,Explosions/Remote violence,Air/drone strike,Military Forces of Saudi Arabia (2015-),,Saudi Arabia,Najran,"On 13 May 2020, two Saudi air raids were reported on Ash Shurfah area in southern Saudi Arabia (Najran) with no report of fatalities nor injuries.",0,2020-Q2
2020-05-16,2020,Explosions/Remote violence,Air/drone strike,Military Forces of Saudi Arabia (2015-),,Saudi Arabia,Najran,"On 16 May 2020, 1 Saudi-led coalition airstrike reportedly targeted Ash Shurfah area (Najran). No fatalities no injuries reported.",0,2020-Q2
2020-03-07,2020,Explosions/Remote violence,Air/drone strike,Military Forces of Saudi Arabia (2015-),,Saudi Arabia,Jizan,"On 7 March 2020, 1 Saudi-led coalition airstrike reportedly targeted Wadi al Jarh area (Al Harth, Jizan). No fatalities nor injuries reported.",0,2020-Q1
2020-06-08,2020,Explosions/Remote violence,Air/drone strike,Military Forces of Saudi Arabia (2015-),,Saudi Arabia,Najran,"On 8 June 2020, 3 Saudi airstrikes targeted Ash Shurfa (Najran).",0,2020-Q2
2020-06-09,2020,Explosions/Remote violence,Air/drone strike,Military Forces of Saudi Arabia (2015-),,Saudi Arabia,Najran,"On 9 June 2020, 2 Saudi-led coalition airstrikes targeted Ash Shurfa (Najran).",0,2020-Q2
2020-06-13,2020,Explosions/Remote violence,Shelling/artillery/missile attack,Military Forces of Yemen (2017-) Houthi,Civilians (Saudi Arabia),Saudi Arabia,Najran,"On 13 June 2020, Saudi forces reportedly intercepted and destroyed a pro-Houthi ballistic missile directed at Najran city. The shrapnel however reportedly injured civilians.",0,2020-Q2
2020-09-10,2020,Explosions/Remote violence,Air/drone strike,Military Forces of Yemen (2017-) Houthi,Military Forces of Saudi Arabia (2015-),Saudi Arabia,Najran,"On 10 September 2020, pro-Houthi forces launched an explosive drone towards Najran (Najran, Najran) which was intercepted by Saudi forces. No reports of fatalities or casualties.",0,2020-Q3
2020-09-19,2020,Explosions/Remote violence,Shelling/artillery/missile attack,Military Forces of Yemen (2017-) Houthi,Civilians (Saudi Arabia),Saudi Arabia,Jizan,"On 19 September 2020, Houthi forces reportedly shelled Saudi villages in Al Harth district (Jizan), on the Yemen-Saudi Arabia border, injuring 5 civilians.",0,2020-Q3
2020-09-15,2020,Explosions/Remote violence,Remote explosive/landmine/IED,Military Forces of Saudi Arabia (2015-),Operation Restoring Hope,Saudi Arabia,Najran,"Around 15 September 2020 (month of), the coalition head of Buqa operations was targeted by an IED in a coalition camp in Najran (Saudi Arabia). No more info. Sources say that Saudi officers are behind the IED attack",0,2020-Q3
2020-09-23,2020,Explosions/Remote violence,Remote explosive/landmine/IED,Military Forces of Saudi Arabia (2015-),Operation Restoring Hope,Saudi Arabia,Najran,"On 23 September 2020, the coalition head of Buqa operations was targeted by an IED in a coalition camp in Najran (Saudi Arabia). He was injured along with one of his companions while another companion was killed. Sources say that Saudi officers are behind the IED attack, the second in a month.",1,2020-Q3
2020-10-04,2020,Explosions/Remote violence,Shelling/artillery/missile attack,Military Forces of Yemen (2017-) Houthi,,Saudi Arabia,Jizan,"On 4 October 2020, a Houthi artillery shell fell near a Saudi border town in Al Aridah district (Jizan) without causing any injuries. Some shrapnel caused damage to a civilian vehicle.",0,2020-Q4
2020-05-15,2020,Battles,Armed clash,Military Forces of Yemen (2017-) Houthi,Military Forces of Saudi Arabia (2015-),Saudi Arabia,Jizan,"Around 15 May 2020 (month of), Houthi snipers attacked Saudi military forces near Rahwan (Harth, Jizan). There were no reports of fatalities.",0,2020-Q2
2020-12-02,2020,Explosions/Remote violence,Shelling/artillery/missile attack,Military Forces of Yemen (2017-) Houthi,Military Forces of Sudan (2019-2023) Rapid Support Forces,Saudi Arabia,Najran,"On 2 December 2020, Houthi forces launched an attack on the pro-coalition troops of the Sudanese Rapid Support forces in Najran (Najran). The nature of the attack is unclear (most likely shelling) and resulted in the death of 8 RSF soldiers and the injury of 22 others.",8,2020-Q4
2020-12-17,2020,Explosions/Remote violence,Shelling/artillery/missile attack,Military Forces of Yemen (2017-) Houthi,,Saudi Arabia,Jizan,"On 17 December 2020, Houthi forces launched three projectiles at Al Harth (Jizan), one of which landed near the Al Harth General Hospital. There were no fatalities",0,2020-Q4
2021-01-30,2021,Explosions/Remote violence,Shelling/artillery/missile attack,Military Forces of Yemen (2017-) Houthi,,Saudi Arabia,Jizan,"On 30 January 2021, Houthi forces reportedly launched a Katyusha rocket that landed near the Al Harth General Hospital in Al Baydah (Al Harth, Jizan). There were no injuries or fatalities.",0,2021-Q1
2021-04-28,2021,Explosions/Remote violence,Shelling/artillery/missile attack,Military Forces of Yemen (2017-) Houthi,,Saudi Arabia,Najran,"On 28 April 2021, Houthi forces fired a missile at the electricity company in Najran city in Saudi Arabia, causing an electricity shortage in the city. No report of injuries or fatalities.",0,2021-Q2
2021-10-01,2021,Explosions/Remote violence,Air/drone strike,Military Forces of Yemen (2017-) Houthi,,Saudi Arabia,Jizan,"On 1 October 2021, fragments from a Qasif Houthi drone that was intercepted by Saudi forces damaged civilian houses in Ahad Al Masarihah district (Jizan). There were no fatalities.",0,2021-Q4
2021-11-20,2021,Explosions/Remote violence,Air/drone strike,Military Forces of Yemen (2017-) Houthi,Military Forces of Saudi Arabia (2015-),Saudi Arabia,Najran,"On 20 November 2021, Houthi forces launched 5 Qasif-2K drones at Saudi military targets in Abha (Asir), Najran, and Jizan regions. Casualties unknown.",0,2021-Q4
2021-12-15,2021,Explosions/Remote violence,Shelling/artillery/missile attack,Military Forces of Yemen (2017-) Houthi,,Saudi Arabia,Jizan,"On 15 December 2021, a Houthi projectile (presumed to be a missile) landed in the industrial zone of Ahad Al Masarihah (Jizan) damaging three workshops and destroying three vehicles. There were no fatalities. Houthi forces had claimed to have fired ballistic missiles into Jizan that day.",0,2021-Q4
2021-12-24,2021,Explosions/Remote violence,Air/drone strike,Military Forces of Yemen (2017-) Houthi,,Saudi Arabia,Najran,"On 24 December 2021, a Houthi military projectile (presumed to be from a drone attack) targeted a border village in Najran region destroying a civilian vehicle. There were no fatalities or injuries.",0,2021-Q4
2022-01-23,2022,Explosions/Remote violence,Shelling/artillery/missile attack,Military Forces of Yemen (2017-) Houthi,Civilians (Sudan),Saudi Arabia,Jizan,"On 23 January 2022, Houthi forces launched 1 ballistic missile towards the industrial area in Ahad Al Masarihah district (Jizan) damaging a number of car workshops and injuring 2 Bengali and Sudanese nationals.",0,2022-Q1
2022-01-24,2022,Explosions/Remote violence,Shelling/artillery/missile attack,Military Forces of Yemen (2017-) Houthi,,Saudi Arabia,Asir,"On 24 January 2022, fragments from 1 Houthi ballistic missile that was intercepted by Saudi forces damaged several workshops and civilian vehicles in an industrial zone in Dhahran Al Janub district (coded to Zahran) (Asir). There were no fatalities or injuries.",0,2022-Q1
2022-01-24,2022,Explosions/Remote violence,Air/drone strike,Military Forces of Yemen (2017-) Houthi,Military Forces of Saudi Arabia (2015-),Saudi Arabia,Najran,"On 24 January 2022, Houthi forces claimed to have launched Sammad-1 and Qasif-2K drones at Saudi military bases in Sharurah district and other Saudi regions (locations unclear) as part of Operation Yemen Cyclone II. Casualties unknown.",0,2022-Q1
2022-03-19,2022,Explosions/Remote violence,Air/drone strike,Military Forces of Yemen (2017-) Houthi,,Saudi Arabia,Asir,"On 19 March 2022, fragments from 9 Houthi bomb-laden drones that were intercepted by Saudi forces caused damages to civilian vehicles and residential houses in Yanbu - Saudi ARAMCO (Al Madinah), Dhahran Al Janub - Power Station (Asir), Khamis Mushait - National Gas and Industrialization Company (Asir), Jizan (Jizan), and At Taif (Mecca). It was unclear from the reporting whether damages occurred at each location. Houthi forces claimed to have fired drones and ballistic and cruise missiles at 'legitimate' targets in Abha, Dharhan Al Janub, Khamis Mushayt, Samtah, and Jizan that day as part of Operation Breaking the Siege II.",0,2022-Q1
2022-03-19,2022,Explosions/Remote violence,Air/drone strike,Military Forces of Yemen (2017-) Houthi,,Saudi Arabia,Jizan,"On 19 March 2022, Houthi forces claimed to have launched drones and ballistic and cruise missiles at 'legitimate' targets in Abha (Asir), Dharhan Al Janub (Asir), Khamis Mushayt (Asir), Samtah (coded to Samitah) (Jizan), and Jizan (Jizan) as part of Operation Breaking the Siege II. Casualties unknown in Abha and Samtah where Saudi authorities did not acknowledge the attacks.",0,2022-Q1
2022-03-25,2022,Explosions/Remote violence,Shelling/artillery/missile attack,Military Forces of Yemen (2017-) Houthi,,Saudi Arabia,Asir,"On 25 March 2022, Houthi forces fired at least 1 ballistic missile at the National Water Company in Dhahran Al Janub (coded to Zahran) (Asir) causing damages to water tanks. There were no fatalities or injuries. Houthi forces claimed to have fired a 'large' number of ballistic missiles at 'vital facilities' in Abha (Asir), Dhahran Al Janub (Asir), Khamis Mushayt (Asir), and Jizan (Jizan) that day as part of Operation Breaking the Siege III.",0,2022-Q1
2022-03-25,2022,Explosions/Remote violence,Shelling/artillery/missile attack,Military Forces of Yemen (2017-) Houthi,,Saudi Arabia,Jizan,"On 25 March 2022, fragments from 1 Houthi ballistic missile that was intercepted by Saudi forces caused a fire and damaged infrastructure at the Samitah Power Plant (Samtah, Jizan). There were no fatalities nor injuries. Houthi forces claimed to have fired a 'large' number of ballistic missiles at 'vital facilities' in Abha (Asir), Dhahran Al Janub (Asir), Khamis Mushayt (Asir), and Jizan (Jizan) that day as part of Operation Breaking the Siege III.",0,2022-Q1
2022-03-25,2022,Explosions/Remote violence,Air/drone strike,Military Forces of Yemen (2017-) Houthi,,Saudi Arabia,Najran,"On 25 March 2022, fragments from 2 Houthi bomb-laden drones that were intercepted by Saudi forces caused damages to some residential neighborhoods in Najran (Najran). There were no fatalities or injuries. Houthi forces claimed to have launched a 'large' number of bomb-laden drones at ARAMCO facilities that day including Najran - Saudi ARAMCO as part of Operation Breaking the Siege III.",0,2022-Q1
2018-05-26,2018,Battles,Armed clash,Military Forces of Yemen (2017-) Houthi,Militia (Pro-Government),Saudi Arabia,Jizan,5 Saudi-affiliated soldiers were reportedly shot dead by Houthi fighters in Maayin area of Jizan governorate.,5,2018-Q2
2018-05-27,2018,Explosions/Remote violence,Shelling/artillery/missile attack,Military Forces of Yemen (2017-) Houthi,Military Forces of Saudi Arabia (2015-),Saudi Arabia,Jizan,"In Jizan, Houthi artillery teams shelled Saudi soldiers and affiliates in the Burj-dud, Majaziya, and Dukhan front, 'killing and wounding dozens'. Fatalities (12) coded as half (6) and spread across three events.",2,2018-Q2
2018-05-26,2018,Explosions/Remote violence,Air/drone strike,Military Forces of Saudi Arabia (2015-),,Saudi Arabia,Najran,Saudi coalition airstrikes were reported in Makhruq and Talat Rejla areas of Najran. No info on casualties.,0,2018-Q2
2018-05-26,2018,Explosions/Remote violence,Air/drone strike,Military Forces of Saudi Arabia (2015-),,Saudi Arabia,Najran,Saudi coalition airstrikes were reported in Makhruq and Talat Rejla areas of Najran. No info on casualties.,0,2018-Q2
2018-05-27,2018,Explosions/Remote violence,Shelling/artillery/missile attack,Military Forces of Yemen (2017-) Houthi,Military Forces of Saudi Arabia (2015-),Saudi Arabia,Najran,"'Dozens' of Saudi and affiliates were killed or injured by Houthi artillery fire in the Khadra crossing area, Najran. Additional battles were fought during an attempted offensive by Saudi soldiers into Houthi controlled areas, leading to additional unknown fatalities. Fatalities (12) coded as half (6).",6,2018-Q2
2018-05-28,2018,Battles,Armed clash,Military Forces of Yemen (2017-) Houthi,Militia (Pro-Government),Saudi Arabia,Jizan,"'Dozens' of anti-Houthi fighters backed by the Saudi army were reportedly killed during clashes with Houthi militiamen near the Qays mountain, Jizan.",12,2018-Q2
2018-05-30,2018,Explosions/Remote violence,Shelling/artillery/missile attack,Military Forces of Yemen (2017-) Houthi,Military Forces of Saudi Arabia (2015-),Saudi Arabia,Najran,"Pro-Houthi forces claim to have fired artillery rockets at Saudi and Saudi-affiliated (unidentified in the source) forces in Hammad fort, Silah centre, Ramliyah hills and Alib mountain in Najran governorate. No casualties were reported.",0,2018-Q2
2018-05-31,2018,Explosions/Remote violence,Shelling/artillery/missile attack,Military Forces of Yemen (2017-) Houthi,Military Forces of Saudi Arabia (2015-),Saudi Arabia,Jizan,"Pro-Houthi forces claim to have fired artillery at Saudi and Saudi-affiliated forces (unidentified in the source) in Abu Madh camp, north of Al Mubakharah area, in Ash Shabakah area, Juhfan mountain and Al Mahdaf tower in Jizan governorate. In Juhfan, they also claimed to have shot down an Apache helicopter and to have killed its crew. Fatalities coded at 10 throughout the governorate (so none coded here).",0,2018-Q2
2018-05-31,2018,Explosions/Remote violence,Shelling/artillery/missile attack,Military Forces of Yemen (2017-) Houthi,Military Forces of Saudi Arabia (2015-),Saudi Arabia,Jizan,"Pro-Houthi forces claim to have fired artillery at Saudi and Saudi-affiliated forces (unidentified in the source) in Abu Madh camp, north of Al Mubakharah area, in Ash Shabakah area, Juhfan mountain and Al Mahdaf tower in Jizan governorate. In Juhfan, they also claimed to have shot down an Apache helicopter and to have killed its crew. Fatalities coded at 10 throughout the governorate (so none coded here).",0,2018-Q2
2018-05-31,2018,Explosions/Remote violence,Shelling/artillery/missile attack,Military Forces of Yemen (2017-) Houthi,Military Forces of Saudi Arabia (2015-),Saudi Arabia,Jizan,"Pro-Houthi forces claim to have fired artillery at Saudi and Saudi-affiliated forces (unidentified in the source) in Abu Madh camp, north of Al Mubakharah area, in Ash Shabakah area, Juhfan mountain and Al Mahdaf tower in Jizan governorate. In Juhfan, they also claimed to have shot down an Apache helicopter and to have killed its crew. Fatalities coded at 10 throughout the governorate (so none coded here).",0,2018-Q2
2018-06-02,2018,Explosions/Remote violence,Shelling/artillery/missile attack,Military Forces of Yemen (2017-) Houthi,Military Forces of Saudi Arabia (2015-),Saudi Arabia,Jizan,Pro-Houthi forces claim to have fired artillery at Saudi forces in Qays mountain area in Jizan governorate. No casualties were reported.,0,2018-Q2
2018-05-31,2018,Battles,Armed clash,Military Forces of Yemen (2017-) Houthi,Military Forces of Saudi Arabia (2015-),Saudi Arabia,Jizan,"Pro-Houthi forces claim to have fired artillery at Saudi and Saudi-affiliated forces (unidentified in the source) in Abu Madh camp, north of Al Mubakharah area, in Ash Shabakah area, Juhfan mountain and Al Mahdaf tower in Jizan governorate. In Juhfan, they also claimed to have shot down an Apache helicopter and to have killed its crew. Fatalities coded at 10 throughout the governorate.",3,2018-Q2
2018-06-02,2018,Explosions/Remote violence,Shelling/artillery/missile attack,Military Forces of Yemen (2017-) Houthi,Military Forces of Saudi Arabia (2015-),Saudi Arabia,Jizan,Pro-Houthi forces claim to have destroyed two Saudi military vehicles in Ramdah area of Jizan governorate and to have killed and injured their crews. Unknown reported fatalities coded as 10.,10,2018-Q2
2018-05-26,2018,Explosions/Remote violence,Shelling/artillery/missile attack,Military Forces of Yemen (2017-) Houthi,Militia (Pro-Government),Saudi Arabia,Najran,"Houthi artillery teams claim to have shelled Saudi-affiliated soldiers in the Khadra crossing point and in the Alb mountain area, leaving 'several dead'. Unknown fatalities coded as 10 and spread across two locations.",5,2018-Q2
2018-06-03,2018,Battles,Armed clash,Military Forces of Yemen (2017-) Houthi,Military Forces of Saudi Arabia (2015-),Saudi Arabia,Jizan,"Houthi fighters claim to have successfully repelled an attempted advance by Saudi soldiers into Jizan's Al-Khobh area, east of Ash Shabakah mountain, killing and injuring 'dozens' of them and their allies during the fight. Fatalities (12) coded as half (6).",6,2018-Q2
2018-06-08,2018,Explosions/Remote violence,Shelling/artillery/missile attack,Military Forces of Yemen (2017-) Houthi,,Saudi Arabia,Najran,Pro-Houthi forces claim to have fired a number of ballistic missiles at Saudi military bases in Najran and Khamis Mushait. No casualties were reported as it is unclear if the missiles reached their target.,0,2018-Q2
2018-06-02,2018,Explosions/Remote violence,Shelling/artillery/missile attack,Military Forces of Yemen (2017-) Houthi,Military Forces of Saudi Arabia (2015-),Saudi Arabia,Najran,Pro-Houthi forces claim to have destroyed four military vehicles in Ash Shabakah area of Najran governorate with missile fire. No casualties were reported.,0,2018-Q2
2018-06-03,2018,Explosions/Remote violence,Shelling/artillery/missile attack,Military Forces of Yemen (2017-) Houthi,Military Forces of Saudi Arabia (2015-),Saudi Arabia,Jizan,"Two Saudi military vehicles were reportedly destroyed by pro-Houthi forces in Al Ramdha area of Jizan, killing an unknown number of soldiers. Unknown fatalities coded as 10. Previous events using similar language suggests the use of remote violence.",10,2018-Q2
2018-06-04,2018,Explosions/Remote violence,Shelling/artillery/missile attack,Military Forces of Yemen (2017-) Houthi,Military Forces of Saudi Arabia (2015-),Saudi Arabia,Jizan,Pro-Houthi forces claim to have destroyed a Saudi military vehicle and killed its crew in Al Mubakharah village in Jizan governorate - the method is unclear. Unknown reported fatalities coded as 10.,10,2018-Q2
2018-06-07,2018,Explosions/Remote violence,Shelling/artillery/missile attack,Military Forces of Yemen (2017-) Houthi,Military Forces of Saudi Arabia (2015-),Saudi Arabia,Jizan,Pro-Houthi forces claim to have fired artillery at Saudi forces in Al Amud site and Al Khobh area in Jizan governorate. No casualties were reported.,0,2018-Q2
2018-06-08,2018,Explosions/Remote violence,Shelling/artillery/missile attack,Military Forces of Yemen (2017-) Houthi,Military Forces of Saudi Arabia (2015-),Saudi Arabia,Najran,Pro-Houthi forces claim to have fired artillery at Saudi and Saudi-affiliated forces in Nahuqah site in Najran governorate. Injuries were reported.,0,2018-Q2
2018-06-09,2018,Explosions/Remote violence,Shelling/artillery/missile attack,Military Forces of Yemen (2017-) Houthi,Military Forces of Saudi Arabia (2015-),Saudi Arabia,Jizan,Pro-Houthi forces claim to have fired artillery at Saudi soldiers in Al Khushel area of Jizan governorate. No casualties were reported.,0,2018-Q2
2018-06-04,2018,Explosions/Remote violence,Shelling/artillery/missile attack,Military Forces of Yemen (2017-) Houthi,Militia (Pro-Government),Saudi Arabia,Jizan,Pro-Houthi forces claim to have fired a ballistic Zilzal-2 missile at Saudi-affiliated forces (unidentified in the source) and to have killed a number of them in Al Muntazah area in Al Khobh in Jizan governorate. Unknown reported fatalities coded as 10.,10,2018-Q2
2018-06-10,2018,Explosions/Remote violence,Shelling/artillery/missile attack,Military Forces of Yemen (2017-) Houthi,Militia (Pro-Government),Saudi Arabia,Jizan,"Pro-Houthi forces claim to have fired artillery shells at Saudi-affiliated forces in Mawsim, Jizan. No further info.",0,2018-Q2
2018-06-10,2018,Battles,Armed clash,Military Forces of Yemen (2017-) Houthi,Militia (Pro-Government),Saudi Arabia,Jizan,Pro-Houthi forces claim to have shot dead 8 Saudi affiliated soldiers in the Ramda and Tewal border crossing area. Fatalities spread across two locations.,4,2018-Q2
2018-06-11,2018,Explosions/Remote violence,Shelling/artillery/missile attack,Military Forces of Yemen (2017-) Houthi,Military Forces of Saudi Arabia (2015-),Saudi Arabia,Jizan,Pro-Houthi forces claim to have fired artillery at Saudi soldiers in Al Mijazi and As Sawdah in Jizan governorate. No casualties were reported.,0,2018-Q2
2018-06-12,2018,Explosions/Remote violence,Shelling/artillery/missile attack,Military Forces of Yemen (2017-) Houthi,,Saudi Arabia,Jizan,"Pro-Houthi forces claim to have fired artillery at the sites of Juhfan mountain, Kirs and Maayin valley in Jizan governorate. No casualties were reported.",0,2018-Q2
2018-06-12,2018,Explosions/Remote violence,Shelling/artillery/missile attack,Military Forces of Yemen (2017-) Houthi,,Saudi Arabia,Jizan,"Pro-Houthi forces claim to have fired artillery at the sites of Juhfan mountain, Kirs and Maayin valley in Jizan governorate. No casualties were reported.",0,2018-Q2
2018-06-12,2018,Explosions/Remote violence,Shelling/artillery/missile attack,Military Forces of Yemen (2017-) Houthi,Military Forces of Saudi Arabia (2015-),Saudi Arabia,Jizan,Pro-Houthi forces claim to have fired artillery at Saudi soldiers in Al Khushel area of Jizan governorate. No casualties were reported.,0,2018-Q2
2018-06-13,2018,Explosions/Remote violence,Shelling/artillery/missile attack,Military Forces of Yemen (2017-) Houthi,Military Forces of Saudi Arabia (2015-),Saudi Arabia,Najran,Pro-Houthi forces claim to have fired artillery at Saudi forces in Nahuqah site in Najran governorate. No casualties were reported.,0,2018-Q2
2018-06-13,2018,Battles,Armed clash,Military Forces of Yemen (2017-) Houthi,Militia (Pro-Government),Saudi Arabia,Najran,"Pro-Houthi forces claim to have repelled an attempted offensive into Houthi-controlled territory near the Khadra border crossing, Najran. Fatalitied mentioned by the source (dozens killed or wounded) coded as half (6). Artillery fire was reportedly directed at the attacking forces throughout the battle.",0,2018-Q2
2018-06-15,2018,Explosions/Remote violence,Shelling/artillery/missile attack,Military Forces of Yemen (2017-) Houthi,Military Forces of Saudi Arabia (2015-),Saudi Arabia,Jizan,Houthi fighters claim to have launched artillery and missile attacks on Saudi soldiers in the province of Jizan - claiming to have struck Samnah hill near Qays area. No info on casualties.,0,2018-Q2
2018-06-15,2018,Explosions/Remote violence,Shelling/artillery/missile attack,Military Forces of Yemen (2017-) Houthi,Military Forces of Saudi Arabia (2015-),Saudi Arabia,Najran,"In Najran, Houthi artillery teams reportedly fired artillery toward Saudi soldiers in Shurfa, Al-Qaidah, and the Al-Buqah desert. No info on casualties.",0,2018-Q2
2018-06-19,2018,Battles,Armed clash,Military Forces of Yemen (2017-) Houthi,Militia (Pro-Government),Saudi Arabia,Najran,"Houthi fighters reportedly attacked Saudi-affiliated soldiers in the Khadra crossing area of Najran and Al Asaker hill in Alib mountain area. According to reports, 'tens' were killed and wounded in Al Asaker (fatalities coded as 5) and an unspecified number of fighters were killed in Al Khadra (unknown fatalities coded as 10).",10,2018-Q2
2018-06-21,2018,Explosions/Remote violence,Shelling/artillery/missile attack,Military Forces of Yemen (2017-) Houthi,Military Forces of Saudi Arabia (2015-),Saudi Arabia,Jizan,"In Jizan, Houthi artillery teams fired artillery and missile shells at Saudi forces in the sites of Jilah, Madrasa, Jahfan, and Ma'in valley. No injuries or fatalities were reported.",0,2018-Q2
2018-06-21,2018,Explosions/Remote violence,Shelling/artillery/missile attack,Military Forces of Yemen (2017-) Houthi,Military Forces of Saudi Arabia (2015-),Saudi Arabia,Jizan,"In Jizan, Houthi artillery teams fired artillery and missile shells at Saudi forces in the sites of Jilah, Madrasa, Jahfan, and Ma'in valley. No injuries or fatalities were reported.",0,2018-Q2
2018-06-16,2018,Explosions/Remote violence,Shelling/artillery/missile attack,Military Forces of Yemen (2017-) Houthi,Military Forces of Saudi Arabia (2015-),Saudi Arabia,Jizan,Houthi fighters claim to have launched artillery and missile attacks on Saudi soldiers in the province of Jizan - claiming to have struck the Arar area near Qays and Siaba camp. Another artillery attack hit Nashaw site located near As Sahar area. No info on casualties.,0,2018-Q2
2018-06-24,2018,Battles,Armed clash,Military Forces of Yemen (2017-) Houthi,Militia (Pro-Government),Saudi Arabia,Jizan,"Pro-Houthi forces reportedly repelled an attempted offensive by Saudi-affiliated soldiers in the Qays area, inflicting losses in 'life and equipment.' 11 airstrikes were conducted during the battles. Unknown fatalities coded as 10.",10,2018-Q2
2018-06-24,2018,Explosions/Remote violence,Shelling/artillery/missile attack,Military Forces of Yemen (2017-) Houthi,Military Forces of Saudi Arabia (2015-),Saudi Arabia,Jizan,"On 24 June 2018, Houthi forces shelled Saudi soldiers in Khafaqa and Al Abadiyah in Al Harth district (Jizan). Casualties unknown.",0,2018-Q2
2018-06-24,2018,Explosions/Remote violence,Shelling/artillery/missile attack,Military Forces of Yemen (2017-) Houthi,Military Forces of Saudi Arabia (2015-),Saudi Arabia,Jizan,"On 24 June 2018, Houthi forces shelled Saudi soldiers in Khafaqa and Al Abadiyah in Al Harth district (Jizan). Casualties unknown.",0,2018-Q2
2018-06-24,2018,Explosions/Remote violence,Shelling/artillery/missile attack,Military Forces of Yemen (2017-) Houthi,Militia (Pro-Government),Saudi Arabia,Najran,Pro-Houthi forces claim to have fired artillery shells at Saudi-affiliated forces in the Khadra border crossing area in Najran. No info on casualties.,0,2018-Q2
2018-06-26,2018,Battles,Armed clash,Military Forces of Yemen (2017-) Houthi,Military Forces of Saudi Arabia (2015-),Saudi Arabia,Jizan,"Houthi forces reportedly shot and killed a single Saudi soldier in the Rumayh area of Jizan, KSA. Houthi militiamen have also claimed to have carried out military operations targeting Saudi soldiers in Jizan, destroying a military vehicle in Rumayh. No injuries or fatalities were reported. Previous events using similar language suggest the use of a remotely detonated IED.",1,2018-Q2
2018-06-26,2018,Explosions/Remote violence,Shelling/artillery/missile attack,Military Forces of Yemen (2017-) Houthi,Military Forces of Saudi Arabia (2015-),Saudi Arabia,Najran,"Pro-Houthi forces reportedly fired artillery shells at Saudi and Saudi-affiliated forces in Shurfa, Sudays, and Al Buqa areas of Najran. No info on casualties.",0,2018-Q2
2018-06-28,2018,Explosions/Remote violence,Shelling/artillery/missile attack,Military Forces of Yemen (2017-) Houthi,Military Forces of Saudi Arabia (2015-),Saudi Arabia,Najran,"Houthi forces reportedly shelled Saudi troops and affiliates in Kabir and Saghir Makhrooq, Nahuqa and west of Sudais, Najran. No injuries or fatalities were reported.",0,2018-Q2
2018-06-28,2018,Explosions/Remote violence,Shelling/artillery/missile attack,Military Forces of Yemen (2017-) Houthi,Military Forces of Saudi Arabia (2015-),Saudi Arabia,Najran,"Houthi forces reportedly shelled Saudi troops and affiliates in Kabir and Saghir Makhrooq, Nahuqa and west of Sudais, Najran. No injuries or fatalities were reported.",0,2018-Q2
2018-06-21,2018,Explosions/Remote violence,Shelling/artillery/missile attack,Military Forces of Yemen (2017-) Houthi,Military Forces of Saudi Arabia (2015-),Saudi Arabia,Jizan,"In Jizan, Houthi artillery teams fired artillery and missile shells at Saudi forces in the sites of Jilah, Madrasa, Jahfan, and Ma'in valley. No injuries or fatalities were reported.",0,2018-Q2
2018-06-21,2018,Explosions/Remote violence,Shelling/artillery/missile attack,Military Forces of Yemen (2017-) Houthi,Militia (Pro-Government),Saudi Arabia,Jizan,Pro-Houthi forces claimed to have fired atillery at Saudi-affiliated soldiers (unidentified in the source) and to have killed a number of them in Al Mubakharah area in Saudi Arabia and in the northern part of the Midi desert in Yemen. Unknown reported fatalities coded as 10 and spread across two locations.,5,2018-Q2
2018-06-22,2018,Explosions/Remote violence,Shelling/artillery/missile attack,Military Forces of Yemen (2017-) Houthi,Militia (Pro-Government),Saudi Arabia,Jizan,Pro-Houthi forces claimed to have fired artillery at Saudi-affiliated fighters (unidentified in the source) in Al Muwassam and Al Mubakharah areas of Jizan governorate. No casualties were reported.,0,2018-Q2
2018-06-22,2018,Explosions/Remote violence,Shelling/artillery/missile attack,Military Forces of Yemen (2017-) Houthi,Militia (Pro-Government),Saudi Arabia,Jizan,Pro-Houthi forces claimed to have fired artillery at Saudi-affiliated fighters (unidentified in the source) in Al Muwassam and Al Mubakharah areas of Jizan governorate. No casualties were reported.,0,2018-Q2
2018-06-23,2018,Battles,Armed clash,Military Forces of Yemen (2017-) Houthi,Militia (Pro-Government),Saudi Arabia,Jizan,Pro-Houthi forces claim to have repelled an attempted offensive mounted by Saudi-affiliated soldiers with Saudi air support into Qays mountain area in Jizan governorate and to have subsequently killed a number of them. Unknown reported fatalities coded as 10.,10,2018-Q2
2018-06-23,2018,Explosions/Remote violence,Shelling/artillery/missile attack,Military Forces of Yemen (2017-) Houthi,Military Forces of Saudi Arabia (2015-),Saudi Arabia,Jizan,Pro-Houthi forces claimed to have shelled and at least partially destroyed a Saudi rockets cache in Al Muwassam area of Jizan governorate. No casualties were reported.,0,2018-Q2
2018-06-25,2018,Explosions/Remote violence,Shelling/artillery/missile attack,Military Forces of Yemen (2017-) Houthi,Military Forces of Saudi Arabia (2015-),Saudi Arabia,Jizan,Pro-Houthi forces claimed to have fired rockets at Saudi and Saudi-affiliated forces in As Sayyabah camp area in Jizan governorate. No casualties were reported.,0,2018-Q2
2018-06-26,2018,Explosions/Remote violence,Shelling/artillery/missile attack,Military Forces of Yemen (2017-) Houthi,Military Forces of Saudi Arabia (2015-),Saudi Arabia,Jizan,Pro-Houthi forces claimed to have fired rockets at Saudi positions in Ar Rukbah area of Jizan governorate. No casualties were reported.,0,2018-Q2
2018-06-28,2018,Explosions/Remote violence,Shelling/artillery/missile attack,Military Forces of Yemen (2017-) Houthi,Military Forces of Saudi Arabia (2015-),Saudi Arabia,Jizan,Pro-Houthi forces claimed to have fired rockets at Saudi and Saudi-affiliated forces in Al Muwassam area of Jizan governorate. No casualties were reported.,0,2018-Q2
2018-06-29,2018,Explosions/Remote violence,Shelling/artillery/missile attack,Military Forces of Yemen (2017-) Houthi,Military Forces of Saudi Arabia (2015-),Saudi Arabia,Jizan,"Pro-Houthi forces claimed to have fired artillery at Saudi forces in the Midi desert and Harad customs in Yemen, as well as in Al Muwassam area of Jizan governorate in Saudi Arabia. Injuries were reported.",0,2018-Q2
2018-06-30,2018,Explosions/Remote violence,Shelling/artillery/missile attack,Military Forces of Yemen (2017-) Houthi,Military Forces of Saudi Arabia (2015-),Saudi Arabia,Jizan,"in Jizan, Houthi forces fired missile and artillery shells at Saudi soldiers in Ghawiyah and Mikhael areas. No injuries or fatalities were reported.",0,2018-Q2
2018-06-30,2018,Explosions/Remote violence,Shelling/artillery/missile attack,Military Forces of Yemen (2017-) Houthi,Military Forces of Saudi Arabia (2015-),Saudi Arabia,Jizan,Houthi forces reportedly fired artillery shells at Saudi soldiers in Sawda and Marwa villages in Jizan. No injuries or fatalities were reported.,0,2018-Q2
2018-06-30,2018,Explosions/Remote violence,Shelling/artillery/missile attack,Military Forces of Yemen (2017-) Houthi,Military Forces of Saudi Arabia (2015-),Saudi Arabia,Jizan,"in Jizan, Houthi forces fired missile and artillery shells at Saudi soldiers in Ghawiyah and Mikhael areas. No injuries or fatalities were reported.",0,2018-Q2
2018-06-30,2018,Explosions/Remote violence,Shelling/artillery/missile attack,Military Forces of Yemen (2017-) Houthi,Military Forces of Saudi Arabia (2015-),Saudi Arabia,Najran,"In Najran, Houthi forces fired artillery shells at Saudi soldiers in Shurfa site, Sudays, Qiada hill, and in the Al-Buqa desert. No injuries or fatalities were reported.",0,2018-Q2
2018-07-01,2018,Explosions/Remote violence,Shelling/artillery/missile attack,Military Forces of Yemen (2017-) Houthi,Military Forces of Saudi Arabia (2015-),Saudi Arabia,Jizan,"Pro-Houthi forces claimed to have fired artillery at Saudi and Saudi-affiliated forces in MBC mountain, Al Hathirah, Um al Qarbat al Sharqiyah village, Juhfan watch tower, Al Mustahasith, Jimayah Qaza', south of Maayin valley and in Al Qarn' in Jizan governorate. No casualties were reported. ** Note that Al Maayin valley is located in Yemen at the border with Saudi Arabia. Abu ar Radif is the Saudi location in Jizan that is just on the other side of the border from the valley.",0,2018-Q3
2018-07-01,2018,Explosions/Remote violence,Shelling/artillery/missile attack,Military Forces of Yemen (2017-) Houthi,Military Forces of Saudi Arabia (2015-),Saudi Arabia,Jizan,"Pro-Houthi forces claimed to have fired artillery at Saudi and Saudi-affiliated forces in MBC mountain, Al Hathirah, Um al Qarbat al Sharqiyah village, Juhfan watch tower, Al Mustahasith, Jimayah Qaza', south of Maayin valley and in Al Qarn' in Jizan governorate. No casualties were reported. ** Note that Al Maayin valley is located in Yemen at the border with Saudi Arabia. Abu ar Radif is the Saudi location in Jizan that is just on the other side of the border from the valley.",0,2018-Q3
2018-07-02,2018,Explosions/Remote violence,Shelling/artillery/missile attack,Military Forces of Yemen (2017-) Houthi,Military Forces of Saudi Arabia (2015-),Saudi Arabia,Jizan,"In Jizan, Houthi forces fired artillery shells at Saudi soldiers and affiliates in the Abu Madh camp, Madrasah village, and in the southern end of Ma'een valley. No injuries or fatalities were reported.",0,2018-Q3
2018-07-02,2018,Battles,Armed clash,Military Forces of Yemen (2017-) Houthi,Militia (Pro-Government),Saudi Arabia,Najran,"Pro-Houthi forces claim to have carried out a 'military operation' on the Khadra border crossing area in Najran, allegedly killing and injuring 'dozens' of Saudi-affiliated solders in the area. Fatalities coded as 6.",6,2018-Q3
2018-07-02,2018,Battles,Armed clash,Military Forces of Yemen (2017-) Houthi,Militia (Pro-Government),Saudi Arabia,Najran,"Pro-Houthi forces claim to have repelled an attempted advance by Saudi soldiers and affiliates in the Ash Shurfah and Sudays areas of Najran, resulting in the 'killing and injuring' of dozens. Fatalities coded as 6 and spread across two locations.",3,2018-Q3
2018-11-05,2018,Explosions/Remote violence,Shelling/artillery/missile attack,Military Forces of Yemen (2017-) Houthi,Military Forces of Saudi Arabia (2015-),Saudi Arabia,Jizan,"Houthi forces shelled a Saudi military vehicle in the Jabal Qays area in Jizan governorate, destroying it and killing the crew. Unknown fatalities coded as 10.",10,2018-Q4
2018-07-03,2018,Battles,Armed clash,Military Forces of Yemen (2017-) Houthi,Militia (Pro-Government),Saudi Arabia,Jizan,Houthi fighters claim to have killed an unspecified number of Saudi-affiliated soldiers attempting an advance into the al-Khobh area of Jizan.,10,2018-Q3
2018-07-03,2018,Explosions/Remote violence,Shelling/artillery/missile attack,Military Forces of Yemen (2017-) Houthi,Military Forces of Saudi Arabia (2015-),Saudi Arabia,Jizan,"In Jizan, Houthi forces reportedly shelled Saudi soldiers and allied militiamen in the Ma'ridah site, Jahfan mount and its watchtowers, and Amud site, while they fired artillery at Saudi artillery barracks in Qais mount. No injuries or fatalities were reported.",0,2018-Q3
2018-07-03,2018,Explosions/Remote violence,Shelling/artillery/missile attack,Military Forces of Yemen (2017-) Houthi,Military Forces of Saudi Arabia (2015-),Saudi Arabia,Jizan,"In Jizan, Houthi forces reportedly shelled Saudi soldiers and allied militiamen in the Ma'ridah site, Jahfan mount and its watchtowers, and Amud site, while they fired artillery at Saudi artillery barracks in Qais mount. No injuries or fatalities were reported.",0,2018-Q3
2018-07-03,2018,Battles,Armed clash,Military Forces of Yemen (2017-) Houthi,Militia (Pro-Government),Saudi Arabia,Najran,"Houthi fighters reportedly attacked positions controlled by Saudi-affiliated forces in the Nahuqa area of Najran, reportedly killing and injuring 'dozens'. Fatalities coded as half (6).",6,2018-Q3
2018-07-09,2018,Battles,Armed clash,Military Forces of Yemen (2017-) Houthi,Military Forces of Saudi Arabia (2015-),Saudi Arabia,Najran,Pro-Houthi forces claimed to have attacked two Saudi military sites in Shurfah area of Najran governorate and to have subsequently killed a number of soldiers. Unknown reported fatalities coded as 10.,10,2018-Q3
2018-07-08,2018,Explosions/Remote violence,Shelling/artillery/missile attack,Military Forces of Yemen (2017-) Houthi,Military Forces of Saudi Arabia (2015-),Saudi Arabia,Jizan,Pro-Houthi forces claimed to have fired artillery at Saudi and Saudi-affiliated forces in Juhfan mountain area in Jizan governorate. No casualties were reported.,0,2018-Q3
2018-09-07,2018,Explosions/Remote violence,Shelling/artillery/missile attack,Military Forces of Yemen (2017-) Houthi,Military Forces of Saudi Arabia (2015-),Saudi Arabia,Najran,Pro-Houthi forces claimed to have fired artillery at Saudi and Saudi-affiliated forces in Makhruq area of Najran governorate. No casualties were reported.,0,2018-Q3
2018-07-12,2018,Explosions/Remote violence,Shelling/artillery/missile attack,Military Forces of Yemen (2017-) Houthi,Military Forces of Saudi Arabia (2015-),Saudi Arabia,Jizan,Pro-Houthi missile teams reportedly fired a ballistic missile at a Saudi military camp located 'behind the Aqabah mountains' in Jizan. No further info provided by the source.,0,2018-Q3
2018-07-12,2018,Battles,Armed clash,Military Forces of Yemen (2017-) Houthi,Military Forces of Saudi Arabia (2015-),Saudi Arabia,Najran,"Pro-Houthi forces reportedly attacked Saudi forces in the Khadra crossing point in Najran, inflicting losses.",0,2018-Q3
2018-07-12,2018,Explosions/Remote violence,Shelling/artillery/missile attack,Military Forces of Yemen (2017-) Houthi,Military Forces of Saudi Arabia (2015-),Saudi Arabia,Najran,Pro-Houthi forces claimed to have fired artillery at Saudi artillery bases in Nahuqah area in Najran governorate. No casualties were reported.,0,2018-Q3
2018-07-11,2018,Battles,Armed clash,Military Forces of Yemen (2017-) Houthi,Militia (Pro-Government),Saudi Arabia,Jizan,Pro-Houthi forces claimed to have killed 6 Saudi-affiliated fighters in sniper operations in Al Khobh area and Dukhan mountain in Jizan governorate. Fatalities equally spread across two locations.,3,2018-Q3
2018-07-11,2018,Battles,Armed clash,Military Forces of Yemen (2017-) Houthi,Militia (Pro-Government),Saudi Arabia,Najran,Pro-Houthi forces claimed to have killed 1 Saudi-affiliated fighter in sniper operations in Ash Shurfah site of Najran governorate.,1,2018-Q3
2018-07-13,2018,Explosions/Remote violence,Air/drone strike,Military Forces of Saudi Arabia (2015-),,Saudi Arabia,Najran,Two Saudi air raids were reported on Ash Shurfah military site and two others on At Tala'ah area in Najran governorate. No casualties were reported.,0,2018-Q3
2018-07-15,2018,Battles,Armed clash,Military Forces of Yemen (2017-) Houthi,Military Forces of Saudi Arabia (2015-),Saudi Arabia,Jizan,"On 15 July 2018, three Saudi soldiers were reported killed, including an officer, when pro-Houthi fighters attacked their position in Qanburah area of Al Khobh (Al Harth, Jizan).",3,2018-Q3
2018-07-15,2018,Battles,Armed clash,Military Forces of Yemen (2017-) Houthi,Military Forces of Saudi Arabia (2015-),Saudi Arabia,Najran,Pro-Houthi forces claimed to have thwarted an attack of Saudi forces and to have killed a number of them in the Shurfah area of Najran governorate. Unknown reported fatalities coded as 10.,10,2018-Q3
2018-07-16,2018,Battles,Non-state actor overtakes territory,Military Forces of Yemen (2017-) Houthi,Military Forces of Saudi Arabia (2015-),Saudi Arabia,Najran,Pro-Houthi forces claimed to have taken control of the Shurfah area in Najran governorate following clashes with Saudi forces during which a number of Saudi fighters were killed. Three Saudi vehicles were also reportedly destroyed and their crews killed. Unknown reported fatalities coded as 10.,10,2018-Q3
2018-07-17,2018,Explosions/Remote violence,Shelling/artillery/missile attack,Military Forces of Yemen (2017-) Houthi,Military Forces of Saudi Arabia (2015-),Saudi Arabia,Jizan,Pro-Houthi forces claimed to have fired artillery at gatherings of Saudi soldiers in Al Abarah site of Al Abadiayh in Jizan governorate. No casualties were reported.,0,2018-Q3
2018-07-22,2018,Explosions/Remote violence,Shelling/artillery/missile attack,Military Forces of Yemen (2017-) Houthi,Military Forces of Saudi Arabia (2015-) Border Guard,Saudi Arabia,Jizan,"On 22 July 2018, Houthi forces claimed to have fired rockets and artillery at Saudi soldiers in the border guards camps of Al Aridah and Atmah areas (Al Aridah, Jizan). No casualties were reported.",0,2018-Q3
2018-07-22,2018,Explosions/Remote violence,Shelling/artillery/missile attack,Military Forces of Yemen (2017-) Houthi,Military Forces of Saudi Arabia (2015-) Border Guard,Saudi Arabia,Jizan,"On 22 July 2018, Houthi forces claimed to have fired rockets and artillery at Saudi soldiers in the border guards camps of Al Aridah and Atmah areas (Al Aridah, Jizan). No casualties were reported.",0,2018-Q3
2018-07-23,2018,Explosions/Remote violence,Shelling/artillery/missile attack,Military Forces of Yemen (2017-) Houthi,Military Forces of Saudi Arabia (2015-),Saudi Arabia,Jizan,"Pro-Houthi forces claimed to have killed 2 Saudi soldiers in An Nasur hill of Qays mountain, Jizan governorate, with a guided missile.",2,2018-Q3
2018-07-23,2018,Explosions/Remote violence,Shelling/artillery/missile attack,Military Forces of Yemen (2017-) Houthi,Military Forces of Saudi Arabia (2015-),Saudi Arabia,Jizan,Pro-Houthi forces claimed to have fired rockets at Saudi soldiers in Sayyabah area of Jizan governorate. No casualties were reported.,0,2018-Q3
2018-07-25,2018,Explosions/Remote violence,Shelling/artillery/missile attack,Military Forces of Yemen (2017-) Houthi,Militia (Pro-Government),Saudi Arabia,Jizan,25 July: Pro-Houthi forces shelled groups of Saudi-affiliated soldiers in the Al Isnad military camp and in the south of Malhamah in Jizan. No injuries or fatalities were reported.,0,2018-Q3
2018-07-26,2018,Battles,Armed clash,Military Forces of Yemen (2017-) Houthi,Militia (Pro-Government),Saudi Arabia,Jizan,"Houthi forces claim to have attacked Saudi affiliated soldiers in the Al-Khobh area of Jizan, resulting in 'several' dead and others wounded. Unknown fatalities coded as 10.",10,2018-Q3
2018-08-02,2018,Explosions/Remote violence,Shelling/artillery/missile attack,Military Forces of Yemen (2017-) Houthi,Military Forces of Saudi Arabia (2015-),Saudi Arabia,Jizan,Pro-Houthi forces claimed to have shelled Saudi and Saudi-affiliated forces in Thahil al Jamal area of the Qays mountain and in the Masha'al mountain of Jizan governorate. No casualties were reported.,0,2018-Q3
2018-08-02,2018,Battles,Armed clash,Military Forces of Yemen (2017-) Houthi,Militia (Pro-Government),Saudi Arabia,Jizan,"Pro-Houthi forces claimed to have thwarted an attack of Saudi-affiliated forces, and to have subsequently killed a number of them, west of Jabal an Nar in Jizan governorate. Unknown reported fatalities coded as 10. *Note that Jabal an Nar is a location in Yemen, and that Abu ad Darbah is the first location in Saudi Arabia west of Jabal an Nar.",10,2018-Q3
2018-08-02,2018,Explosions/Remote violence,Shelling/artillery/missile attack,Military Forces of Yemen (2017-) Houthi,Militia (Pro-Government),Saudi Arabia,Najran,Pro-Houthi forces reportedly targeted Saudi-affiliated soldiers in the Khadra border area with artillery fire. No injuries or fatalities were reported.,0,2018-Q3
2018-08-03,2018,Explosions/Remote violence,Shelling/artillery/missile attack,Military Forces of Yemen (2017-) Houthi,Military Forces of Saudi Arabia (2015-),Saudi Arabia,Jizan,"On 3 August 2018, pro-Houthi forces claimed to have fired RPGs targeting Saudi forces in As Samnah hill of the Qays mountain area (Al Aridhah, Jizan). Casualties unknown.",0,2018-Q3
2018-08-03,2018,Explosions/Remote violence,Shelling/artillery/missile attack,Military Forces of Yemen (2017-) Houthi,Military Forces of Saudi Arabia (2015-),Saudi Arabia,Jizan,Pro-Houthi forces claimed to have fired a Zilzal-1 ballistic missile at Saudi military positions in the Malhamah hill site of Jizan governorate. No casualties were reported.,0,2018-Q3
2018-08-07,2018,Battles,Armed clash,Military Forces of Yemen (2017-) Houthi,Military Forces of Saudi Arabia (2015-),Saudi Arabia,Jizan,Pro-Houthi forces claimed to have damaged a military vehicle through sniper fire off the Qays mountain in Jizan governorate. No casualties were reported.,0,2018-Q3
2018-08-07,2018,Explosions/Remote violence,Shelling/artillery/missile attack,Military Forces of Yemen (2017-) Houthi,Militia (Pro-Government),Saudi Arabia,Jizan,Pro-Houthi forces claimed to have fired a ZilZal-1 ballistic missile at Saudi-affiliated forces off Al Khobh area in Jizan governorate. No casualties were reported.,0,2018-Q3
2018-08-08,2018,Explosions/Remote violence,Shelling/artillery/missile attack,Military Forces of Yemen (2017-) Houthi,,Saudi Arabia,Jizan,Pro-Houthi forces claimed to have fired rockets and artillery at the Atmah and Al Muqrin areas of Jizan governorate. No casualties were reported.,0,2018-Q3
2018-08-09,2018,Explosions/Remote violence,Shelling/artillery/missile attack,Military Forces of Yemen (2017-) Houthi,Military Forces of Saudi Arabia (2015-),Saudi Arabia,Jizan,Pro-Houthi forces claimed to have shelled Saudi and Saudi-affiliated forces in the Mahawlah and Mustahidath sites of the Qays mountain in Jizan governorate. No casualties were reported.,0,2018-Q3
2018-08-10,2018,Explosions/Remote violence,Shelling/artillery/missile attack,Military Forces of Yemen (2017-) Houthi,Military Forces of Saudi Arabia (2015-),Saudi Arabia,Asir,Pro-Houthi forces claimed to have launched a Badr-1 type ballistic missile at the Saudi Jirbah military camp in Zahran al Janub district of Asir governorate. No casualties were reported.,0,2018-Q3
2018-08-11,2018,Explosions/Remote violence,Shelling/artillery/missile attack,Military Forces of Yemen (2017-) Houthi,Military Forces of Saudi Arabia (2015-),Saudi Arabia,Jizan,"Pro-Houthi forces claimed to have fired artillery at Saudi soldiers east of the Juhfan area, in Al Jabiri, and in the Hamayyah and Sawdah centres in Jizan governorate. No casualties were reported.",0,2018-Q3
2018-08-11,2018,Explosions/Remote violence,Shelling/artillery/missile attack,Military Forces of Yemen (2017-) Houthi,Military Forces of Saudi Arabia (2015-),Saudi Arabia,Jizan,Pro-Houthi forces claimed to have fired a Badr-1 type ballistic missile at the Mustahidath military camp of the Qays mountain in Jizan governorate. No casualties were reported.,0,2018-Q3
2018-08-11,2018,Explosions/Remote violence,Shelling/artillery/missile attack,Military Forces of Yemen (2017-) Houthi,Military Forces of Saudi Arabia (2015-),Saudi Arabia,Jizan,"Pro-Houthi forces claimed to have fired artillery at Saudi soldiers east of the Juhfan area, in Al Jabiri, and in the Hamayyah and Sawdah centres in Jizan governorate. No casualties were reported.",0,2018-Q3
2018-08-12,2018,Explosions/Remote violence,Shelling/artillery/missile attack,Military Forces of Yemen (2017-) Houthi,Military Forces of Saudi Arabia (2015-),Saudi Arabia,Asir,Pro-Houthi forces claimed to have fired a guided missile at Saudi military positions in Al Ayrwan area in Asir governorate. No casualties were reported.,0,2018-Q3
2018-08-13,2018,Explosions/Remote violence,Shelling/artillery/missile attack,Military Forces of Yemen (2017-) Houthi,Military Forces of Saudi Arabia (2015-),Saudi Arabia,Najran,Pro-Houthi forces claimed to have fired artillery at Saudi and Saudi-affiliated forces in the Shurfah area and west of Sudays in Najran governorate. No casualties were reported.,0,2018-Q3
2018-08-20,2018,Explosions/Remote violence,Shelling/artillery/missile attack,Military Forces of Yemen (2017-) Houthi,Military Forces of Saudi Arabia (2015-),Saudi Arabia,Najran,"On 20 August 2018, Houthi forces claimed to have fired 1 Badr-1 artillery rocket targeting a 'new Saudi army camp' in the western part of Najran district (Najran). Casualties unknown.",0,2018-Q3
2018-08-20,2018,Battles,Armed clash,Military Forces of Yemen (2017-) Houthi,Military Forces of Saudi Arabia (2015-),Saudi Arabia,Najran,Pro-Houthi forces claim to have killed a Saudi soldier in the Shurfah area of Najran governorate. No further info.,1,2018-Q3
2018-08-21,2018,Battles,Armed clash,Military Forces of Yemen (2017-) Houthi,Military Forces of Saudi Arabia (2015-),Saudi Arabia,Jizan,Houthi forces claim to have shot dead a single Saudi soldier in the Jabal Qays area of Jizan.,1,2018-Q3
2018-08-22,2018,Explosions/Remote violence,Shelling/artillery/missile attack,Military Forces of Yemen (2017-) Houthi,Militia (Pro-Government),Saudi Arabia,Najran,"In Najran, pro-Houthi forces claim to have fired artillery shells at Saudi-affiliated soldiers in the Al-Sawah, Buqa, and Khadra areas. No injuries or fatalities were reported.",0,2018-Q3
2018-08-23,2018,Explosions/Remote violence,Shelling/artillery/missile attack,Military Forces of Yemen (2017-) Houthi,Military Forces of Saudi Arabia (2015-),Saudi Arabia,Jizan,Pro-Houthi forces claim to have shelled Saudi-soldiers and affiliates in the Qays area of Jizan. No info on casualties.,0,2018-Q3
2018-08-23,2018,Explosions/Remote violence,Shelling/artillery/missile attack,Military Forces of Yemen (2017-) Houthi,Military Forces of Saudi Arabia (2015-),Saudi Arabia,Jizan,Pro-Houthi forces claim to have fired two ballistic missiles targeting Saudi troops in the Malahama area of Jizan. No info on casualties.,0,2018-Q3
2018-08-25,2018,Battles,Armed clash,Military Forces of Yemen (2017-) Houthi,Military Forces of Saudi Arabia (2015-),Saudi Arabia,Najran,"Houthi forces claim to have shot and killed three Saudi soldiers during sniping operations in the Ashurfa, Najran.",3,2018-Q3
2018-08-26,2018,Explosions/Remote violence,Shelling/artillery/missile attack,Military Forces of Yemen (2017-) Houthi,Military Forces of Saudi Arabia (2015-),Saudi Arabia,Jizan,"On 26 August 2018, Houthi forces claimed to have fired two Zilzal 2 rockets at Saudi-affiliated forces in Mashal and Jabal Malhama (Al Harth, Jizan). Casualties unknown.",0,2018-Q3
2018-08-26,2018,Explosions/Remote violence,Shelling/artillery/missile attack,Military Forces of Yemen (2017-) Houthi,Military Forces of Saudi Arabia (2015-),Saudi Arabia,Najran,"Pro-Houthi fighters claim to have killed three Saudi soldiers using ballistic missiles. According to the source, the missiles were fired at Saudi troops in the Shourfa and Shabaka areas of Najran. Fatalities spread across two locations.",2,2018-Q3
2018-08-26,2018,Explosions/Remote violence,Shelling/artillery/missile attack,Military Forces of Yemen (2017-) Houthi,Military Forces of Saudi Arabia (2015-),Saudi Arabia,Najran,"Pro-Houthi fighters claim to have killed three Saudi soldiers using ballistic missiles. According to the source, the missiles were fired at Saudi troops in the Shourfa and Shabaka areas of Najran. Fatalities spread across two locations.",1,2018-Q3
2018-08-29,2018,Explosions/Remote violence,Shelling/artillery/missile attack,Military Forces of Yemen (2017-) Houthi,Militia (Pro-Government),Saudi Arabia,Najran,Pro-Houthi forces claimed to have fired artillery at Saudi-affiliated forces in Al Buqa desert and in Al Khadra border crossing in Najran governorate. No casualties were reported.,0,2018-Q3
2018-08-29,2018,Explosions/Remote violence,Shelling/artillery/missile attack,Military Forces of Yemen (2017-) Houthi,Military Forces of Saudi Arabia (2015-),Saudi Arabia,Najran,"Pro-Houthi forces claimed to have fired three Zilzal-1 type ballistic missiles at Saudi and Saudi-affiliated forces in Ash Shurfah area and west of Sudays in Najran governorate, and in As Sawh area located at the border between Saudi Arabia and Yemen (geo-referrenced in Yemen). No casualties were reported.",0,2018-Q3
2018-08-30,2018,Explosions/Remote violence,Shelling/artillery/missile attack,Military Forces of Yemen (2017-) Houthi,Military Forces of Saudi Arabia (2015-),Saudi Arabia,Najran,Pro-Houthi forces claimed to have fired a Badr-1 type ballistic missile at the Saudi Al Mustahidath military camp in Najran governorate. No casualties were reported.,0,2018-Q3
2018-09-01,2018,Explosions/Remote violence,Shelling/artillery/missile attack,Military Forces of Yemen (2017-) Houthi,Militia (Pro-Government),Saudi Arabia,Jizan,"Pro-Houthi forces claimed to have thwarted an attack of Saudi-affiliated forces on the Shabakah mountain site, Jizan governorate, and to have killed a number of them. Unknown reported fatalities coded as 10.",10,2018-Q3
2018-09-02,2018,Battles,Armed clash,Military Forces of Yemen (2017-) Houthi,Militia (Pro-Government),Saudi Arabia,Jizan,Pro-Houthi forces reportedly warded off an attack by pro-Saudi militiamen at Shabakah mountain. Two soldiers were reportedly killed.,2,2018-Q3
2018-09-02,2018,Explosions/Remote violence,Shelling/artillery/missile attack,Military Forces of Yemen (2017-) Houthi,Militia (Pro-Government),Saudi Arabia,Najran,"Pro-Houthi forces claimed to have fired artillery at Saudi-affiliated forces, and to have subsequently killed a number of them, in At Tala'ah area, the Khashba watch tower, Al Buqa desert and the Khadra border crossing in Najran governorate. Unknown reported fatalities coded as 10 and spread across three locations.",3,2018-Q3
2018-09-05,2018,Explosions/Remote violence,Shelling/artillery/missile attack,Military Forces of Yemen (2017-) Houthi,Civilians (Yemen),Saudi Arabia,Najran,"On 5 September 2018, shrapnel from 1 Houthi ballistic missile that was shot down by Saudi air defense forces over Najran city (Najran) injured 37 people in the city. 19 cars and 15 houses were also damaged. The missile was launched from Sadah governorate. Houthi forces claimed that the missile hit a camp of the Saudi National Guard in Najran.",0,2018-Q3
2018-09-07,2018,Explosions/Remote violence,Shelling/artillery/missile attack,Military Forces of Yemen (2017-) Houthi,Military Forces of Saudi Arabia (2015-),Saudi Arabia,Jizan,Pro-Houthi forces claimed to have fired artillery at Saudi and Saudi-affiliated forces in the Qays mountain area in Jizan governorate. No casualties were reported.,0,2018-Q3
2018-09-07,2018,Explosions/Remote violence,Shelling/artillery/missile attack,Military Forces of Yemen (2017-) Houthi,Military Forces of Saudi Arabia (2015-),Saudi Arabia,Najran,Pro-Houthi forces claimed to have fired artillery at Saudi and Saudi-affiliated forces in Al Khadra border crossing area in Najran governorate. Injuries were reported but no fatalities.,0,2018-Q3
2018-09-10,2018,Explosions/Remote violence,Shelling/artillery/missile attack,Military Forces of Yemen (2017-) Houthi,Military Forces of Saudi Arabia (2015-),Saudi Arabia,Asir,Pro-Houthi forces claimed to have fired a Badr-1 type ballistic missile at a Saudi military camp in Zahran al Janub district of Asir governorate. No casualties were reported.,0,2018-Q3
2018-09-10,2018,Explosions/Remote violence,Shelling/artillery/missile attack,Military Forces of Yemen (2017-) Houthi,Military Forces of Saudi Arabia (2015-),Saudi Arabia,Jizan,"Pro-Houthi forces claimed to have fired artillery at Saudi and Saudi-affiliated forces east of the Dukhan mount, on the MBC mount area, and in Al Mijazi' area in Jizan governorate. No casualties were reported.",0,2018-Q3
2018-09-13,2018,Explosions/Remote violence,Shelling/artillery/missile attack,Military Forces of Yemen (2017-) Houthi,Military Forces of Saudi Arabia (2015-),Saudi Arabia,Jizan,"Pro-Houthi forces claimed to have fired artillery at Saudi and Saudi-affiliated forces in the MBC mount area, east of the Juhfan mountain, and in the Malhamah area of Jizan governorate. Injuries were reported but no fatalities.",0,2018-Q3
2018-09-13,2018,Explosions/Remote violence,Shelling/artillery/missile attack,Military Forces of Yemen (2017-) Houthi,Military Forces of Saudi Arabia (2015-),Saudi Arabia,Najran,Pro-Houthi forces fired Katyusha rockets on Saudi soldiers in Talaa Rajla military site in Naran. No casualties were reported.,0,2018-Q3
2018-09-14,2018,Explosions/Remote violence,Shelling/artillery/missile attack,Military Forces of Yemen (2017-) Houthi,Military Forces of Saudi Arabia (2015-),Saudi Arabia,Jizan,"Pro-Houthi forces claimed to have fired artillery at Saudi forces in Na'ashaw (in As Sahhar area), Ka'ub and Al Mijazi' areas of Jizan governorate. No casualties were reported.",0,2018-Q3
2018-09-14,2018,Explosions/Remote violence,Shelling/artillery/missile attack,Military Forces of Yemen (2017-) Houthi,Military Forces of Saudi Arabia (2015-),Saudi Arabia,Jizan,"Pro-Houthi forces claimed to have fired artillery at Saudi forces in Na'ashaw (in As Sahhar area), Ka'ub and Al Mijazi' areas of Jizan governorate. No casualties were reported.",0,2018-Q3
2018-09-15,2018,Battles,Non-state actor overtakes territory,Military Forces of Yemen (2017-) Houthi,Militia (Pro-Government),Saudi Arabia,Jizan,Pro-Houthi forces claimed to have taken control of the Shabakah site area in Jizan governorate after clashes. No casualties were reported.,0,2018-Q3
2018-09-17,2018,Explosions/Remote violence,Remote explosive/landmine/IED,Military Forces of Yemen (2017-) Houthi,Militia (Pro-Government),Saudi Arabia,Najran,Pro-Houthi forces claimed to have destroyed a military vehicle of Saudi-affiliated forces off the Khadra border crossing area in Najran governorate. No casualties were reported. The language used by the source indicates the use of a landmine/IED.,0,2018-Q3
2018-09-18,2018,Explosions/Remote violence,Shelling/artillery/missile attack,Military Forces of Yemen (2017-) Houthi,,Saudi Arabia,Asir,"Pro-Houthi forces claimed to have fired a Badr-1 type ballistic missile at a Saudi military camp in Zahran al Janub district of Asir governorate, reportedly killing a number of soldiers. Saudi military forces in the district however claimed that the missile hit a village in the district, damaging a mosque and a house but resulting in no casualties.",0,2018-Q3
2018-09-19,2018,Explosions/Remote violence,Shelling/artillery/missile attack,Military Forces of Yemen (2017-) Houthi,Military Forces of Saudi Arabia (2015-),Saudi Arabia,Jizan,"Pro-Houthi forces claimed to have fired artillery at Saudi and Saudi-affiliated forces, and to have killed a number of fighters, in the Malhama, Shajrah and Sawdah areas of Jizan governorate. Unknown reported fatalities coded as 10 and spread across two locations.",5,2018-Q3
2018-09-21,2018,Explosions/Remote violence,Remote explosive/landmine/IED,Military Forces of Yemen (2017-) Houthi,Military Forces of Saudi Arabia (2015-),Saudi Arabia,Jizan,"Pro-Houthi forces claimed to have destroyed a military vehicle of Saudi forces, and to have killed a number of their fighters, with an IED in the Qays mountain area of Jizan governorate. Unknown reported fatalities coded as 10.",10,2018-Q3
2018-09-23,2018,Explosions/Remote violence,Shelling/artillery/missile attack,Military Forces of Yemen (2017-) Houthi,Militia (Pro-Government),Saudi Arabia,Najran,Pro-Houthi forces claimed to have fired a guided missile at Saudi-affiliated forces off the Khadra border crossing area in Najran governorate. No casualties were reported.,0,2018-Q3
2018-09-26,2018,Explosions/Remote violence,Shelling/artillery/missile attack,Military Forces of Yemen (2017-) Houthi,Military Forces of Saudi Arabia (2015-),Saudi Arabia,Jizan,"Pro-Houthi forces claimed to have fired artillery at Saudi and Saudi-affiliated forces in the Khazzan hills in Al Khobh, in Al 'Alim east of Dukhan, in As Sayyabah and east of Ad Dud in Jizan governorate. No casualties were reported.",0,2018-Q3
2018-09-27,2018,Explosions/Remote violence,Shelling/artillery/missile attack,Military Forces of Yemen (2017-) Houthi,Military Forces of Saudi Arabia (2015-),Saudi Arabia,Jizan,Pro-Houthi forces claimed to have fired artillery at Saudi forces in the Khushel watchtower in Jizan governorate. Injuries were reported but no fatalities.,0,2018-Q3
2018-09-29,2018,Explosions/Remote violence,Shelling/artillery/missile attack,Military Forces of Yemen (2017-) Houthi,Militia (Pro-Government),Saudi Arabia,Najran,Pro-Houthi forces claimed to have shelled Saudi-affiliated forces in Al Khubash watchtower in Najran governorate. No casualties were reported.,0,2018-Q3
2018-10-01,2018,Explosions/Remote violence,Shelling/artillery/missile attack,Military Forces of Yemen (2017-) Houthi,Military Forces of Saudi Arabia (2015-),Saudi Arabia,Jizan,Pro-Houthi forces claimed to have fired artillery at Saudi forces in Al Khobh area of Jizan governorate. Injuries were reported but no fatalities.,0,2018-Q4
2018-10-01,2018,Explosions/Remote violence,Shelling/artillery/missile attack,Military Forces of Yemen (2017-) Houthi,Military Forces of Saudi Arabia (2015-),Saudi Arabia,Jizan,"Pro-Houthi forces claimed to have fired artillery and rockets at Saudi and Saudi-affiliated forces, killing a number of their fighters, in several sites of Jizan governorate, including Al Ma'ridah, Al Faridah, Qaym as Sababa, As Suda, the Khushel watchtower and Na'shaw. Unknown reported fatalities coded as 10 and spread across two locations.",5,2018-Q4
2018-10-03,2018,Explosions/Remote violence,Shelling/artillery/missile attack,Military Forces of Yemen (2017-) Houthi,Military Forces of Saudi Arabia (2015-),Saudi Arabia,Jizan,"Pro-Houthi forces claimed to have fired three ballistic missiles at Saudi and Saudi-affiliated forces in Al Khobh area of Jizan governorate, leading to a number of deaths 'or' injuries. No fatalities coded.",0,2018-Q4
2018-10-05,2018,Explosions/Remote violence,Shelling/artillery/missile attack,Military Forces of Yemen (2017-) Houthi,Militia (Pro-Government),Saudi Arabia,Jizan,"Pro-Houthi forces claimed to have fired artillery at Saudi-affiliated forces off Qays mountain in Jizan governorate, allegedly killing a number of fighters. Unknown reported fatalities coded as 10.",10,2018-Q4
2018-10-05,2018,Explosions/Remote violence,Shelling/artillery/missile attack,Military Forces of Yemen (2017-) Houthi,Military Forces of Saudi Arabia (2015-),Saudi Arabia,Jizan,Pro-Houthi forces claimed to have fired two ballistic missiles at Saudi and Saudi-affiliated forces in Al Khobh area of Jizan governorate. No casualties were reported.,0,2018-Q4
2018-10-06,2018,Explosions/Remote violence,Shelling/artillery/missile attack,Military Forces of Yemen (2017-) Houthi,Military Forces of Saudi Arabia (2015-),Saudi Arabia,Jizan,Houthi forces shelled Saudi soldiers in a Kashel guard tower in Jizan Governorate. Injuries were reported but no fatalities.,0,2018-Q4
2018-10-07,2018,Explosions/Remote violence,Shelling/artillery/missile attack,Military Forces of Yemen (2017-) Houthi,Military Forces of Saudi Arabia (2015-),Saudi Arabia,Jizan,Pro-Houthi forces claimed to have fired a Zilzal-1 type ballistic missile at Saudi and Saudi-affiliated forces in Al Khobh area of Jizan governorate. No casualties were reported.,0,2018-Q4
2018-10-07,2018,Explosions/Remote violence,Shelling/artillery/missile attack,Military Forces of Yemen (2017-) Houthi,Military Forces of Saudi Arabia (2015-),Saudi Arabia,Jizan,Pro-Houthi forces claimed to have fired a Zilzal-1 type ballistic missile and artillery at Saudi forces in the MBC mount area of Jizan governorate. No casualties were reported but a tank was allegedly destroyed.,0,2018-Q4
2018-10-09,2018,Explosions/Remote violence,Shelling/artillery/missile attack,Military Forces of Yemen (2017-) Houthi,Military Forces of Saudi Arabia (2015-),Saudi Arabia,Jizan,"On 9 October 2018, Houthi forces claimed to have fired two Zilzal-1 type ballistic missiles at Saudi and Saudi-affiliated forces in Al Khobh district (coded to Al Harth district) (Jizan). Casualties unknown.",0,2018-Q4
2018-10-10,2018,Explosions/Remote violence,Shelling/artillery/missile attack,Military Forces of Yemen (2017-) Houthi,Militia (Pro-Government),Saudi Arabia,Asir,"Pro-Houthi forces claimed to have fired a Badr-1 type ballistic missile at Saudi-affiliated forces, and to have killed a number of their fighters, in a military camp of Asir governorate. Unknown reported fatalities coded as 10.",10,2018-Q4
2018-10-10,2018,Battles,Armed clash,Military Forces of Yemen (2017-) Houthi,Military Forces of Saudi Arabia (2015-),Saudi Arabia,Jizan,Pro-Houthi forces claimed to have attacked and killed a number of Saudi soldiers in the Qays mountain area of Jizan governorate. Unknown reported fatalities coded as 10. Pro-Houthi forces also claimed to have destroyed a military vehicle in the area.,10,2018-Q4
2018-10-13,2018,Explosions/Remote violence,Shelling/artillery/missile attack,Military Forces of Yemen (2017-) Houthi,Militia (Pro-Government),Saudi Arabia,Asir,Pro-Houthi forces claimed to have fired a Badr-1 type ballistic missile at Saudi-affiliated forces in a new military camp in Asir governorate. No casualties were reported.,0,2018-Q4
2018-10-13,2018,Battles,Armed clash,Military Forces of Yemen (2017-) Houthi,Military Forces of Saudi Arabia (2015-),Saudi Arabia,Jizan,"Pro-Houthi forces claimed to have attacked Saudi and Saudi-affiliated forces, and to have killed a number of their fighters, southwest of Jabal an Nar in Jizan governorate. Unknown reported fatalities coded as 10. *Note that Jabal an Nar is georeferenced in Yemen, and that Abu ad Darbah is the first location in Saudi Arabia west of Jabal an Nar.",10,2018-Q4
2018-10-13,2018,Explosions/Remote violence,Shelling/artillery/missile attack,Military Forces of Yemen (2017-) Houthi,Military Forces of Saudi Arabia (2015-),Saudi Arabia,Najran,"Pro-Houthi forces claimed to have fired artillery at Saudi soldiers in the Akifah site, west of Sudays, and in Nahuqah area in Najran governorate. No casualties were reported.",0,2018-Q4
2018-10-13,2018,Explosions/Remote violence,Shelling/artillery/missile attack,Military Forces of Yemen (2017-) Houthi,Military Forces of Saudi Arabia (2015-),Saudi Arabia,Najran,"Pro-Houthi forces claimed to have fired artillery at Saudi soldiers in the Akifah site, west of Sudays, and in Nahuqah area in Najran governorate. No casualties were reported.",0,2018-Q4
2018-10-15,2018,Explosions/Remote violence,Shelling/artillery/missile attack,Military Forces of Yemen (2017-) Houthi,Military Forces of Saudi Arabia (2015-),Saudi Arabia,Najran,Pro-Houthi forces claimed to have fired rocket and artillery at Saudi soldiers in the Akifah site in Najran governorate. No casualties were reported.,0,2018-Q4
2018-10-16,2018,Battles,Armed clash,Military Forces of Yemen (2017-) Houthi,Military Forces of Saudi Arabia (2015-),Saudi Arabia,Jizan,Pro-Houthi forces claimed to have killed 3 Saudi-affiliated fighters in sniper operations in the Thahir al Jamal site off Qays in Jizan governorate.,3,2018-Q4
2018-10-16,2018,Explosions/Remote violence,Shelling/artillery/missile attack,Military Forces of Yemen (2017-) Houthi,Militia (Pro-Government),Saudi Arabia,Najran,Pro-Houthi forces claimed to have fired artillery at Saudi-affiliated forces in Al Khadra border crossing area in Najran governorate. No casualties were reported.,0,2018-Q4
2018-10-17,2018,Battles,Armed clash,Military Forces of Yemen (2017-) Houthi,Military Forces of Saudi Arabia (2015-),Saudi Arabia,Najran,Pro-Houthi forces claimed to have attacked and killed a number of Saudi soldiers in the Nahuqah area of Najran governorate. Unknown reported fatalities coded as 10.,10,2018-Q4
2018-10-18,2018,Explosions/Remote violence,Shelling/artillery/missile attack,Military Forces of Yemen (2017-) Houthi,Militia (Pro-Government),Saudi Arabia,Jizan,Pro-Houthi forces claimed to have fired artillery at Saudi-affiliated forces east of the Dud area and in Juhfan in Jizan governorate. No casualties were reported.,0,2018-Q4
2018-10-19,2018,Explosions/Remote violence,Shelling/artillery/missile attack,Military Forces of Yemen (2017-) Houthi,Military Forces of Saudi Arabia (2015-),Saudi Arabia,Najran,Pro-Houthi forces claimed to have fired rockets at Saudi soldiers in the Nahuqah area of Najran governorate. No casualties were reported.,0,2018-Q4
2018-10-21,2018,Explosions/Remote violence,Shelling/artillery/missile attack,Military Forces of Yemen (2017-) Houthi,Military Forces of Saudi Arabia (2015-),Saudi Arabia,Jizan,"Houthi forces shelled Saudi soldier gatherings close in the al Ayn al Harah area of Jizan governorate, Saudi Arabia. There were no reported casualties.",0,2018-Q4
2018-10-21,2018,Explosions/Remote violence,Shelling/artillery/missile attack,Military Forces of Yemen (2017-) Houthi,Militia (Pro-Government),Saudi Arabia,Jizan,"Houthi forces shelled and fired a rocket at Saudi-affiliated anti-Houthi gatherings close to Jabal An Nar in Jizan governorate, Saudi Arabia. There were no reported fatalities. *Note that Jabal an Nar is georeferenced in Yemen, and that Abu ad Darbah is the first location in Saudi Arabia west of Jabal an Nar.",0,2018-Q4
2018-10-22,2018,Explosions/Remote violence,Shelling/artillery/missile attack,Military Forces of Yemen (2017-) Houthi,Military Forces of Saudi Arabia (2015-),Saudi Arabia,Jizan,Houthi military forces shelled Saudi soldiers in the the Qarn and Mashbal areas of Jizan governorate and killed one Saudi soldier during sniper operations in the Mashaal area in Jizan governorate.,0,2018-Q4
2018-10-25,2018,Battles,Armed clash,Military Forces of Yemen (2017-) Houthi,Military Forces of Saudi Arabia (2015-),Saudi Arabia,Jizan,"Houthi forces destroyed a Saudi military vehicle in Jabal Qais in Jizan, killing the crew. Unknown fatalities coded as 10.",10,2018-Q4
2018-10-25,2018,Battles,Armed clash,Militia (Pro-Government),Military Forces of Yemen (2017-) Houthi,Saudi Arabia,Jizan,"Houthi forces invaded and cleared a number of positions around Jabal Al Nar in Jizan governorate after armed clashes with Saudi-affiliated groups, resulting in a large number of deaths and injuries, destruction of a military vehicle, and weapons seizures. Unknown fatalities coded as 10. *Note that Jabal an Nar is georeferenced in Yemen, and that Abu ad Darbah is the first location in Saudi Arabia west of Jabal an Nar.",10,2018-Q4
2018-10-26,2018,Explosions/Remote violence,Shelling/artillery/missile attack,Military Forces of Yemen (2017-) Houthi,Military Forces of Saudi Arabia (2015-),Saudi Arabia,Jizan,Houthi forces launched three Zilzal 1 missiles at Saudi soldiers close to a border post in Al-Khawbah area of Jizan governorate. No casualties were reported.,0,2018-Q4
2018-10-27,2018,Explosions/Remote violence,Shelling/artillery/missile attack,Military Forces of Yemen (2017-) Houthi,Military Forces of Saudi Arabia (2015-),Saudi Arabia,Jizan,"Houthi forces and Saudi military forces exchanged artillery fire in al Khobh in Jizan governorate, Saudi Arabi. No casualties were reported.",0,2018-Q4
2018-10-28,2018,Explosions/Remote violence,Shelling/artillery/missile attack,Military Forces of Yemen (2017-) Houthi,Militia (Pro-Government),Saudi Arabia,Jizan,"Houthi forces shelled Saudi-affiliated anti-Houthi forces in Jabal al Nar in Jizan governorate. No casualties were reported. *Note that Jabal an Nar is georeferenced in Yemen, and that Abu ad Darbah is the first location in Saudi Arabia west of Jabal an Nar.",0,2018-Q4
2018-11-01,2018,Explosions/Remote violence,Shelling/artillery/missile attack,Military Forces of Yemen (2017-) Houthi,Militia (Pro-Government),Saudi Arabia,Jizan,Houthi militiamen launched a number of artillery shells at Saudi-affiliated soldiers in the Khobh area of Jizan. No injuries or fatalities were reported.,0,2018-Q4
2018-11-02,2018,Explosions/Remote violence,Shelling/artillery/missile attack,Military Forces of Yemen (2017-) Houthi,Military Forces of Saudi Arabia (2015-),Saudi Arabia,Jizan,"Pro-Houthi forces reportedly launched a barrage of Katyusha rockets targeting Saudi soldiers and affiliates in Jabal Qais, Jizan. No info on casualties.",0,2018-Q4
2018-11-02,2018,Battles,Armed clash,Military Forces of Yemen (2017-) Houthi,Militia (Pro-Government),Saudi Arabia,Najran,"Houthi fighters reportedly launched an armed attack against Houthi forces in the Tala'a Rajla area of Najran, causing 'death and injuries'. Unknown fatalities coded as 10.",10,2018-Q4
2018-11-06,2018,Battles,Armed clash,Military Forces of Yemen (2017-) Houthi,Military Forces of Saudi Arabia (2015-),Saudi Arabia,Jizan,"Clashes continued between Houthi forces and Saudi-affiliated anti-Houthi fighters around Jabal Qais in Jizan governorate, killing and injuring a number of fighters. Unknown fatalities coded as 10.",10,2018-Q4
2018-11-07,2018,Explosions/Remote violence,Shelling/artillery/missile attack,Military Forces of Yemen (2017-) Houthi,Military Forces of Saudi Arabia (2015-),Saudi Arabia,Jizan,Houthi fighters reportedly fired a barrage of Katyusha rockets at Saudi-affiliated soldiers in the Al-Majaziyah' area of Jizan. Injuries were mentioned but no fatalities were specified.,0,2018-Q4
2018-11-07,2018,Battles,Armed clash,Military Forces of Yemen (2017-) Houthi,Militia (Pro-Government),Saudi Arabia,Jizan,"According to Al-Houthi sources, anti-terrorism battalion leader Muqbel Al-Mutawn Al-Awlaki was killed by Al-Houthi fighters near the border of Al-Khobha area of Jizan.",1,2018-Q4
2018-11-09,2018,Battles,Armed clash,Military Forces of Yemen (2017-) Houthi,Military Forces of Saudi Arabia (2015-),Saudi Arabia,Jizan,"Houthi militiamen attacked Saudi soldiers and allied forces in the Al Luhuj village in Jabal Qays area of Jizan, resulting in deaths and injuries, coded as 10. Artillery bombardments were conducted by both sides during the day of the clashes. Houthi snipers claim to have killed an additional three Saudi-affiliated soldiers during the clashes.",13,2018-Q4
2018-11-09,2018,Explosions/Remote violence,Shelling/artillery/missile attack,Military Forces of Yemen (2017-) Houthi,Militia (Pro-Government),Saudi Arabia,Najran,Houthi artillery teams targeted Saudi-affiliated soldiers in the Al-Khadra'a area of Najran. No info on casualties.,0,2018-Q4
2018-11-10,2018,Battles,Armed clash,Military Forces of Yemen (2017-) Houthi,Militia (Pro-Government),Saudi Arabia,Jizan,Houthi forces attacked Saudi-affiliated anti-Houthi fighters in Jabal Qays in Jizan governorate. No casualties were reported.,0,2018-Q4
2018-11-10,2018,Explosions/Remote violence,Remote explosive/landmine/IED,Military Forces of Yemen (2017-) Houthi,Militia (Pro-Government),Saudi Arabia,Jizan,"Houthi forces destroyed two military vehicles belonging to Saudi-affiliated anti-Houthi groups in Khobh, killing the crew onboard. It was not clear how the vehicles were destroyed, but it was most likely via an IED or shelling. Unknown fatalities coded as 10.",10,2018-Q4
2018-11-11,2018,Explosions/Remote violence,Remote explosive/landmine/IED,Military Forces of Yemen (2017-) Houthi,Military Forces of Saudi Arabia (2015-),Saudi Arabia,Jizan,Houthi forces destroyed a military bulldozer and a military vehicle using IEDs in the eastern part Al Khawbah in Jizan governorate. No casualties were reported.,0,2018-Q4
2018-11-15,2018,Battles,Armed clash,Military Forces of Yemen (2017-) Houthi,Militia (Pro-Government),Saudi Arabia,Jizan,"Houthi fighters clashed with Saudi-affiliated soldiers in the Qays area of Jizan for more than 7 hours, resulting in 'dozens' dead and wounded. Fatalities coded as half (6).",6,2018-Q4
2018-11-15,2018,Battles,Armed clash,Military Forces of Yemen (2017-) Houthi,Militia (Pro-Government),Saudi Arabia,Najran,Houthi fighters engaged Saudi and Saudi-affiliated troops in battles lasting over 6 hours in the Shurfah and Kisrah areas of Najran. No info on casualties.,0,2018-Q4
2018-11-17,2018,Battles,Armed clash,Military Forces of Yemen (2017-) Houthi,Military Forces of Saudi Arabia (2015-),Saudi Arabia,Jizan,"Houthi fighters claim to have repulsed an attempted offensive into Jabal Qays area of Jizan, claiming to have killed and wounded an unspecified number of Saudi-affiliated soldiers during the clashes. Unknown fatalities coded as 10.",10,2018-Q4
2018-11-17,2018,Battles,Armed clash,Military Forces of Yemen (2017-) Houthi,Military Forces of Saudi Arabia (2015-),Saudi Arabia,Najran,A Saudi soldier was reportedly shot and killed by a Houthi sniper in the Shurfah area of Najran.,1,2018-Q4
2018-11-13,2018,Explosions/Remote violence,Shelling/artillery/missile attack,Military Forces of Yemen (2017-) Houthi,Military Forces of Saudi Arabia (2015-),Saudi Arabia,Jizan,"On 13 November 2018, Houthi forces shelled Saudi soldiers and Saudi-affiliated anti-Houthi fighters in Abu ad Darbah (Samtah, Jizan). Casualties unknown.",0,2018-Q4
2018-11-13,2018,Battles,Armed clash,Military Forces of Yemen (2017-) Houthi,Militia (Pro-Government),Saudi Arabia,Jizan,"Houthi forces clashed with Saudi-affiliated anti-Houthi in the Jahfan area in Jizan governorate, causing a number deaths and injuries. Unknown fatalities coded as 10.",10,2018-Q4
2018-11-13,2018,Explosions/Remote violence,Shelling/artillery/missile attack,Military Forces of Yemen (2017-) Houthi,Military Forces of Saudi Arabia (2015-),Saudi Arabia,Jizan,Houthi forces shelled Saudi soldiers and Saudi-affiliated anti-Houthi fighters in the Hujayrah area in Jizan governorate. No casualties were reported.,0,2018-Q4
2018-11-18,2018,Explosions/Remote violence,Shelling/artillery/missile attack,Military Forces of Yemen (2017-) Houthi,Military Forces of Saudi Arabia (2015-),Saudi Arabia,Jizan,Houthi forces shelled Saudi soldiers and Saudi-affiliated anti-Houthi fighters in Jabal Qays in Jizan governorate. No casualties were reported.,0,2018-Q4
2018-11-20,2018,Battles,Armed clash,Military Forces of Yemen (2017-) Houthi,Militia (Pro-Government),Saudi Arabia,Jizan,"Houthi forces attacked Saudi-affiliated anti-Houthi fighters at Qays in Jizan governorate. Houthi forces also reported used IEDs during the battle, killing and injuring an unknown number of fighters. Unknown fatalities coded as 10.",10,2018-Q4
2018-11-20,2018,Explosions/Remote violence,Shelling/artillery/missile attack,Military Forces of Yemen (2017-) Houthi,Military Forces of Saudi Arabia (2015-),Saudi Arabia,Jizan,Houthi forces destroyed a Saudi military vehicle with artillery shells in Ar Ramadah in Jizan governorate.,0,2018-Q4
2018-11-23,2018,Battles,Armed clash,Military Forces of Yemen (2017-) Houthi,Militia (Pro-Government),Saudi Arabia,Jizan,"Houthi forces reportedly repelled an attempted advance by Saudi soldiers and affiliates into the Qays mountain area, Jizan, resulting in the killing and injuring of 'dozens'. 10 airstrikes were carried out by the Saudi airforce during the clashes. Snipers later claimed to have killed 4 Saudi soldiers during the clashes Fatalities (12) coded as half (6) in addition to the 4 confirmed fatalities from sniper operations.",10,2018-Q4
2018-11-22,2018,Battles,Armed clash,Military Forces of Yemen (2017-) Houthi,Militia (Pro-Government),Saudi Arabia,Najran,"Houthi forces clashed with Saudi military and Saudi-affiliated anti-Houthi fighters, who were supposed by Saudi-led coalition airstrikes, in Ash Shurfah in Najran governorate. Sources reported a number of deaths and injuries from the battle. Unknown fatalities coded as 10.",10,2018-Q4
2018-11-24,2018,Battles,Armed clash,Military Forces of Yemen (2017-) Houthi,Militia (Pro-Government),Saudi Arabia,Jizan,"Saudi-affilited anti-Houthi fighters, support by Saudi-led coalition airstrikes, attacked Houthi positions in the Jabal Qais area in Jizan governorate, reportedly killing and injuring 'dozens.' Fatalities coded as half of 12.",6,2018-Q4
2018-11-25,2018,Battles,Armed clash,Military Forces of Yemen (2017-) Houthi,Militia (Pro-Government),Saudi Arabia,Najran,"Houthi forces clashed with Saudi-affiliated anti-Houthi forces at the Khadra Border Crossing in Najran governorate, with reports of a number of deaths and injuries from the battle. Unknown fatalities coded as 10.",10,2018-Q4
2018-11-25,2018,Explosions/Remote violence,Shelling/artillery/missile attack,Military Forces of Yemen (2017-) Houthi,Military Forces of Saudi Arabia (2015-),Saudi Arabia,Najran,Houthi forces shelled Saudi soldiers in the Ash Shurfah area in Najran governorate. No casualties were reported.,0,2018-Q4
2018-11-27,2018,Battles,Armed clash,Military Forces of Yemen (2017-) Houthi,Militia (Pro-Government),Saudi Arabia,Jizan,"Houthi forces launched a missile (Zilzal 1) at anti-Houthi fighters and afterwards attacked their position near Jabal Qays in Jizan governorate, reportedly killing and injuring a number of fighters. Unknown fatalities coded as 10.",10,2018-Q4
2018-11-27,2018,Explosions/Remote violence,Shelling/artillery/missile attack,Military Forces of Yemen (2017-) Houthi,Militia (Pro-Government),Saudi Arabia,Jizan,"Houthi forces launched a guided missile anti-Houthi fighters in Al Kawbah in Jizan governorate, destroying a military vehicle. There were reported of injuries but no fatalities.",0,2018-Q4
2018-11-27,2018,Explosions/Remote violence,Shelling/artillery/missile attack,Military Forces of Yemen (2017-) Houthi,Militia (Pro-Government),Saudi Arabia,Najran,Houthi forces shelled anti-Houthi fighter positions at Al Khashba watchtower in Najran governorate. No casualties were reported.,0,2018-Q4
2018-11-28,2018,Battles,Armed clash,Military Forces of Yemen (2017-) Houthi,Militia (Pro-Government),Saudi Arabia,Jizan,A number of Saudi-affiliated soldiers were reportedly killed and injuredy by Houthi forces near the Qais mountain in Jizan. Unknown fatalities coded as 10.,10,2018-Q4
2018-11-30,2018,Explosions/Remote violence,Shelling/artillery/missile attack,Military Forces of Yemen (2017-) Houthi,Civilians (Saudi Arabia),Saudi Arabia,Jizan,A Yemeni woman and a Saudi national were injured when a Houthi-fired projectile struck a civilian house in Samitah area of Jizan.,0,2018-Q4
2018-11-29,2018,Explosions/Remote violence,Shelling/artillery/missile attack,Military Forces of Yemen (2017-) Houthi,Militia (Pro-Government),Saudi Arabia,Jizan,Pro-Houthi forces claimed to have fired a Zilzal-2 type ballistic missile and artillery shells at Saudi-affiliated forces off the Qays mountain area in Jizan governorate. No casualties were reported.,0,2018-Q4
2018-11-30,2018,Explosions/Remote violence,Shelling/artillery/missile attack,Military Forces of Yemen (2017-) Houthi,Militia (Pro-Government),Saudi Arabia,Jizan,"Pro-Houthi forces claimed to have thwarted an attack of Saudi-affiliated forces supported by Saudi warplanes, and to have killed a number of their fighters, in the Juhfan mountain area in Jizan governorate. Unknown reported fatalities coded as 10.",10,2018-Q4
2018-12-01,2018,Battles,Armed clash,Military Forces of Yemen (2017-) Houthi,Militia (Pro-Government),Saudi Arabia,Najran,"Pro-Houthi forces claimed to have attacked and shelled Saudi-affiliated forces in Al Khadra border crossing area in Najran governorate, killing and injuring a number of fighters. Unknown reported fatalities coded as 10.",10,2018-Q4
2018-12-02,2018,Battles,Non-state actor overtakes territory,Military Forces of Yemen (2017-) Houthi,Militia (Pro-Government),Saudi Arabia,Jizan,"Pro-Houthi forces claimed to have taken over a number of sites in the Qays mountain area of Jizan governorate following clashes with Saudi-affiliated forces, during which a number of the latter were reported killed. Unknown reported fatalities coded as 10.",10,2018-Q4
2018-12-02,2018,Explosions/Remote violence,Shelling/artillery/missile attack,Military Forces of Yemen (2017-) Houthi,Military Forces of Saudi Arabia (2015-),Saudi Arabia,Jizan,"Pro-Houthi forces claimed to have fired artillery at Saudi forces, and to have killed a number of soldiers, in Al Hathirah village in Jizan governorate. Unknown reported fatalities coded as 10.",10,2018-Q4
2018-12-02,2018,Explosions/Remote violence,Shelling/artillery/missile attack,Military Forces of Yemen (2017-) Houthi,Militia (Pro-Government),Saudi Arabia,Jizan,"Pro-Houthi forces claimed to have fired artillery at Saudi-affiliated forces, injuring a number of their fighters, in the east of An Nar mountain in Jizan governorate, while also burning a military vehicle in the west of the mountain. Injuries were reported but no fatalities. *Note that Jabal an Nar is georeferenced in Yemen, and that Abu ad Darbah is the first location in Saudi Arabia west of Jabal an Nar.",0,2018-Q4
2018-12-03,2018,Battles,Armed clash,Military Forces of Yemen (2017-) Houthi,Militia (Pro-Government),Saudi Arabia,Jizan,"Pro-Houthi forces claimed to have attacked and killed 6 Saudi-affiliated fighters in the Qays mountain area of Jizan governorate, a day after they reportedly took control of several sites in the area.",6,2018-Q4
2018-12-05,2018,Battles,Armed clash,Military Forces of Yemen (2017-) Houthi,Military Forces of Saudi Arabia (2015-),Saudi Arabia,Jizan,Houthi snipers shot and killed two Saudi solders on the Jabal Qays area of Jizan.,2,2018-Q4
2018-12-05,2018,Explosions/Remote violence,Shelling/artillery/missile attack,Military Forces of Yemen (2017-) Houthi,Military Forces of Saudi Arabia (2015-),Saudi Arabia,Najran,Houthi artillery teams shelled Saudi affiliated solders in the Khadhra'a area of Najran. No injuries or fatalities were specified by the source.,0,2018-Q4
2018-12-06,2018,Battles,Armed clash,Military Forces of Yemen (2017-) Houthi,Militia (Pro-Government),Saudi Arabia,Jizan,Houthi fighters repelled an attempted advance by Saudi-affiliated soldiers into the Qays mount are of Jizan. Unknown fatalities mentioned by the source as a result of the clashes coded as 10. Shelling continued in the area throughout the day.,10,2018-Q4
2018-12-07,2018,Battles,Armed clash,Military Forces of Yemen (2017-) Houthi,Militia (Pro-Government),Saudi Arabia,Jizan,"Houthi forces attacked Saudi soldiers and affiliates in the Jabal Qais area of Jizan, claiming to have killed and wounded an unspecified number of soldiers. Unknown fatalities coded as 10.",10,2018-Q4
2018-12-08,2018,Battles,Armed clash,Military Forces of Yemen (2017-) Houthi,Militia (Pro-Government),Saudi Arabia,Jizan,"Pro-Houthi forces claimed to have thwarted attacks of Saudi-affiliated forces toward the Qays mountain and east of the Dud mount in Jizan governorate, without reporting casualties.",0,2018-Q4
2018-12-12,2018,Battles,Armed clash,Military Forces of Yemen (2017-) Houthi,Militia (Pro-Government),Saudi Arabia,Jizan,"Pro-Houthi forces claimed to have thwarted attacks of Saudi-affiliated forces, killing a number of fighters, in the Qays mountain area in Jizan governorate. Unknown reported fatalities coded as 10.",10,2018-Q4
2018-12-12,2018,Explosions/Remote violence,Shelling/artillery/missile attack,Military Forces of Yemen (2017-) Houthi,Military Forces of Saudi Arabia (2015-),Saudi Arabia,Jizan,"Pro-Houthi forces claimed to have destroyed a Saudi military vehicle with a missile in the east of the Juhfan mount area in Jizan governorate, without reporting casualties.",0,2018-Q4
2018-12-14,2018,Explosions/Remote violence,Remote explosive/landmine/IED,Military Forces of Yemen (2017-) Houthi,Militia (Pro-Government),Saudi Arabia,Jizan,"Houthi soldiers detonated a landmine as Saudi-affiliated soldiers attempted to advance into the Qays area of Jizan, killing and injuring 'dozens'. Fatalities coded as 6.",6,2018-Q4
2018-12-16,2018,Explosions/Remote violence,Shelling/artillery/missile attack,Military Forces of Yemen (2017-) Houthi,Militia (Pro-Government),Saudi Arabia,Jizan,"Pro-Houthi forces claimed to have fired four Zilzal-1 type ballistic missiles and artillery shells at Saudi-affiliated forces off Qays mountain in Jizan governorate, killing and injuring a number of fighters. Unknown reported fatalities coded as 10.",10,2018-Q4
2018-12-17,2018,Explosions/Remote violence,Shelling/artillery/missile attack,Military Forces of Yemen (2017-) Houthi,Militia (Pro-Government),Saudi Arabia,Jizan,"Pro-Houthi forces claimed to have fired artillery and four Zilzal-1 type ballistic missiles at Saudi-affiliated forces east of Al-Khobh area, Jizan governorate, with no report of casualties.",0,2018-Q4
2018-12-17,2018,Explosions/Remote violence,Air/drone strike,Military Forces of Saudi Arabia (2015-),,Saudi Arabia,Jizan,"Saudi air forces reportedly carried out five raids on the Qays and Juhfan mountains in Jizan governorate, with no report of casualties.",0,2018-Q4
2018-12-21,2018,Explosions/Remote violence,Remote explosive/landmine/IED,Military Forces of Yemen (2017-) Houthi,Militia (Pro-Government),Saudi Arabia,Jizan,Houthi fighters claim to have killed and wounded a number of Saudi-affiliated forces off Qais mount in Jizan using an IED bomb. Unknown fatalities coded as 10.,10,2018-Q4
2018-12-21,2018,Explosions/Remote violence,Shelling/artillery/missile attack,Military Forces of Yemen (2017-) Houthi,Military Forces of Saudi Arabia (2015-),Saudi Arabia,Jizan,"On 21 December 2018, Houthi forces claimed to have fired a Zilzal-1 rocket at Saudi soldiers in Al Khobh (Al Harth, Jizan). Casualties unknown.",0,2018-Q4
2018-12-31,2018,Explosions/Remote violence,Shelling/artillery/missile attack,Military Forces of Yemen (2017-) Houthi,Military Forces of Saudi Arabia (2015-),Saudi Arabia,Jizan,"Pro-Houthi forces claimed to have fired a Zilzal-1 type ballistic missile at Saudi forces in the Qays mountain area of Jizan governorate, injuring a number of soldiers.",0,2018-Q4
2018-12-31,2018,Battles,Non-state actor overtakes territory,Military Forces of Yemen (2017-) Houthi,Military Forces of Saudi Arabia (2015-),Saudi Arabia,Najran,"Pro-Houthi forces claimed to have taken control of a number of sites off Al-Khadra border crossing area in Najran governorate, killing and injuring a number of Saudi and Saudi-affiliated fighters (including in Al Halaq watchtower area). Unknown reported fatalities coded as 10 and split over two events.",5,2018-Q4
2019-01-13,2019,Explosions/Remote violence,Shelling/artillery/missile attack,Military Forces of Yemen (2017-) Houthi,Military Forces of Saudi Arabia (2015-),Saudi Arabia,Najran,"Pro-Houthi forces claimed to have fired artillery at Saudi and Saudi-affiliated forces in Nahuqah, Al-Halaq, Al-Sudays, and Al-Ajashir areas of Najran governorate, with no report of casualties.",0,2019-Q1
2019-01-14,2019,Explosions/Remote violence,Air/drone strike,Military Forces of Yemen (2017-) Houthi,Military Forces of Saudi Arabia (2015-),Saudi Arabia,Najran,"Pro-Houthi forces claimed to have carried out a joint drone and artillery attack on Saudi forces and affiliates in Siqam camp in Najran governorate, with no report of casualties.",0,2019-Q1
2019-01-15,2019,Explosions/Remote violence,Shelling/artillery/missile attack,Military Forces of Yemen (2017-) Houthi,Militia (Pro-Government),Saudi Arabia,Jizan,"Pro-Houthi forces claimed to have fired artillery at Saudi-affiliated forces in 'Ayn Harah area of Jizan governorate, killing and injuring a number of fighters. Unknown reported fatalities coded as 10.",10,2019-Q1
2019-01-16,2019,Explosions/Remote violence,Remote explosive/landmine/IED,Military Forces of Yemen (2017-) Houthi,Military Forces of Saudi Arabia (2015-),Saudi Arabia,Jizan,"On 16 January 2019, Houthi forces reportedly ambushed Saudi troops and militias detonating 2 IEDs in Qays mountain area of Jizan border province, southern Saudi Arabia, killing and injuring several Saudi elements. Unknown number of fatalities and injuries coded as ?0?",10,2019-Q1
2019-01-17,2019,Explosions/Remote violence,Shelling/artillery/missile attack,Military Forces of Yemen (2017-) Houthi,Military Forces of Saudi Arabia (2015-),Saudi Arabia,Najran,"On 17 January 2019, pro-Houthi forces reportedly shelled gatherings of Saudi troops in Akifah centre of Najran, southern Saudi Arabia, with a Zilzal 1 missile. No casualties reported.",0,2019-Q1
2019-01-19,2019,Battles,Armed clash,Military Forces of Yemen (2017-) Houthi,Military Forces of Saudi Arabia (2015-),Saudi Arabia,Jizan,"On 19 January 2019, pro-Houthi snipers reportedly shot dead 3 Saudi soldiers in Ash Shabakah and Al Amud Mountain, east of Juhfan in Al Harth district of Jizan province, southern Saudi Arabia. Fatalities split up between 2 events.",2,2019-Q1
2019-01-20,2019,Explosions/Remote violence,Shelling/artillery/missile attack,Military Forces of Yemen (2017-) Houthi,Military Forces of Saudi Arabia (2015-),Saudi Arabia,Jizan,"Pro-Houthi forces claimed to have fired artillery at Saudi forces in Al-Miz'ab area of Jizan governorate, with no report of casualties.",0,2019-Q1
2019-01-21,2019,Explosions/Remote violence,Shelling/artillery/missile attack,Military Forces of Yemen (2017-) Houthi,Militia (Pro-Government),Saudi Arabia,Jizan,"Pro-Houthi forces claimed to have destroyed several military vehicles belonging to Saudi-affiliated forces with missiles and rockets fire off Qays mountain in Jizan governorate, killing and injuring a number of fighters. Unknown reported fatalities coded as 10.",10,2019-Q1
2019-01-21,2019,Explosions/Remote violence,Shelling/artillery/missile attack,Military Forces of Yemen (2017-) Houthi,Militia (Pro-Government),Saudi Arabia,Jizan,"Pro-Houthi forces claimed to have fired a Badr-1 type ballistic missile at Saudi-affiliated forces in Jizan governorate, killing and injuring 'dozens' of fighters. Unknown reported fatalities coded as 6.",6,2019-Q1
2019-01-22,2019,Explosions/Remote violence,Shelling/artillery/missile attack,Military Forces of Yemen (2017-) Houthi,Military Forces of Saudi Arabia (2015-),Saudi Arabia,Jizan,"Pro-Houthi forces claimed to have fired a Zilzal-1 type ballistic missile at Saudi and Saudi-affiliated forces east of Jabal Juhfan in Jizan governorate, killing an injuring a number of fighters. Unknown reported fatalities coded as 10.",10,2019-Q1
2019-01-26,2019,Explosions/Remote violence,Air/drone strike,Military Forces of Yemen (2017-) Houthi,Military Forces of Saudi Arabia (2015-),Saudi Arabia,Asir,"Pro-Houthi forces claimed to have carried out a drone attack targeting Saudi forces in Asir governorate, killing and injuring a number of soldiers. Unknown reported fatalities coded as 10.",10,2019-Q1
2019-01-28,2019,Explosions/Remote violence,Air/drone strike,Military Forces of Yemen (2017-) Houthi,Militia (Pro-Government),Saudi Arabia,Asir,"Pro-Houthi forces claimed to have carried out a joint drone and artillery attack on Saudi-affiliated forces east of Jabal Wa'wa' in Asir governorate, with no report of casualties.",0,2019-Q1
2019-01-28,2019,Explosions/Remote violence,Shelling/artillery/missile attack,Military Forces of Yemen (2017-) Houthi,Military Forces of Saudi Arabia (2015-),Saudi Arabia,Najran,"Pro-Houthi forces claimed to have fired 3 rockets at Saudi forces in Al-Shurfah area of Najran governorate, with no report of casualties.",0,2019-Q1
2019-01-31,2019,Explosions/Remote violence,Shelling/artillery/missile attack,Military Forces of Yemen (2017-) Houthi,Military Forces of Saudi Arabia (2015-),Saudi Arabia,Najran,"Houthi forces claim to have fired a Zilzal 1 type ballistic missile at Saudi soldiers in the Aakafah area of Najran, killing and wounding an unspecified number of soldiers. Unknown fatalities coded as 10.",10,2019-Q1
2019-02-01,2019,Explosions/Remote violence,Shelling/artillery/missile attack,Military Forces of Yemen (2017-) Houthi,Militia (Pro-Government),Saudi Arabia,Jizan,"On 1 February 2019, pro-Houthi forces reportedly fired missiles at anti-Houthi forces west of Juhfan area of Jizan province, southern Saudi Arabia. East of Juhfan, they reportedly fired a Zilzal-1 type ballistic missile. No casualties reported.",0,2019-Q1
2019-01-24,2019,Explosions/Remote violence,Air/drone strike,Military Forces of Yemen (2017-) Houthi,Military Forces of Saudi Arabia (2015-),Saudi Arabia,Asir,"Pro-Houthi forces claimed to have carried out a drone attack targeting Saudi forces in Asir governorate, with no report of casualties.",0,2019-Q1
2019-02-09,2019,Battles,Armed clash,Military Forces of Yemen (2017-) Houthi,Militia (Pro-Government),Saudi Arabia,Jizan,"Either on 8 or 9 February, pro-Houthi forces reportedly attacked anti-Houthi forces near Ash Shabakah area of Jizan province, southern Saudi Arabia. No casualties reported.",0,2019-Q1
2019-02-09,2019,Battles,Armed clash,Military Forces of Yemen (2017-) Houthi,Militia (Pro-Government),Saudi Arabia,Najran,"Either on 8 or 9 February, pro-Houthi forces reportedly attacked anti-Houthi forces near Ash Shurfah area of Najran province, southern Saudi Arabia. No casualties reported.",0,2019-Q1
2019-02-01,2019,Explosions/Remote violence,Shelling/artillery/missile attack,Military Forces of Yemen (2017-) Houthi,Military Forces of Saudi Arabia (2015-),Saudi Arabia,Najran,"Pro-Houthi forces claimed to have fired a Zilzal-1 type ballistic missile at Saudi and Saudi-affiliated forces in Al-'Ushah junction area of Najran governorate, injuring a number of fighters.",0,2019-Q1
2019-02-02,2019,Explosions/Remote violence,Shelling/artillery/missile attack,Military Forces of Yemen (2017-) Houthi,Military Forces of Saudi Arabia (2015-),Saudi Arabia,Jizan,"Pro-Houthi forces claimed to have fired four Zilzal-1 type ballistic missiles and artillery shells at Saudi and Saudi-affiliated forces in MBC mount and Al-Khobh area of Jizan governorate, injuring a number of fighters.",0,2019-Q1
2019-02-02,2019,Explosions/Remote violence,Shelling/artillery/missile attack,Military Forces of Yemen (2017-) Houthi,Military Forces of Saudi Arabia (2015-),Saudi Arabia,Jizan,"Pro-Houthi forces claimed to have fired four Zilzal-1 type ballistic missiles and artillery shells at Saudi and Saudi-affiliated forces in MBC mount and Al-Khobh area of Jizan governorate, injuring a number of fighters. Off MBC mount, a number of Saudi soldiers were also reported killed as they were ambushed with explosive devices. Unknown reported fatalities coded as 10.",10,2019-Q1
2019-02-13,2019,Explosions/Remote violence,Shelling/artillery/missile attack,Military Forces of Yemen (2017-) Houthi,Military Forces of Saudi Arabia (2015-),Saudi Arabia,Jizan,"On 13 February 2019, pro-Houthi artillery reportedly shelled Saudi and anti-Houthi forces near Qays mountain in Jizan, southern Saudi Arabia. No casualties reported.",0,2019-Q1
2019-02-15,2019,Battles,Armed clash,Military Forces of Yemen (2017-) Houthi,Military Forces of Saudi Arabia (2015-),Saudi Arabia,Jizan,Two Saudi soldiers were shot dead in Houthi sniping operations in the Jabal Juhfan area of Jizan.,2,2019-Q1
2019-02-15,2019,Battles,Non-state actor overtakes territory,Militia (Pro-Government),Military Forces of Yemen (2017-) Houthi,Saudi Arabia,Najran,"Pro-Hadi troops of the 'Harb Al-Amid' brigade, backed by Saudi Arabia, battled Houthi fighters in Akafa area of the Sadah/Najran border area, taking control of the Marba'a Shaja'a square and the Wadi Al Ashar area, in addition to the Al-Zarami area. According to the source, the bodies of a Houthi leader and several fighters were discovered in the Shaja'a square after the clashes, having died during the battles. Unknown fatalities coded as 10.",10,2019-Q1
2019-02-16,2019,Explosions/Remote violence,Shelling/artillery/missile attack,Military Forces of Yemen (2017-) Houthi,Military Forces of Saudi Arabia (2015-),Saudi Arabia,Jizan,Pro-Houthi forces fired 10 ballistic missiles at Saudi positions in Qays area of Jizan. No info on casualties.,0,2019-Q1
2019-02-16,2019,Battles,Armed clash,Military Forces of Yemen (2017-) Houthi,Militia (Pro-Government),Saudi Arabia,Jizan,"Pro-Houthi forces claimed to have thwarted an attack of Saudi-affiliated forces, supported by Saudi air cover, in Al-Khobh area of Jizan governorate, killing and injuring a number of fighters and destroying a military vehicle. Unknown reported fatalities coded as 10.",10,2019-Q1
2019-02-16,2019,Battles,Armed clash,Military Forces of Yemen (2017-) Houthi,Military Forces of Saudi Arabia (2015-),Saudi Arabia,Najran,"Pro-Houthi forces claimed to have attacked Saudi forces in Al-Shurfah area of Najran governorate, killing and injuring a number of soldiers. Unknown reported fatalities coded as 10.",10,2019-Q1
2019-02-20,2019,Explosions/Remote violence,Shelling/artillery/missile attack,Military Forces of Yemen (2017-) Houthi,Militia (Pro-Government),Saudi Arabia,Jizan,"Pro-Houthi forces claimed to have fired two missiles at Saudi-affiliated forces east of Juhfan mountain in Jizan governorate, with no report of casualties but allegedly damaging a military bulldozer.",0,2019-Q1
2019-02-21,2019,Explosions/Remote violence,Shelling/artillery/missile attack,Military Forces of Yemen (2017-) Houthi,Military Forces of Saudi Arabia (2015-),Saudi Arabia,Jizan,"On 21 February 2019, pro-Houthi forces reportedly shelled Saudi forces with a Zilzal-1 missile in Juhfan area of Jizan province, southern Saudi Arabia, destroying a military vehicle full of Saudi passengers. No fatalities were reported.",0,2019-Q1
2019-02-21,2019,Explosions/Remote violence,Shelling/artillery/missile attack,Military Forces of Yemen (2017-) Houthi,Military Forces of Saudi Arabia (2015-),Saudi Arabia,Najran,"On 21 February 2019, pro-Houthi forces reportedly fired artillery at Saudi forces in Nahuqah area of Najran border province, southern Saudi Arabia. No casualties reported.",0,2019-Q1
2019-02-23,2019,Battles,Non-state actor overtakes territory,Military Forces of Yemen (2017-) Houthi,Military Forces of Saudi Arabia (2015-),Saudi Arabia,Jizan,"On 23 February 2019, pro-Houthi forces gained control on several hills in Jabal Jahfan in Jizan after armed clashes with Saudi soldiers, killing and injuring several soldiers. Unknown fatalities coded as 10.",10,2019-Q1
2019-02-23,2019,Explosions/Remote violence,Shelling/artillery/missile attack,Military Forces of Yemen (2017-) Houthi,Military Forces of Saudi Arabia (2015-),Saudi Arabia,Najran,"On 23 February 2019, pro-Houthi forces launched several Katyusha missiles targeting Saudi forces gathering in Akifah in Najran governorate, causing several injuries. No fatalities reported.",0,2019-Q1
2019-02-23,2019,Explosions/Remote violence,Shelling/artillery/missile attack,Military Forces of Yemen (2017-) Houthi,Militia (Pro-Government),Saudi Arabia,Najran,"On 23 February 2019, pro-Houthi forces shelled Saudi-affiliated soldiers at Al Khadra border crossing point in Najran. No injuries nor fatalities reported.",0,2019-Q1
2019-02-23,2019,Explosions/Remote violence,Shelling/artillery/missile attack,Military Forces of Yemen (2017-) Houthi,Military Forces of Saudi Arabia (2015-),Saudi Arabia,Najran,"On 23 February 2019, Houthi forces launched a Zilzal-1 long-range artillery rocket targeting Saudi forces in Al Hajlah in Najran district (Najran). Casualties unknown.",0,2019-Q1
2019-02-24,2019,Explosions/Remote violence,Shelling/artillery/missile attack,Military Forces of Yemen (2017-) Houthi,Military Forces of Saudi Arabia (2015-),Saudi Arabia,Jizan,"On 24 February 2019, pro-Houthi forces shelled Saudi forces at a new military site in the Qays mountain of Jizan governorate. No injuries nor fatalities reported.",0,2019-Q1
2019-02-25,2019,Explosions/Remote violence,Shelling/artillery/missile attack,Military Forces of Yemen (2017-) Houthi,Militia (Pro-Government),Saudi Arabia,Jizan,"On 25 February 2019, pro-Houthi forces shelled Saudi soldiers and militia groups' gathering at Jabal Qays area of Al Aridah district. No injuries nor fatalities reported.",0,2019-Q1
2019-02-25,2019,Explosions/Remote violence,Shelling/artillery/missile attack,Military Forces of Yemen (2017-) Houthi,Military Forces of Saudi Arabia (2015-),Saudi Arabia,Najran,"On 25 February 2019, pro-Houthi forces killed a Saudi army soldier when they shelled a Saudi military vehicle in the middle of Abu Hamdan area of Najran district.",1,2019-Q1
2019-03-01,2019,Battles,Armed clash,Military Forces of Yemen (2017-) Houthi,Military Forces of Saudi Arabia (2015-),Saudi Arabia,Jizan,"On 1 March 2019, pro-Houthi forces clashed with Saudi army and Saudi-affiliated militias in Jabal Al Qays area of Jizan, during the clashes, pro-Houthi forces shot down a reconnaissance drone and destroyed two bulldozers using guided missiles. Several soldiers were killed and injured in the clash, unknown fatalities coded as 10.",10,2019-Q1
2019-03-02,2019,Explosions/Remote violence,Shelling/artillery/missile attack,Military Forces of Yemen (2017-) Houthi,Militia (Pro-Government),Saudi Arabia,Jizan,"On 2 March 2019, pro-Houthi forces clashed with Saudi-affiliated militias' in Jabal ad Dud area in Jizan, and shelled Saudi-affiliated militias' gatherings and destroyed a military vehicle near Jabal Qays in Jizan, killing and injuring dozens of soldiers. Unknown fatalities coded as 6 (split across two events).",3,2019-Q1
2019-03-02,2019,Battles,Armed clash,Military Forces of Yemen (2017-) Houthi,Militia (Pro-Government),Saudi Arabia,Najran,"On 2 March 2019, pro-Houthi forces gained control of several sites after clashes with Saudi-affiliated militias supported by airstrikes in At Talaah area in Najran, killing and injuring several soldiers. Unknown fatalities coded as 10.",10,2019-Q1
2019-03-03,2019,Battles,Armed clash,Military Forces of Yemen (2017-) Houthi,Militia (Pro-Government),Saudi Arabia,Jizan,"On 3 March 2019, pro-Houthi forces clashed twice with Saudi-affiliated militias supported by coalition airstrikes in Jabal Al Qays in Jizan, killing and injuring several soldiers. Unknown fatalities coded as 10.",10,2019-Q1
2019-03-03,2019,Explosions/Remote violence,Shelling/artillery/missile attack,Military Forces of Yemen (2017-) Houthi,Militia (Pro-Government),Saudi Arabia,Jizan,"On 3 March 2019, pro-Houthi forces shelled Saudi-affiliated militias positions in Jabal Juhfan site in Jizan. No injuries nor fatalities reported.",0,2019-Q1
2019-03-16,2019,Battles,Armed clash,Military Forces of Yemen (2017-) Houthi,Militia (Pro-Government),Saudi Arabia,Jizan,"On 16 March 2019, pro-Houthi forces reportedly thwarted a coalition backed anti-Houthi incursion off Qays mountain of Jizan province, southern Saudi Arabia, killing and injuring several anti-Houthi elements. Unknown number of fatalities and injuries coded as 10.",10,2019-Q1
2019-03-16,2019,Explosions/Remote violence,Shelling/artillery/missile attack,Military Forces of Yemen (2017-) Houthi,Militia (Pro-Government),Saudi Arabia,Jizan,"On 16 March 2019, pro-Houthi forces reportedly damaged by shelling an anti-Houthi machine gun in Juhfan mountain area of Jizan province, southern Saudi Arabia. No fatalities nor injuries reported.",0,2019-Q1
2019-03-17,2019,Battles,Government regains territory,Military Forces of Yemen (2017-) Houthi,Militia (Pro-Government),Saudi Arabia,Najran,"Pro-Houthi forces claimed to have taken control of a military site in Al-Tala'ah area of Najran governorate, following clashes during which they killed and injured a number of Saudi-affiliated forces, and destroyed three weapons storage areas and three military vehicles. Unknown reported fatalities coded as 10.",10,2019-Q1
2019-03-22,2019,Explosions/Remote violence,Shelling/artillery/missile attack,Military Forces of Yemen (2017-) Houthi,Militia (Pro-Government),Saudi Arabia,Jizan,"On 22 March 2019, Houthi forces shelled a vehicle of Saudi-affiliated forces (coded as pro-Hadi forces) south of Tuwayliq in Jizan province (coded to Rahwan) (Al Harth, Jizan) killing and injuring the fighters in the vehicle. Unclear fatalities coded as 10.",10,2019-Q1
2019-03-24,2019,Battles,Armed clash,Military Forces of Yemen (2017-) Houthi,Military Forces of Saudi Arabia (2015-),Saudi Arabia,Jizan,"Houthi forces claim to have attacked Saudi positions near the MBC mountain in Jizan, claiming to have killed at least 20 soldiers in an attack that featured artillery, small arms, and vehicles.",20,2019-Q1
2019-03-24,2019,Explosions/Remote violence,Shelling/artillery/missile attack,Military Forces of Yemen (2017-) Houthi,Militia (Pro-Government),Saudi Arabia,Jizan,"On 24 March 2019, pro-Houthi forces fired a Zilzal-1 missile and artillery at Saudi-affiliated troops in Al Quwah area of Jizan province, southern Saudi Arabia, injuring several Saudi-affiliated elements.",0,2019-Q1
2019-03-24,2019,Battles,Armed clash,Military Forces of Yemen (2017-) Houthi,Militia (Pro-Government),Saudi Arabia,Jizan,"On 24 March 2019, pro-Houthi snipers reportedly shot dead 5 Saudi-affiliated elements east of Juhfan mountain of Jizan province and in Al Ajashir desert area of Najran province, southern Saudi Arabia. 5 fatalities split between 2 events.",3,2019-Q1
2019-03-25,2019,Battles,Armed clash,Military Forces of Yemen (2017-) Houthi,Militia (Pro-Government),Saudi Arabia,Jizan,11 anti-Houthi forces backed by Saudi Arabia were reportedly killed by pro-Houthi forces who had planted an IED bomb in the Jabal Al-Qays area of Jizan. Battles fought in the same area on the same day resulted in an unspecified number of fatalities. Unknown fatalities coded as 10 (in additionto the 11 specified killed in the IED explosion).,21,2019-Q1
2019-03-25,2019,Battles,Armed clash,Military Forces of Yemen (2017-) Houthi,Military Forces of Saudi Arabia (2015-),Saudi Arabia,Jizan,A Saudi soldier was shot and killed by pro-Houthi snipers in Jabal Juhfan area of Jizan.,1,2019-Q1
2019-03-26,2019,Battles,Armed clash,Military Forces of Yemen (2017-) Houthi,Militia (Pro-Government),Saudi Arabia,Jizan,"Houthi forces claim to have defeated an attempted offensive by anti-Houthi forces into Houthi-controlled area of Qays, Jizan. According to the source, Houthi forces fired artillery and missiles at the incoming troops, killing and wounding an unspecified number. Unknown fatalities coded as 10.",10,2019-Q1
2019-03-26,2019,Battles,Armed clash,Military Forces of Yemen (2017-) Houthi,Military Forces of Saudi Arabia (2015-),Saudi Arabia,Jizan,Houthi forces claim to have shot and killed 2 Saudi soldiers in sniping operations in the Juhfan area of Jizan.,2,2019-Q1
2019-03-30,2019,Battles,Armed clash,Military Forces of Yemen (2017-) Houthi,Militia (Pro-Government),Saudi Arabia,Jizan,"On 30 March 2019, pro-Houthi forces reportedly thwarted 2 incursions of Saudi-affiliated forces backed by aircrafts and Apache helicopters in Ash Shabakah area of Jizan province and Ash Shurfah area of Najran province, southern Saudi Arabia, killing and injuring several Saudi-affiliated elements. Unknown number of fatalities and injuries coded as 10 and split up between 2 events.",5,2019-Q1
2019-03-30,2019,Explosions/Remote violence,Shelling/artillery/missile attack,Military Forces of Yemen (2017-) Houthi,Militia (Pro-Government),Saudi Arabia,Najran,"On 30 March 2019, pro-Houthi forces reportedly fired a Zilzal-1 missile at Akifah military site in Al Hammad area of Najran province, southern Saudi Arabia, killing and injuring several Saudi-affiliated elements. Unknown number of fatalities and injuries coded as 10.",10,2019-Q1
2019-03-30,2019,Battles,Armed clash,Military Forces of Yemen (2017-) Houthi,Militia (Pro-Government),Saudi Arabia,Najran,"On 30 March 2019, pro-Houthi forces reportedly thwarted 2 incursions of Saudi-affiliated forces backed by aircrafts and Apache helicopters in Ash Shabakah area of Jizan province and Ash Shurfah area of Najran province, southern Saudi Arabia, killing and injuring several Saudi-affiliated elements. Unknown number of fatalities and injuries coded as 10 and split up between 2 events.",5,2019-Q1
2019-04-04,2019,Explosions/Remote violence,Shelling/artillery/missile attack,Military Forces of Yemen (2017-) Houthi,Military Forces of Saudi Arabia (2015-),Saudi Arabia,Najran,"On 4 April 2019, pro-Houthi forces reportedly fired a Zilzal-1 missile at Saudi forces in Akifah area of Najran province, southern Saudi Arabia, killing and injuring several Saudi elements. Unknown number of fatalities and injuries coded as 10.",10,2019-Q2
2019-04-05,2019,Explosions/Remote violence,Remote explosive/landmine/IED,Military Forces of Yemen (2017-) Houthi,Militia (Pro-Government),Saudi Arabia,Najran,"On 5 April 2019, a pro-Houthi engineering team reportedly ambushed by IED Saudi-affiliated groups in Al Hammad area of Akifah, Najran province, southern Saudi Arabia, killing and injuring several Saudi-affiliated elements. Unknown number of fatalities and injuries coded as 10.",10,2019-Q2
2019-04-25,2019,Battles,Armed clash,Military Forces of Yemen (2017-) Houthi,Militia (Pro-Government),Saudi Arabia,Jizan,"25 April 2019: Houthi forces claim to have attacked Saudi-backed forces, killing 20 during an attack on Juhfan area of Jizan region, KSA.",20,2019-Q2
2019-04-26,2019,Battles,Armed clash,Military Forces of Yemen (2017-) Houthi,Military Forces of Sudan (2019-2023) Rapid Support Forces,Saudi Arabia,Jizan,"On 26 April 2019, pro-Houthi snipers reportedly shot dead a Sudanese soldier in Al Hathirah area of Jizan province, southern Saudi Arabia.",1,2019-Q2
2019-04-28,2019,Explosions/Remote violence,Shelling/artillery/missile attack,Military Forces of Yemen (2017-) Houthi,Militia (Pro-Government),Saudi Arabia,Jizan,"On 28 April 2019, pro-Houthi forces claimed to have fired two Zilzal-1 type ballistic missiles at Saudi-affiliated forces in Faridah site in Al-Khobh area of governorate, with no report of fatalities nor injuries.",0,2019-Q2
2019-04-28,2019,Battles,Armed clash,Military Forces of Yemen (2017-) Houthi,Military Forces of Saudi Arabia (2015-),Saudi Arabia,Jizan,"On 28 April 2019, pro-Houthi forces claimed to have killed a Saudi soldier with sniper fire in Al-Faridah site in Al-Khobh area of Jizan governorate.",1,2019-Q2
2019-04-28,2019,Explosions/Remote violence,Shelling/artillery/missile attack,Military Forces of Yemen (2017-) Houthi,Militia (Pro-Government),Saudi Arabia,Najran,"On 28 April 2019, Houthi forces claimed to have fired a Zilzal-1 long-range artillery rocket and other artillery shells at Saudi-affiliated forces in Al Hajlah area in Najran district (Najran) killing and injuring a number of soldiers. Unclear fatalities coded as 10.",10,2019-Q2
2019-04-30,2019,Explosions/Remote violence,Shelling/artillery/missile attack,Military Forces of Yemen (2017-) Houthi,Military Forces of Saudi Arabia (2015-),Saudi Arabia,Najran,"On 30 April 2019, pro-Houthi forces claimed to have fired a Zilzal-1 type ballistic missile at Saudi and Saudi-affiliated forces in Akifah area of Najran governorate, injuring a number of fighters.",0,2019-Q2
2019-04-30,2019,Battles,Armed clash,Military Forces of Yemen (2017-) Houthi,Militia (Pro-Government),Saudi Arabia,Najran,"On 30 April 2019, pro-Houthi forces claimed to have attacked Saudi-affiliated forces in Al-Tala'ah area of Najran governorate, with no report of fatalities nor injuries.",0,2019-Q2
2019-05-03,2019,Explosions/Remote violence,Shelling/artillery/missile attack,Military Forces of Yemen (2017-) Houthi,Militia (Pro-Government),Saudi Arabia,Jizan,"On 3 May 2019, pro-Houthi forces reportedly fired a Zilzal-1 missile at Saudi-affiliated groups east of Juhfan area of Jizan province, southern Saudi Arabia, killing and injuring several Saudi-affiliated elements. Unknown number of fatalities and injuries coded as 10.",10,2019-Q2
2019-05-06,2019,Battles,Armed clash,Military Forces of Yemen (2017-) Houthi,Militia (Pro-Government),Saudi Arabia,Jizan,"On 6 May 2019, pro-Houthi forces claimed to have attacked Saudi-affiliated forces in Al-Qumamah and Al-Kirs areas of Jizan governorate, killing and injuring a number of fighters. Unknown reported fatalities coded as 10.",10,2019-Q2
2019-05-08,2019,Explosions/Remote violence,Shelling/artillery/missile attack,Military Forces of Yemen (2017-) Houthi,Military Forces of Saudi Arabia (2015-),Saudi Arabia,Najran,"On 8 May 2019, pro-Houthi forces claimed to have destroyed a military bulldozer with a guided missile in Al-Tala'ah area of Najran governorate, with no report of fatalities nor injuries.",0,2019-Q2
2019-05-09,2019,Explosions/Remote violence,Shelling/artillery/missile attack,Military Forces of Yemen (2017-) Houthi,Militia (Pro-Government),Saudi Arabia,Jizan,"On 9 May 2019, pro-Houthi forces reportedly fired a Zilzal-1 missile at anti-Houthi groups in Qays mountain area of Jizan province, southern Saudi Arabia. No fatalities nor injuries reported.",0,2019-Q2
2019-05-10,2019,Explosions/Remote violence,Shelling/artillery/missile attack,Military Forces of Yemen (2017-) Houthi,Militia (Pro-Government),Saudi Arabia,Najran,"On 10 May 2019, pro-Houthi forces reportedly fired artillery shells at Saudi-affiliated groups in As Sawh area of Kitaf district, north of Sadah border governorate, northern Yemen, and in Murabba al-Hammad, located in Akifah area of Najran province, southern Saudi Arabia, killing and injuring several of them. Unknown number of fatalities and injuries coded as 10 and split between between 2 events.",5,2019-Q2
2019-05-11,2019,Explosions/Remote violence,Remote explosive/landmine/IED,Military Forces of Yemen (2017-) Houthi,Militia (Pro-Government),Saudi Arabia,Jizan,"On 11 May 2019, a Houthi-planted IED reportedly detonated in Ash Shabakah area of Jizan province, southern Saudi Arabia, killing and injuring several Saudi-affiliated elements. Unknown number of fatalities and injuries coded as 10.",10,2019-Q2
2019-05-13,2019,Explosions/Remote violence,Shelling/artillery/missile attack,Military Forces of Yemen (2017-) Houthi,Militia (Pro-Government),Saudi Arabia,Najran,"On 13 May 2019, pro-Houthi forces claimed to have fired a Zilzal-1 rocket at Saudi-affiliated forces in Akifah area of Najran governorate, with no report of fatalities nor injuries.",0,2019-Q2
2019-05-13,2019,Battles,Armed clash,Military Forces of Yemen (2017-) Houthi,Militia (Pro-Government),Saudi Arabia,Najran,"On 13 May 2019, pro-Houthi forces claimed to have attacked Saudi-affiliated forces in Al-Tala'ah area of Najran governorate, taking control of two sites and killing and injuring a number of fighters. Unknown reported fatalities coded as 10.",10,2019-Q2
2019-05-14,2019,Explosions/Remote violence,Shelling/artillery/missile attack,Military Forces of Yemen (2017-) Houthi,Militia (Pro-Government),Saudi Arabia,Jizan,"On 14 May 2019, pro-Houthi forces claimed to have destroyed a military vehicle belonging to Saudi-affiliated forces with a method left unclear by the source in Al-Qanbur area of Jizan governorate, with no report of fatalities nor injuries. Previous similar language suggests shellings.",0,2019-Q2
2019-05-14,2019,Battles,Armed clash,Military Forces of Yemen (2017-) Houthi,Militia (Pro-Government),Saudi Arabia,Najran,"On 14 May 2019, pro-Houthi forces claimed to have thwarted an attack of Saudi-affiliated forces, including with the use of explosive devices, in Al-Shurfah area of Najran governorate, killing and injuring a number of fighters. Unknown reported fatalities coded as 10.",10,2019-Q2
2019-05-15,2019,Battles,Armed clash,Military Forces of Yemen (2017-) Houthi,Military Forces of Sudan (2019-2023) Rapid Support Forces,Saudi Arabia,Najran,"On 15 May 2019, pro-Houthi forces claimed to have attacked Sudanese forces backed by Saudi air forces in Al-Shurfah area of Najran governorate, killing and injuring a number of fighters. Unknown reported fatalities coded as 10.",10,2019-Q2
2019-05-22,2019,Battles,Armed clash,Military Forces of Yemen (2017-) Houthi,Militia (Pro-Government),Saudi Arabia,Najran,"On 22 May 2019, pro-Houthi forces claimed to have attacked Saudi-affiliated forces in Shaja' area of Najran governorate, located in 'Akifah, killing and injuring 'dozens' of fighters. Reported fatalities coded as 6.",6,2019-Q2
2019-05-22,2019,Explosions/Remote violence,Shelling/artillery/missile attack,Military Forces of Yemen (2017-) Houthi,Military Forces of Saudi Arabia (2015-),Saudi Arabia,Najran,"On 22 May 2019, pro-Houthi forces claimed to have damaged a military vehicle with artillery shelling in Al-Hajawri hill of Hammad area in Najran governorate, located in 'Akifah, with no report of fatalities nor injuries.",0,2019-Q2
2019-05-23,2019,Explosions/Remote violence,Air/drone strike,Military Forces of Yemen (2017-) Houthi,,Saudi Arabia,Najran,"On 23 May 2019, a pro-Houthi unmanned drone Qasif K2 reportedly targeted civilian facilities in Najran city, southern Saudi Arabia. No fatalities nor injuries reported.",0,2019-Q2
2019-05-27,2019,Explosions/Remote violence,Shelling/artillery/missile attack,Military Forces of Yemen (2017-) Houthi,Militia (Pro-Government),Saudi Arabia,Jizan,"On 27 May 2019, pro-Houthi forces claimed to have destroyed a vehicle mounted with a 14.5mm machine gun belonging to Saudi-affiliated forces with a guided missile off Qays area in Jizan governorate, with no report of fatalities nor injuries.",0,2019-Q2
2019-05-27,2019,Explosions/Remote violence,Shelling/artillery/missile attack,Military Forces of Yemen (2017-) Houthi,Militia (Pro-Government),Saudi Arabia,Jizan,"On 27 May 2019, pro-Houthi forces claimed to have fired a barrage of Katyusha rockets at Saudi-affiliated forces in a training camp in Al-Muwassam area of Jizan governorate, killing and injuring a number of fighters. Unknown reported fatalities coded as 10.",10,2019-Q2
2019-05-30,2019,Explosions/Remote violence,Shelling/artillery/missile attack,Military Forces of Yemen (2017-) Houthi,Military Forces of Saudi Arabia (2015-),Saudi Arabia,Najran,"On 30 May 2019, pro-Houthi forces reportedly fired artillery and a Zilzal-1 missile at Akifah military site and Marash observation point in Najran province, southern Saudi Arabia. No fatalities nor injuries reported.",0,2019-Q2
2019-06-01,2019,Explosions/Remote violence,Shelling/artillery/missile attack,Military Forces of Yemen (2017-) Houthi,Militia (Pro-Government),Saudi Arabia,Najran,"On 1 June 2019, pro-Houthi forces reportedly shelled Saudi-affiliated groups in Al Hammad junction (coded in Akifah) of Najran province, southern Saudi Arabia, killing and injuring several of them. Unknown number of fatalities and injuries coded as 10.",10,2019-Q2
2019-06-05,2019,Battles,Non-state actor overtakes territory,Military Forces of Yemen (2017-) Houthi,Military Forces of Saudi Arabia (2015-),Saudi Arabia,Najran,"On 5 June 2019, Houthi forces claimed to have launched a major attack against Saudi positions in Najran region, taking control of nearly 20 military sites and causing at least 200 fatalities. Fatalities are split over three days of battles as specified by the source, spread across 10 events.",22,2019-Q2
2019-06-07,2019,Battles,Armed clash,Military Forces of Yemen (2017-) Houthi,Militia (Pro-Government),Saudi Arabia,Najran,"On 7 June 2019, pro-Houthi forces reportedly thwarted a coalition backed Saudi-affiliated units' incursion in Ash Shurfah area of Najran province, southern Saudi Arabia, killing and injuring several Saudi-affiliated elements. Unknown number of fatalities and injuries coded as 10.",10,2019-Q2
2019-06-12,2019,Explosions/Remote violence,Shelling/artillery/missile attack,Military Forces of Yemen (2017-) Houthi,Military Forces of Saudi Arabia (2015-),Saudi Arabia,Jizan,"On 12 June 2019, pro-Houthi forces claimed to have fired artillery at military sites in Al-Khobh, Dukhan and Qa'im Zabid areas of Jizan governorate, with no report of fatalities nor injuries.",0,2019-Q2
2019-06-12,2019,Explosions/Remote violence,Shelling/artillery/missile attack,Military Forces of Yemen (2017-) Houthi,Military Forces of Saudi Arabia (2015-),Saudi Arabia,Jizan,"On 12 June 2019, pro-Houthi forces claimed to have fired artillery at Saudi positions and a weapons storage in Juhfan military camp in Jizan governorate, with no report of fatalities nor injuries.",0,2019-Q2
2019-06-12,2019,Explosions/Remote violence,Shelling/artillery/missile attack,Military Forces of Yemen (2017-) Houthi,Military Forces of Saudi Arabia (2015-),Saudi Arabia,Jizan,"On 12 June 2019, pro-Houthi forces claimed to have fired artillery at military sites in Al-Khobh, Dukhan and Qa'im Zabid areas of Jizan governorate, with no report of fatalities nor injuries.",0,2019-Q2
2019-06-12,2019,Explosions/Remote violence,Shelling/artillery/missile attack,Military Forces of Yemen (2017-) Houthi,Military Forces of Saudi Arabia (2015-),Saudi Arabia,Jizan,"On 12 June 2019, pro-Houthi forces claimed to have fired artillery at Saudi positions in Al-Muwassam area of Jizan governorate, with no report of fatalities nor injuries.",0,2019-Q2
2019-06-12,2019,Explosions/Remote violence,Shelling/artillery/missile attack,Military Forces of Yemen (2017-) Houthi,Military Forces of Saudi Arabia (2015-),Saudi Arabia,Najran,"On 12 June 2019, pro-Houthi forces claimed to have fired Katyusha rockets at Al-Fawaz military site in Najran governorate, with no report of fatalities nor injuries.",0,2019-Q2
2019-06-15,2019,Explosions/Remote violence,Shelling/artillery/missile attack,Military Forces of Yemen (2017-) Houthi,Military Forces of Saudi Arabia (2015-),Saudi Arabia,Jizan,"On 15 June 2019, pro-Houthi forces fired a Zilzal-1 rocket towards Saudi forces gatherings near the Qays mountain (Al Aridhah, Jizan) killing and injuring several fighters. Unclear fatalities coded as 10.",10,2019-Q2
2019-06-15,2019,Battles,Armed clash,Military Forces of Yemen (2017-) Houthi,Militia (Pro-Government),Saudi Arabia,Najran,"On 15 June 2019, pro-Houthi forces fired two missiles (Zilzal 1) towards Yemeni fighters supported by airstrikes and repelled their incursion in the As Shurfah square in Najran, killing and injuring several fighters. Unknown fatalities coded as 10.",10,2019-Q2
2018-03-06,2018,Explosions/Remote violence,Shelling/artillery/missile attack,Military Forces of Yemen (2017-) Houthi,Military Forces of Saudi Arabia (2015-),Saudi Arabia,Asir,"On 6 March 2018, Houthi forces claimed to have targeted with artillery shells Saudi soldiers in Al Raboah (Abha) and Aqabat al Alb (Dhahran Al Janub) (Asir), in Al Khushel and Khafaqa in Al Harth district (Jizan), and in Al Ajashir (Khubash) (Najran). Casualties unknown.",0,2018-Q1
2018-03-06,2018,Explosions/Remote violence,Shelling/artillery/missile attack,Military Forces of Yemen (2017-) Houthi,Military Forces of Saudi Arabia (2015-),Saudi Arabia,Jizan,"On 6 March 2018, Houthi forces claimed to have targeted with artillery shells Saudi soldiers in Al Raboah (Abha) and Aqabat al Alb (Dhahran Al Janub) (Asir), in Al Khushel and Khafaqa in Al Harth district (Jizan), and in Al Ajashir (Khubash) (Najran). Casualties unknown.",0,2018-Q1
2018-03-06,2018,Explosions/Remote violence,Shelling/artillery/missile attack,Military Forces of Yemen (2017-) Houthi,Military Forces of Saudi Arabia (2015-),Saudi Arabia,Jizan,"On 6 March 2018, Houthi forces claimed to have targeted with artillery shells Saudi soldiers in Al Raboah (Abha) and Aqabat al Alb (Dhahran Al Janub) (Asir), in Al Khushel and Khafaqa in Al Harth district (Jizan), and in Al Ajashir (Khubash) (Najran). Casualties unknown.",0,2018-Q1
2022-10-20,2022,Violence against civilians,Attack,Military Forces of Saudi Arabia (2015-) Border Guard,Civilians (Yemen),Saudi Arabia,Jizan,"On 20 October 2022, a Saudi border guard shot and injured 1 Yemeni civilian in Ad Dair region (Jizan). The reason for the shooting was not reported.",0,2022-Q4
2023-02-20,2023,Violence against civilians,Abduction/forced disappearance,Military Forces of Saudi Arabia (2015-),Civilians (Yemen),Saudi Arabia,Najran,"On 20 February 2023, Saudi forces summoned and then disappeared the Islah-affiliated commander of the Yemeni 9th Border Guard Brigade -- colonel Muhammad Hadi al Amlasi -- in Najran region (Najran). The reason behind the abduction was not reported.",0,2023-Q1
2023-01-15,2023,Explosions/Remote violence,Shelling/artillery/missile attack,Military Forces of Saudi Arabia (2015-) Border Guard,Civilians (International),Saudi Arabia,Jizan,"Around 15 January 2023 (month of), Saudi border guard forces and a Saudi tank (coded under ORH) fired at a group of 200 migrants, including Ethiopian migrants, crossing the Saudi-Yemen border from Al Thabit in Qatabir border district in Yemen (Sadah) to in Al May in Saudi Arabia, likely in the Ad Dair border district (coded to Ad Dair city) (Jizan), killing 185 migrants.",185,2023-Q1
2023-09-25,2023,Explosions/Remote violence,Air/drone strike,Military Forces of Yemen (2017-) Houthi,Military Forces of Bahrain (1999-),Saudi Arabia,Jizan,"On 25 September 2023, Houthi forces launched 2 attack drones (type unclear) against Bahraini and Saudi forces in Jizan province along the Saudi-Yemeni border (coded to Al Aridhah district at Al Aridah) (Jizan). The strikes killed 4 Bahraini soldiers including 1 officer -- 2 were killed on the spot and 3 died of their injuries days later -- and injured as many as 47 others according to one source. Unclear location coded to Al Aridhah district as the attack was reported to be a retaliation to 'provocations' in the Yemeni districts of Shadaa and Monabbih that border Al Aridhah.",5,2023-Q3
2023-09-30,2023,Explosions/Remote violence,Air/drone strike,Military Forces of Yemen (2017-) Houthi,Military Forces of Yemen (2022-2026) Presidential Leadership Council,Saudi Arabia,Asir,"On 30 September 2023, Houthi forces launched a drone attack accompanied by Katyusha rockets and artillery shelling on IRG forces in Al Maarif (Dhahran Al Janub, Asir) in Saudi Arabia killing 1 soldier and injuring several others. The incident took place as IRG forces of the Alb Axis were holding a military parade commemorating the September 26 Revolution.",1,2023-Q3
2019-06-17,2019,Explosions/Remote violence,Remote explosive/landmine/IED,Military Forces of Yemen (2017-) Houthi,Militia (Pro-Government),Saudi Arabia,Najran,"On 17 June 2019, pro-Houthi forces claimed to have killed and injured a number of Saudi-affiliated forces with two explosive devices in Hammad area of Najran governorate (coded in Akifah). Unknown reported fatalities coded as 10.",10,2019-Q2
2019-06-17,2019,Battles,Non-state actor overtakes territory,Military Forces of Yemen (2017-) Houthi,Militia (Pro-Government),Saudi Arabia,Najran,"On 17 June 2019, pro-Houthi forces claimed to have taken control of a number of hills from Saudi-affiliated forces in Al-Shabakah area of Najran governorate, killing and injuring a number of fighters. Unknown reported fatalities coded as 10.",10,2019-Q2
2019-06-18,2019,Explosions/Remote violence,Shelling/artillery/missile attack,Military Forces of Yemen (2017-) Houthi,Military Forces of Saudi Arabia (2015-),Saudi Arabia,Najran,"On 18 June 2019, pro-Houthi forces claimed to have fired a Zilzal-1 artillery rocket at Saudi forces in Akifah military camp in Najran governorate, injuring a number of soldiers.",0,2019-Q2
2019-06-20,2019,Explosions/Remote violence,Remote explosive/landmine/IED,Military Forces of Yemen (2017-) Houthi,Militia (Pro-Government),Saudi Arabia,Najran,"On 20 June 2019, a pro-Houthi engineering team reportedly ambushed Saudi-affiliated troops in Al Hammad (coded in Akifah), west of Najran province, southern Saudi Arabia, killing and injuring several of them. Unknown number of fatalities and injuries coded as 10.",10,2019-Q2
2019-06-22,2019,Explosions/Remote violence,Shelling/artillery/missile attack,Military Forces of Yemen (2017-) Houthi,Militia (Pro-Government),Saudi Arabia,Najran,"On 22 June 2019, pro-Houthi forces reportedly shelled Saudi-affiliated groups near Marash observation point of Al Hammad area (coded in Akifa), Najran province, southern Saudi Arabia. No fatalities nor injuries reported.",0,2019-Q2
2019-06-24,2019,Battles,Armed clash,Military Forces of Yemen (2017-) Houthi,Militia (Pro-Government),Saudi Arabia,Jizan,"On 24 June 2019, pro-Houthi forces claimed to have killed 2 Saudi-affiliated fighters with sniper fire in Faridah area of Al-Khobh in Jizan governorate.",2,2019-Q2
2019-06-25,2019,Explosions/Remote violence,Air/drone strike,Military Forces of Yemen (2017-) Houthi,Militia (Pro-Government),Saudi Arabia,Najran,"On 25 June 2019, pro-Houthi forces claimed to have carried out a joint drone and artillery attack targeting Saudi-affiliated forces in Hammad area of Najran governorate (coded in Akifah), with no report of fatalities nor injuries.",0,2019-Q2
2019-06-25,2019,Explosions/Remote violence,Shelling/artillery/missile attack,Military Forces of Yemen (2017-) Houthi,Militia (Pro-Government),Saudi Arabia,Najran,"On 25 June 2019, pro-Houthi forces claimed to have destroyed a vehicle belonging to Saudi-affiliated forces and damaged a second one through missile fire in Al-Shurfah area of Najran governorate, killing and injuring those on board. Unknown reported fatalities coded as 10.",10,2019-Q2
2019-06-26,2019,Explosions/Remote violence,Shelling/artillery/missile attack,Military Forces of Yemen (2017-) Houthi,Militia (Pro-Government),Saudi Arabia,Najran,"On 26 June 2019, pro-Houthi forces claimed to have fired a Zilzal-1 artillery rocket at Saudi-affiliated forces in Akifah military camp in Najran governorate, killing and injuring a number of fighters. Unknown reported fatalities coded as 10.",10,2019-Q2
2019-06-28,2019,Violence against civilians,Attack,Unidentified Armed Group (Saudi Arabia),Civilians (Yemen),Saudi Arabia,Najran,"28 June 2019: A Yemeni civilian man was shot and killed by unidentified gunmen after an argument in Najran city, KSA.",1,2019-Q2
2019-07-18,2019,Explosions/Remote violence,Shelling/artillery/missile attack,Military Forces of Saudi Arabia (2015-),,Saudi Arabia,Najran,"On 18 July 2019, Saudi Apache helicopters reportedly shelled Al Hammad area (coded in Akifah) of Najran province, southern Saudi Arabia. No fatalities nor injuries reported.",0,2019-Q3
2019-07-20,2019,Battles,Armed clash,Military Forces of Yemen (2017-) Houthi,Militia (Pro-Government),Saudi Arabia,Najran,"On 20 July 2019, pro-Houthi forces reportedly attacked Saudi-affiliated groups in Al Hammad area (coded in Akifah) of Najran province, southern Saudi Arabia, killing and injuring several of them. Unknown number of fatalities and injuries coded as 10.",10,2019-Q3
2019-07-25,2019,Explosions/Remote violence,Shelling/artillery/missile attack,Military Forces of Yemen (2017-) Houthi,Militia (Pro-Government),Saudi Arabia,Jizan,"On 25 July 2019, pro-Houthi forces reportedly fired a guided missile at Saudi-affiliated groups in Ash Shabakah hill of Jizan province, southern Saudi Arabia, killing and injuring several of them. Unknown number of fatalities and injuries coded as 10.",10,2019-Q3
2019-07-28,2019,Explosions/Remote violence,Shelling/artillery/missile attack,Military Forces of Yemen (2017-) Houthi,Military Forces of Saudi Arabia (2015-),Saudi Arabia,Najran,"On 28 July 2019, pro-Houthi forces claimed to have fired a short-range ballistic missile at a Saudi-led coalition command camp in Siqam area of Najran governorate, destroying the operations centre and killing and injuring a number of fighters. Unknown reported fatalities coded as 10.",10,2019-Q3
2019-07-29,2019,Explosions/Remote violence,Shelling/artillery/missile attack,Military Forces of Yemen (2017-) Houthi,Military Forces of Saudi Arabia (2015-),Saudi Arabia,Jizan,"On 29 July 2019, Houthi forces claimed to have fired 1 Badr-F precision-guided artillery rocket at Saudi and pro-Hadi forces in Ad Dair district (Asir) killing and injuring 'dozens' of fighters. Unclear fatalities coded as 6 (half of 12).",6,2019-Q3
2019-08-03,2019,Explosions/Remote violence,Shelling/artillery/missile attack,Military Forces of Yemen (2017-) Houthi,Military Forces of Saudi Arabia (2015-),Saudi Arabia,Najran,"On 3 August 2019, Houthi forces fired a Badr-F precision-guided artillery rocket at a Saudi military camp located south of Siqam (Najran) killing and injuring 'dozens'. Unclear fatalities coded as 6 (half of 12).",6,2019-Q3
2019-08-05,2019,Battles,Armed clash,Military Forces of Yemen (2017-) Houthi,Militia (Pro-Government),Saudi Arabia,Najran,"On 5 August 2019, pro-Houthi forces reportedly repelled an infiltration attempt and artillery shelled Saudi-affiliated groups in Al Hammad junction (coded in Akifah) of Najran province, southern Saudi Arabia, killing and injuring several of them. Unknown number of fatalities and injuries coded as 10.",10,2019-Q3
2019-08-06,2019,Battles,Armed clash,Military Forces of Yemen (2017-) Houthi,Militia (Pro-Government),Saudi Arabia,Jizan,"On 6 August 2019, pro-Houthi forces claimed to have killed 4 pro-Saudi forces members by sniper shots in al Ramdah and Tabah Siyaf in Jizan governorate.",4,2019-Q3
2019-08-07,2019,Explosions/Remote violence,Shelling/artillery/missile attack,Military Forces of Yemen (2017-) Houthi,Militia (Pro-Government),Saudi Arabia,Jizan,"On Aug 07, pro-Houthi forces claimed to have fired a Badr-F precision guided artillery rocket at pro-Hadi forces and affiliates in the military training camp in the al Muwassam area in Jizan governorate. Dozens of pro-Hadi forces members and affiliates were killed and injured. This attack was conducted of anticipation of the pro-Hadi forces moving towards Harad and Hayran districts.",6,2019-Q3
2019-08-07,2019,Explosions/Remote violence,Shelling/artillery/missile attack,Military Forces of Yemen (2017-) Houthi,Militia (Pro-Government),Saudi Arabia,Najran,"On Aug 07, pro-Houthi forces claimed to have fired a Badr-F missile, referred to as a precision-guided artillery rocket, at Saudi-affiliated forces in Rajla camp in Najran governorate, killing and injuring a number of their forces. Unknown reported fatalities coded as 10.",10,2019-Q3
2019-08-09,2019,Explosions/Remote violence,Shelling/artillery/missile attack,Military Forces of Yemen (2017-) Houthi,Militia (Pro-Government),Saudi Arabia,Najran,"On 9 August 2019, pro-Houthi forces reportedly fired a Badr-P1 precision-guided artillery rocket at the Saudi-affiliated forces' command center off Siqam area of Najran province, southern Saudi Arabia, killing and injuring several Saudi-affiliated elements. Unknown number of fatalities and injuries coded as 10.",10,2019-Q3
2019-01-18,2019,Explosions/Remote violence,Air/drone strike,Military Forces of Yemen (2017-) Houthi,Military Forces of Saudi Arabia (2015-),Saudi Arabia,Asir,"On 18 January 2019, a pro-Houthi Qasif-2K drone targeted gatherings of Saudi soldiers in Asir border province (coded to Dhahran Al Janub district at Zahran). Casualties unknown.",0,2019-Q1
2019-08-21,2019,Explosions/Remote violence,Shelling/artillery/missile attack,Military Forces of Yemen (2017-) Houthi,Military Forces of Saudi Arabia (2015-),Saudi Arabia,Jizan,"On 21 August 2019, pro-Houthi forces claimed to have fired a medium-range ballistic missile at a joint operations centre in Samitah district of Jizan governorate in southern Saudi Arabia, killing and injuring a number of fighters. Unknown reported fatalities coded as 10.",10,2019-Q3
2019-08-28,2019,Explosions/Remote violence,Air/drone strike,Military Forces of Yemen (2017-) Houthi,Military Forces of Saudi Arabia (2015-),Saudi Arabia,Najran,"On 28 August 2019, pro-Houthi forces unmanned drones Qasif-2K reportedly targeted a military point in Najran, southern Saudi Arabia. Pro-Houthi forces claim the attack was successful, with no reported injuries or fatalities.",0,2019-Q3
2019-09-02,2019,Battles,Non-state actor overtakes territory,Military Forces of Yemen (2017-) Houthi,Militia (Pro-Government),Saudi Arabia,Jizan,"On 2 September 2019, pro-Houthi forces claimed to have taken control of four military sites and a number of hills off Jabal Juhfan in Jizan governorate following clashes with Saudi-affiliated fighters, with no report of fatalities nor injuries.",0,2019-Q3
2019-09-03,2019,Explosions/Remote violence,Shelling/artillery/missile attack,Military Forces of Yemen (2017-) Houthi,Militia (Pro-Government),Saudi Arabia,Jizan,"On 3 September 2019, pro-Houthi forces claimed to have fired a Zilzal-1 artillery rocket at Saudi-affiliated forces in Al-Dair area of Jizan governorate, killing and injuring a number of fighters. Unknown reported fatalities coded as 10.",10,2019-Q3
2019-09-03,2019,Explosions/Remote violence,Shelling/artillery/missile attack,Military Forces of Yemen (2017-) Houthi,Militia (Pro-Government),Saudi Arabia,Jizan,"On 3 September 2019, pro-Houthi forces claimed to have fired three Zilzal-1 artillery rockets and a number of other artillery shells at Saudi-affiliated forces off Qays mountain area in Jizan governorate, killing and injuring a number of fighters. Unknown reported fatalities coded as 10.",10,2019-Q3
2019-09-03,2019,Battles,Armed clash,Military Forces of Yemen (2017-) Houthi,Militia (Pro-Government),Saudi Arabia,Jizan,"On 3 September 2019, pro-Houthi forces claimed to have attacked Saudi-affiliated forces off MBC mount in Al-Khobh area of Jizan governorate, killing and injuring a number of fighters. Unknown reported fatalities coded as 10",10,2019-Q3
2019-09-03,2019,Explosions/Remote violence,Shelling/artillery/missile attack,Military Forces of Yemen (2017-) Houthi,Military Forces of Saudi Arabia (2015-),Saudi Arabia,Jizan,"On 3 September 2019, pro-Houthi forces claimed to have destroyed a Saudi military vehicle with a 23mm machine gun mounted on top with a guided missile north of Al-Khobh area in Jizan governorate, with no report of fatalities nor injuries.",0,2019-Q3
2019-09-18,2019,Explosions/Remote violence,Shelling/artillery/missile attack,Military Forces of Yemen (2017-) Houthi,Military Forces of Saudi Arabia (2015-),Saudi Arabia,Jizan,"On 18 September 2019, pro-Houthi forces claimed to have fired two Zilzal-1 artillery rockets at Saudi forces in Hamayyah military camp in Jizan governorate, killing and injuring a number of soldiers. Unknown reported fatalities coded as 10.",10,2019-Q3
2019-12-10,2019,Explosions/Remote violence,Shelling/artillery/missile attack,Military Forces of Yemen (2017-) Houthi,,Saudi Arabia,Jizan,"On 10 December 2019, two Houthi 'military projectiles' targeted Al Harth city (Jizan) with one of the projectiles damaging the outer wall of the local hospital. There were no fatalities or injuries.",0,2019-Q4
2020-01-27,2020,Explosions/Remote violence,Air/drone strike,Military Forces of Yemen (2017-) Houthi,,Saudi Arabia,Najran,"Around 27 January 2020 (between 25 January - 30 January), pro-Houthi forces claimed to have carried out 62 operations on strategic targets within Saudi territory (41 using drones and 21 using missiles), including 26 on Abha airport (Abha, Asir), Jizan airport (Jizan, Jazan), Najran airport (Najran, Najran), King Khalid air base (Khamis Mushayt, Asir), and ARAMCO facilities in both the city of Jizan (Jazan, Jizan) and Jizan Economic City (Baysh, Jizan). Saudi officials claimed to have shot down missiles aimed at ARAMCO facilities.",0,2020-Q1
2023-06-28,2023,Battles,Armed clash,Unidentified Armed Group (Saudi Arabia),Police Forces of Saudi Arabia (2015-),Saudi Arabia,Mecca,"On 28 June 2023, an unidentified gunman exchanged fire with Saudi security forces and private security forces in Jeddah (Jiddah, Mecca) after the gunman opened fire on the US consulate in the city. The exchange of fire resulted in killing 2 (the gunman + a Nepalese security worker in the consulate).",2,2023-Q2
2023-11-04,2023,Strategic developments,Disrupted weapons use,Military Forces of Saudi Arabia (2015-),Military Forces of Yemen (2017-) Houthi,Saudi Arabia,Tabuk,"Interception: On 4 November 2023, Saudi forces shot down a Houthi missile/rocket in Alaqan (Haqil, Tabuk) in northwestern Saudi Arabia near the border with Israel.",0,2023-Q4
2021-04-27,2021,Strategic developments,Disrupted weapons use,Military Forces of Saudi Arabia (2015-),Unidentified Armed Group (International),Saudi Arabia,Al Madinah,"Interception: On 27 April 2021, Saudi forces intercepted 1 explosive-laden drone boat of unknown origin off the Coast of Yanbu (Al Madinah) close to Yanbu Refinery. The interception took place 1.4 nm from Singaporean-flagged crude oil tanker TORM HERMIA (IMO: 9797993) moored at the refinery. UN experts believe that a 'mothership' was involved while the source of the attack remained unknown. The wreckage of a second explosive-laden drone boat was found in the Shuban al Sabah area around 30 nm south of Yanbu.",0,2021-Q2
2020-11-01,2020,Strategic developments,Change to group/activity,Military Forces of the United Kingdom (2010-2024),,Saudi Arabia,Ar Riyadh,"Movement of forces: Around 1 November 2020 (beginning of month), British military forces deployed military personnel and assets, including those from the 16th Royal Artillery Regiment, to Riyadh (Ar Riyad, Ar Riyad) to accompany the deployment of radar systems designed to detect drones. The deployment was to protect oil installations and is continuing through November.",0,2020-Q4
2019-09-05,2019,Strategic developments,Disrupted weapons use,Military Forces of Saudi Arabia (2015-),Military Forces of Yemen (2017-) Houthi,Saudi Arabia,Asir,"Interception: On 5 September 2019, Saudi forces reportedly intercepted and destroyed a pro-Houthi unmanned drone directed against civilian facilities in Khamis Mushait city in Asir province, southern Saudi Arabia. Houthi forces claimed that they targeted the King Khalid Air base with Qasif 2K drones in what is most likely the same event. No fatalities nor injuries reported.",0,2019-Q3
2021-02-17,2021,Strategic developments,Disrupted weapons use,Military Forces of Saudi Arabia (2015-),Military Forces of Yemen (2017-) Houthi,Saudi Arabia,Asir,"Interception: On 17 February 2021, Saudi forces intercepted 1 Houthi bomb-laden drone targeting Khamis Mushait (coded to district at Khamis Mushait) (Asir).",0,2021-Q1
2021-08-27,2021,Strategic developments,Disrupted weapons use,Military Forces of Saudi Arabia (2015-),Military Forces of Yemen (2017-) Houthi,Saudi Arabia,Asir,"Interception: On 27 August 2021, Saudi forces claimed to have intercepted and shot down 1 Houthi bomb-laden drone launched towards Khamis Mushait (Khamis Mushait, Asir).",0,2021-Q3
2021-11-08,2021,Strategic developments,Disrupted weapons use,Military Forces of Saudi Arabia (2015-),Military Forces of Yemen (2017-) Houthi,Saudi Arabia,Asir,"Interception: On 8 November 2021, Saudi forces claimed to have intercepted and shot down 1 Houthi bomb-laden drone launched toward Khamis Mushait district (coded to Khamis Mushait) (Sadah).",0,2021-Q4
2019-06-14,2019,Strategic developments,Disrupted weapons use,Military Forces of Saudi Arabia (2015-),Military Forces of Yemen (2017-) Houthi,Saudi Arabia,Asir,"Interception: On 14 June 2019, Coalition's spokesperson, Turki Al-Maliki, stated that the air defense unit shot down five drones launched by pro-Houthi forces towards Abha airport and Khamis Mushait area in Asir governorate. And noted that air traffic and airspace at Abha airport are normal.",0,2019-Q2
2019-04-03,2019,Explosions/Remote violence,Air/drone strike,Military Forces of Yemen (2017-) Houthi,Civilians (Saudi Arabia),Saudi Arabia,Asir,"On 3 April 2019, Saudi forces claimed to have shot down two alleged Houthi-operated drones flying toward the city of Khamis Mushait in southern Saudi Arabia, which resulted in the injuring of 5 citizens, including a woman and a child, from the drones' shrapnel.",0,2019-Q2
2019-01-29,2019,Strategic developments,Disrupted weapons use,Military Forces of Saudi Arabia (2015-),Military Forces of Yemen (2017-) Houthi,Saudi Arabia,Asir,"Interception: On 29 January 2019, Saudi forces intercepted a Houthi ballistic missile over Khamis Mushait (Khamis Mushait, Asir).",0,2019-Q1
2018-06-19,2018,Strategic developments,Disrupted weapons use,Military Forces of Saudi Arabia (2015-),Military Forces of Yemen (2017-) Houthi,Saudi Arabia,Asir,"Interception: On 19 June 2018, Saudi air defense systems intercepted a Houthi ballistic missile over Khamis Mushait (Khamis Mushait, Asir). Houthi forces later claimed that the missile was targeting the Saudi ARAMCO station.",0,2018-Q2
2018-06-14,2018,Strategic developments,Disrupted weapons use,Military Forces of Saudi Arabia (2015-),Military Forces of Yemen (2017-) Houthi,Saudi Arabia,Asir,"Interception: On 14 June 2018, Saudi air defense systems intercepted a Houthi ballistic missile over Khamis Mushait city (Khamis Mushait, Asir). Houthi forces later claimed that the missile was targeting an air force base in Asir.",0,2018-Q2
2022-06-30,2022,Strategic developments,Disrupted weapons use,Military Forces of Saudi Arabia (2015-),Military Forces of Yemen (2017-) Houthi,Saudi Arabia,Asir,"Interception: On 30 June 2022, Saudi forces intercepted a presumed Houthi projectile (unclear whether drone or missile) over Khamis Mushait (Asir). Air traffic at Abha airport was temporarily suspended but neither the Houthis nor Saudi authorities acknowledged the incident.",0,2022-Q2
2022-01-21,2022,Strategic developments,Disrupted weapons use,Military Forces of Saudi Arabia (2015-),Military Forces of Yemen (2017-) Houthi,Saudi Arabia,Asir,"Interception: On 21 January 2022, Saudi defense forces shot down 1 Houthi ballistic missile that targeted Khamis Mushait (Asir). Saudi forces claimed that the missile was launched from Sadah.",0,2022-Q1
2021-12-08,2021,Strategic developments,Disrupted weapons use,Military Forces of Saudi Arabia (2015-),Military Forces of Yemen (2017-) Houthi,Saudi Arabia,Jizan,"Interception: On 8 December 2021, Saudi forces claimed to have intercepted and shot down 1 Houthi 'hostile air target' (likely a drone based on previous activity) launched toward the western region of Saudi Arabia (coded to Jizan).",0,2021-Q4
2021-12-19,2021,Strategic developments,Disrupted weapons use,Military Forces of Saudi Arabia (2015-),Military Forces of Yemen (2017-) Houthi,Saudi Arabia,Asir,"Interception: On 19 December 2021, Saudi forces claimed to have intercepted and shot down 1 Houthi drone (presumed bomb-laden) launched towards Khamis Mushait (Khamis Mushait, Asir).",0,2021-Q4
2021-12-13,2021,Strategic developments,Disrupted weapons use,Military Forces of Saudi Arabia (2015-),Military Forces of Yemen (2017-) Houthi,Saudi Arabia,Asir,"Interception: On 13 December 2021, Saudi forces claimed to have intercepted and shot down 1 Houthi ballistic missile launched towards Khamis Mushait (Khamis Mushait, Asir).",0,2021-Q4
2021-12-06,2021,Strategic developments,Disrupted weapons use,Military Forces of Saudi Arabia (2015-),Military Forces of Yemen (2017-) Houthi,Saudi Arabia,Asir,"Interception: On 6 December 2021, Saudi forces claimed to have intercepted and shot down 1 Houthi ballistic missile launched towards Khamis Mushait (Khamis Mushait, Asir).",0,2021-Q4
2021-11-17,2021,Strategic developments,Disrupted weapons use,Military Forces of Saudi Arabia (2015-),Military Forces of Yemen (2017-) Houthi,Saudi Arabia,Asir,"Interception: On 17 November 2021, Saudi defense forces shot down 2 Houthi bomb-laden drones that targeted locations in Khamis Mushait (coded to district level at Khamis Mushait) (Asir).",0,2021-Q4
2021-11-15,2021,Strategic developments,Disrupted weapons use,Military Forces of Saudi Arabia (2015-),Military Forces of Yemen (2017-) Houthi,Saudi Arabia,Asir,"Interception: On 15 November 2021, Saudi forces claimed to have intercepted and shot down 1 Houthi bomb-laden drone launched towards Khamis Mushait (Khamis Mushait, Asir).",0,2021-Q4
2021-11-06,2021,Strategic developments,Disrupted weapons use,Military Forces of Saudi Arabia (2015-),Military Forces of Yemen (2017-) Houthi,Saudi Arabia,Asir,"Interception: On 6 November 2021, Saudi forces claimed to have intercepted and shot down 1 bomb-laden drone launched by Houthi forces towards Khamis Mushait (Khamis Mushait, Asir).",0,2021-Q4
2021-11-05,2021,Strategic developments,Disrupted weapons use,Military Forces of Saudi Arabia (2015-),Military Forces of Yemen (2017-) Houthi,Saudi Arabia,Asir,"Interception: On 5 November 2021, Saudi defense forces shot down a Houthi drone (presumed weaponized) that targeted Khamis Mushait city (Khamis Mushait, Asir).",0,2021-Q4
2021-10-31,2021,Strategic developments,Disrupted weapons use,Military Forces of Saudi Arabia (2015-),Military Forces of Yemen (2017-) Houthi,Saudi Arabia,Asir,"Interception: On 31 October 2021, Saudi forces claimed to have intercepted and shot down 1 Houthi bomb-laden drone launched toward Khamis Mushait district (coded to Khamis Mushait) (Sadah).",0,2021-Q4
2021-10-12,2021,Strategic developments,Disrupted weapons use,Military Forces of Saudi Arabia (2015-),Military Forces of Yemen (2017-) Houthi,Saudi Arabia,Asir,"Interception: On 12 October 2021, Saudi defense forces 2 down two Houthi bomb-laden drones that were targeting locations in Khamis Mushait (Asir).",0,2021-Q4
2021-10-07,2021,Strategic developments,Disrupted weapons use,Military Forces of Saudi Arabia (2015-),Military Forces of Yemen (2017-) Houthi,Saudi Arabia,Asir,"Interception: On 7 October 2021, Saudi defense forces shot down two Houthi bomb-laden drones and one ballistic missile that targeted locations in Khamis Mushait (Asir).",0,2021-Q4
2021-10-02,2021,Strategic developments,Disrupted weapons use,Military Forces of Saudi Arabia (2015-),Military Forces of Yemen (2017-) Houthi,Saudi Arabia,Asir,"Interception: On 2 October 2021, Saudi forces claimed to have intercepted and shot down 1 Houthi bomb-laden drone launched towards Khamis Mushait (Khamis Mushait, Asir).",0,2021-Q4
2021-09-23,2021,Strategic developments,Disrupted weapons use,Military Forces of Saudi Arabia (2015-),Military Forces of Yemen (2017-) Houthi,Saudi Arabia,Asir,"Interception: On 23 September 2021, Saudi defense forces shot down 5 Houthi bomb-laden drones including 1 Qasif that targeted locations in Khamis Mushait (coded to district level at Khamis Mushait) (Asir).",0,2021-Q3
2021-09-22,2021,Strategic developments,Disrupted weapons use,Military Forces of Saudi Arabia (2015-),Military Forces of Yemen (2017-) Houthi,Saudi Arabia,Asir,"Interception: On 22 September 2021, Saudi defense forces shot down 2 Houthi bomb-laden drones that targeted locations in Khamis Mushait (coded to district level at Khamis Mushait) (Asir).",0,2021-Q3
2021-09-21,2021,Strategic developments,Disrupted weapons use,Military Forces of Saudi Arabia (2015-),Military Forces of Yemen (2017-) Houthi,Saudi Arabia,Asir,"Interception: On 21 September 2021, Saudi defense forces shot down three Houthi bomb-laden drones that targeted locations in Khamis Mushait (Asir).",0,2021-Q3
2021-09-11,2021,Strategic developments,Disrupted weapons use,Military Forces of Saudi Arabia (2015-),Military Forces of Yemen (2017-) Houthi,Saudi Arabia,Asir,"Interception: On 11 September 2021, Saudi forces claimed to have intercepted and shot down a Houthi bomb-laden drone launched towards Khamis Mushait (Khamis Mushait, Asir).",0,2021-Q3
2021-09-09,2021,Strategic developments,Disrupted weapons use,Military Forces of Saudi Arabia (2015-),Military Forces of Yemen (2017-) Houthi,Saudi Arabia,Asir,"Interception: On 9 September 2021, Saudi defense forces shot down three Houthi bomb-laden drones that targeted Khamis Mushait (Asir).",0,2021-Q3
2021-08-25,2021,Strategic developments,Disrupted weapons use,Military Forces of Saudi Arabia (2015-),Military Forces of Yemen (2017-) Houthi,Saudi Arabia,Asir,"Interception: On 25 August 2021, Saudi forces claimed to have intercepted and shot down a Houthi bomb-laden drone launched towards Khamis Mushait (Khamis Mushait, Asir).",0,2021-Q3
2021-08-23,2021,Strategic developments,Disrupted weapons use,Military Forces of Saudi Arabia (2015-),Military Forces of Yemen (2017-) Houthi,Saudi Arabia,Asir,"Interception: On 23 August 2021, Saudi forces claimed to have intercepted and shot down a Houthi bomb-laden drone launched towards Khamis Mushait (Khamis Mushait, Asir).",0,2021-Q3
2021-08-22,2021,Strategic developments,Disrupted weapons use,Military Forces of Saudi Arabia (2015-),Military Forces of Yemen (2017-) Houthi,Saudi Arabia,Asir,"Interception: On 22 August 2021, Saudi forces claimed to have intercepted and shot down a Houthi bomb-laden drone launched towards Khamis Mushait (Khamis Mushait, Asir).",0,2021-Q3
2021-08-04,2021,Strategic developments,Disrupted weapons use,Military Forces of Saudi Arabia (2015-),Military Forces of Yemen (2017-) Houthi,Saudi Arabia,Asir,"Interception: On 4 August 2021, Saudi forces claimed to have intercepted 1 bomb-laden drone launched by Houthi forces towards Khamis Mushait (coded to district level at Khamis Mushait) (Asir).",0,2021-Q3
2021-07-31,2021,Strategic developments,Disrupted weapons use,Military Forces of Saudi Arabia (2015-),Military Forces of Yemen (2017-) Houthi,Saudi Arabia,Asir,"Interception: On 31 July 2021, Saudi forces claimed to have intercepted a bomb-laden drone launched by Houthi forces towards Khamis Mushait (Khamis Mushait, Asir).",0,2021-Q3
2021-08-13,2021,Strategic developments,Disrupted weapons use,Military Forces of Saudi Arabia (2015-),Military Forces of Yemen (2017-) Houthi,Saudi Arabia,Asir,"Interception: On 13 August 2021, Saudi forces announced the interception and destruction of a Houthi bomb-laden drone that was headed to Khamis Mushait (Asir).",0,2021-Q3
2021-08-09,2021,Strategic developments,Disrupted weapons use,Military Forces of Saudi Arabia (2015-),Military Forces of Yemen (2017-) Houthi,Saudi Arabia,Asir,"Interception: On 9 August 2021, Saudi forces announced the interception and destruction of two Houthi bomb-laden drones that were targeting Khamis Mushait (Asir).",0,2021-Q3
2021-09-03,2021,Strategic developments,Disrupted weapons use,Military Forces of Saudi Arabia (2015-),Military Forces of Yemen (2017-) Houthi,Saudi Arabia,Asir,"Interception: On 3 September 2021, Saudi forces shot down a Houthi bomb-laden drone headed to Khamis Mushait (Asir).",0,2021-Q3
2021-09-02,2021,Strategic developments,Disrupted weapons use,Military Forces of Saudi Arabia (2015-),Military Forces of Yemen (2017-) Houthi,Saudi Arabia,Asir,"Interception: On 2 September 2021, Saudi forces shot down a Houthi bomb-laden drone headed to Khamis Mushait (Asir).",0,2021-Q3
2021-08-30,2021,Strategic developments,Disrupted weapons use,Military Forces of Saudi Arabia (2015-),Military Forces of Yemen (2017-) Houthi,Saudi Arabia,Asir,"Interception: On 30 August 2021, Saudi forces claimed to have intercepted and shot down a Houthi bomb-laden drone launched towards Khamis Mushait (Khamis Mushait, Asir).",0,2021-Q3
2021-08-29,2021,Strategic developments,Disrupted weapons use,Military Forces of Saudi Arabia (2015-),Military Forces of Yemen (2017-) Houthi,Saudi Arabia,Asir,"Interception: On 29 August 2021, Saudi forces claimed to have intercepted and shot down 3 Houthi bomb-laden drones launched towards Khamis Mushait (coded to district level at Khamis Mushait) (Asir).",0,2021-Q3
2021-08-28,2021,Strategic developments,Disrupted weapons use,Military Forces of Saudi Arabia (2015-),Military Forces of Yemen (2017-) Houthi,Saudi Arabia,Asir,"Interception: On 28 August 2021, Saudi forces claimed to have intercepted and shot down 2 Houthi bomb-laden drones launched towards Khamis Mushait (coded to district level at Khamis Mushait) (Asir).",0,2021-Q3
2021-07-24,2021,Strategic developments,Disrupted weapons use,Military Forces of Saudi Arabia (2015-),Military Forces of Yemen (2017-) Houthi,Saudi Arabia,Asir,"Interception: On 24 July 2021, Saudi forces claimed to have intercepted and shot down 1 Houthi bomb-laden drone launched towards Khamis Mushait (Khamis Mushait, Asir).",0,2021-Q3
2021-07-02,2021,Strategic developments,Disrupted weapons use,Military Forces of Saudi Arabia (2015-),Military Forces of Yemen (2017-) Houthi,Saudi Arabia,Asir,"Interception: On 2 July 2021, Saudi forces claimed to have intercepted a bomb-laden drone launched by Houthi forces towards Khamis Mushait (Khamis Mushait, Asir).",0,2021-Q3
2021-06-22,2021,Strategic developments,Disrupted weapons use,Military Forces of Saudi Arabia (2015-),Military Forces of Yemen (2017-) Houthi,Saudi Arabia,Asir,"Interception: On 22 June 2021, Saudi air defenses intercepted and shot down a Houthi bomb-laden drone that was targeting locations in Khamis Mushait (Asir).",0,2021-Q2
2021-06-20,2021,Strategic developments,Disrupted weapons use,Military Forces of Saudi Arabia (2015-),Military Forces of Yemen (2017-) Houthi,Saudi Arabia,Asir,"Interception: On 20 June 2021, Saudi forces claimed to have intercepted a bomb-laden drone launched by Houthi forces towards Khamis Mushait (Khamis Mushait, Asir).",0,2021-Q2
2021-06-17,2021,Strategic developments,Disrupted weapons use,Military Forces of Saudi Arabia (2015-),Military Forces of Yemen (2017-) Houthi,Saudi Arabia,Asir,"Interception: On 17 June 2021, Saudi forces claimed to have intercepted a bomb-laden drone launched by Houthi forces towards Khamis Mushait (Khamis Mushait, Asir).",0,2021-Q2
2021-06-14,2021,Strategic developments,Disrupted weapons use,Military Forces of Saudi Arabia (2015-),Military Forces of Yemen (2017-) Houthi,Saudi Arabia,Asir,"Interception: On 14 June 2021, Saudi forces claimed to have intercepted a bomb-laden drone launched by Houthi forces towards Khamis Mushait (Khamis Mushait, Asir).",0,2021-Q2
2021-06-13,2021,Explosions/Remote violence,Air/drone strike,Military Forces of Yemen (2017-) Houthi,,Saudi Arabia,Asir,"On 13 June 2021, a bomb-laden drone launched by Houthi forces, which Saudi forces claimed to have intercepted, landed on a school in Khamis Mushait district (Asir) damaging the building without causing fatalities or injuries. Saudi forces acknowledged that the drone had 'crash-landed' on the school.",0,2021-Q2
2021-06-10,2021,Strategic developments,Disrupted weapons use,Military Forces of Saudi Arabia (2015-),Military Forces of Yemen (2017-) Houthi,Saudi Arabia,Asir,"Interception: On 10 June 2021, Saudi forces claimed to have intercepted a Houthi drone that was sent to target locations in Khamis Mushait (Khamis Mushait, Asir).",0,2021-Q2
2021-05-08,2021,Strategic developments,Disrupted weapons use,Military Forces of Saudi Arabia (2015-),Military Forces of Yemen (2017-) Houthi,Saudi Arabia,Asir,"Interception: On 8 May 2021, Saudi forces claimed to have intercepted a bomb-laden drone launched by Houthi forces towards Khamis Mushait (coded to district level at Khamis Mushait) (Asir).",0,2021-Q2
2021-05-02,2021,Strategic developments,Disrupted weapons use,Military Forces of Saudi Arabia (2015-),Military Forces of Yemen (2017-) Houthi,Saudi Arabia,Asir,"Interception: On 2 May 2021, Saudi forces intercepted a bomb-laden drone (Qasif-2K) launched by Houthi forces towards Khamis Mushait (coded to district level at Khamis Mushait) (Asir).",0,2021-Q2
2021-04-23,2021,Strategic developments,Disrupted weapons use,Military Forces of Saudi Arabia (2015-),Military Forces of Yemen (2017-) Houthi,Saudi Arabia,Asir,"Interception: On 23 April 2021, Saudi forces intercepted 2 Houthi bomb-laden drones launched towards Khamis Mushait (Asir). In what is understood to be the same event Houthi forces claimed an attack using 3 Qasif-2K drones targeting Khamis Mushait (coded to district level at Khamis Mushait).",0,2021-Q2
2021-04-12,2021,Explosions/Remote violence,Air/drone strike,Military Forces of Yemen (2017-) Houthi,Military Forces of Saudi Arabia (2015-),Saudi Arabia,Asir,"On 12 April 2021, Houthi forces continue to target military locations in Khamis Mushait (coded to district level at Khamis Mushait) (Asir) and Jizan (Jizan) with 5 Qasif-2K drones and 2 Badr-1 missiles for the second day. Casualties unknown. This came as part of the Houthi operation 30th of Shaban.",0,2021-Q2
2021-04-09,2021,Strategic developments,Disrupted weapons use,Military Forces of Saudi Arabia (2015-),Military Forces of Yemen (2017-) Houthi,Saudi Arabia,Asir,"Interception: On 9 April 2021, Saudi forces intercepted a bomb-laden drone (Qasif 2K) launched by Houthi forces towards Khamis Mushait (coded to district level at Khamis Mushait) (Asir) in Saudi Arabia.",0,2021-Q2
2021-04-07,2021,Strategic developments,Disrupted weapons use,Military Forces of Saudi Arabia (2015-),Military Forces of Yemen (2017-) Houthi,Saudi Arabia,Asir,"Interception: On 7 April 2021, Saudi forces intercepted a bomb-laden drone (Qasif 2K) launched by Houthi forces towards Khamis Mushait (coded to district level at Khamis Mushait) (Asir) in Saudi Arabia.",0,2021-Q2
2021-04-01,2021,Strategic developments,Disrupted weapons use,Military Forces of Saudi Arabia (2015-),Military Forces of Yemen (2017-) Houthi,Saudi Arabia,Asir,"Interception: On 1 April 2021, Saudi forces intercepted two bomb-laden drones (Qasif 2K) launched by Houthi forces towards Khamis Mushait (coded to district level at Khamis Mushait) (Asir) in Saudi Arabia.",0,2021-Q2
2021-03-28,2021,Strategic developments,Disrupted weapons use,Military Forces of Saudi Arabia (2015-),Military Forces of Yemen (2017-) Houthi,Saudi Arabia,Asir,"Interception: On 28 March 2021, Saudi forces shot down 1 Houthi bomb-laden drone headed to Khamis Mushait (coded to district level at Khamis Mushait) (Asir).",0,2021-Q1
2021-03-26,2021,Strategic developments,Disrupted weapons use,Military Forces of Saudi Arabia (2015-),Military Forces of Yemen (2017-) Houthi,Saudi Arabia,Asir,"Interception: On 26 March 2021, Saudi forces intercepted 3 Houthi bomb-laden drones including Sammad-3 launched towards Khamis Mushait (coded to district level at Khamis Mushait) (Asir).",0,2021-Q1
2021-03-25,2021,Strategic developments,Disrupted weapons use,Military Forces of Saudi Arabia (2015-),Military Forces of Yemen (2017-) Houthi,Saudi Arabia,Asir,"Interception: On 25 March 2021, Saudi military forces intercepted 1 Houthi drone targeting Khamis Mushait (coded to district level at Khamis Mushait) (Asir) amid the interception of 8 Houthi bomb-laden drones that day. In what are understood to be the same events Houthi forces claimed attacks on Saudi Arabia using Sammad-3 and Qasif-2K drones.",0,2021-Q1
2021-03-20,2021,Strategic developments,Disrupted weapons use,Military Forces of Saudi Arabia (2015-),Military Forces of Yemen (2017-) Houthi,Saudi Arabia,Asir,"Interception: On 20 March 2021, Saudi forces shot down 1 bomb-laden Houthi drone that attempted to target locations in Khamis Mushait (coded to district level at Khamis Mushait) (Asir).",0,2021-Q1
2021-03-14,2021,Strategic developments,Disrupted weapons use,Military Forces of Saudi Arabia (2015-),Military Forces of Yemen (2017-) Houthi,Saudi Arabia,Asir,"Interception: On 14 March 2021, a Houthi drone targeted Khamis Mushait area (Asir). According to one source, the drone was shot down by Saudi defenses before reaching its target, while according to another, explosions were heard in the area indicating that the target was hit.",0,2021-Q1
2021-03-05,2021,Strategic developments,Disrupted weapons use,Military Forces of Saudi Arabia (2015-),Military Forces of Yemen (2017-) Houthi,Saudi Arabia,Asir,"Interception: On 5 March 2021, Saudi forces intercepted 6 Houthi drones launched towards Khamis Mushait (coded to district level at Khamis Mushait) (Asir). Houthi forces claimed an attack using Qasif-2K and Sammad-3 drones.",0,2021-Q1
2021-02-27,2021,Strategic developments,Disrupted weapons use,Military Forces of Saudi Arabia (2015-),Military Forces of Yemen (2017-) Houthi,Saudi Arabia,Asir,"Interception: On 27 February 2021, Saudi forces shot down between 4 and 6 Houthi drones launched towards Jizan (coded to district level) and Khamis Mushait (coded to district level at Khamis Mushait) (Asir). In what is understood to be the same event Houthi forces claimed an operation on Saudi Arabia that involved 15 drones including 9 Sammad-3 and 6 Qasif-2K.",0,2021-Q1
2021-02-26,2021,Strategic developments,Disrupted weapons use,Military Forces of Saudi Arabia (2015-),Military Forces of Yemen (2017-) Houthi,Saudi Arabia,Asir,"Interception: On 26 February 2021, Saudi forces intercepted 1 Houthi ballistic missile and between 1 and 2 Houthi bomb-laden drones including 1 Qasif launched towards Khamis Mushait (coded to district level at Khamis Mushait) (Asir).",0,2021-Q1
2021-02-14,2021,Strategic developments,Disrupted weapons use,Military Forces of Saudi Arabia (2015-),Military Forces of Yemen (2017-) Houthi,Saudi Arabia,Asir,"Interception: On 14 February 2021, Saudi forces shot down 2 Houthi bomb-laden drones launched towards Khamis Mushait (coded to district level at Khamis Mushait) (Asir).",0,2021-Q1
2021-02-11,2021,Strategic developments,Disrupted weapons use,Military Forces of Saudi Arabia (2015-),Military Forces of Yemen (2017-) Houthi,Saudi Arabia,Asir,"Interception: On 11 February 2021, the Saudi military intercepted between 1 and 2 bomb-laden Houthi drone launched towards Khamis Mushait (coded to district level at Khamis Mushait) (Asir).",0,2021-Q1
2020-10-28,2020,Strategic developments,Disrupted weapons use,Military Forces of Saudi Arabia (2015-),Military Forces of Yemen (2017-) Houthi,Saudi Arabia,Asir,"Interception: On 28 October 2020, Saudi forces claimed to have intercepted 3 Houthi ballistic missiles and 6 drones including 1 Sammad and 1 Qasif targeting Najran (coded to district level), Jizan (coded to district level), and Khamis Mushait (coded to district level at Khamis Mushait) (Asir).",0,2020-Q4
2020-09-17,2020,Strategic developments,Disrupted weapons use,Military Forces of Saudi Arabia (2015-),Military Forces of Yemen (2017-) Houthi,Saudi Arabia,Asir,"Interception: On 17 September 2020, Saudi forces claimed to have intercepted and destroyed 1 Houthi bomb-laden drone launched towards Khamis Mushait (Asir).",0,2020-Q3
2020-08-13,2020,Strategic developments,Disrupted weapons use,Military Forces of Saudi Arabia (2015-),Military Forces of Yemen (2017-) Houthi,Saudi Arabia,Asir,"Interception: On 13 August 2020, the Saudi Air Defence reportedly intercepted and destroyed a pro-Houthi unmanned drone and 2 ballistic missiles directed towards Khamis Mushait city (Asir).",0,2020-Q3
2020-07-13,2020,Strategic developments,Disrupted weapons use,Military Forces of Saudi Arabia (2015-),Military Forces of Yemen (2017-) Houthi,Saudi Arabia,Asir,"Interception: On 13 July 2020, Houthi drones and ballistic missiles targeted the Patriot system and pilots housing in Khamis Mushait (Asir). According to Saudi Press Agency, the drones were shot down and the missiles intercepted before inflicting any damage.",0,2020-Q3
2020-06-15,2020,Strategic developments,Disrupted weapons use,Military Forces of Saudi Arabia (2015-),Military Forces of Yemen (2017-) Houthi,Saudi Arabia,Asir,"Interception: On 15 June 2020, Saudi-led coalition forces shot down five Qasif 2-K Houthi drones on their way to the city of Khamis Mushait (Khamis Mushait, Asir). Houthi forces claimed that the drones had hit military targets.",0,2020-Q2
2020-06-01,2020,Strategic developments,Disrupted weapons use,Military Forces of Saudi Arabia (2015-),Military Forces of Yemen (2017-) Houthi,Saudi Arabia,Asir,"Interception: On 1 June 2020, Saudi-led coalition forces reportedly shot down two Houthi drones around the city of Khamis Mushait (Asir).",0,2020-Q2
2020-03-27,2020,Strategic developments,Disrupted weapons use,Military Forces of Saudi Arabia (2015-),Military Forces of Yemen (2017-) Houthi,Saudi Arabia,Asir,"Interception: On 27 March 2020, Saudi-led coalition forces reportedly intercepted and destroyed pro-Houthi unmanned drones directed against civilian targets in Abha and Khamis Mushait cities (Asir).",0,2020-Q1
2018-05-19,2018,Strategic developments,Disrupted weapons use,Military Forces of Saudi Arabia (2015-),Military Forces of Yemen (2017-) Houthi,Saudi Arabia,Asir,"Interception: On 19 May 2018, Saudi air defence forces claim to have intercepted a ballistic missile over Khamis Mushait area of Asir southern governorate. Pro-Houthi forces said the missile (Badr 1) targeted the Saudi radar brigade. No casualties were reported.",0,2018-Q2
2018-02-05,2018,Strategic developments,Disrupted weapons use,Military Forces of Saudi Arabia (2015-),Military Forces of Yemen (2017-) Houthi,Saudi Arabia,Asir,"Interception: On 5 February 2018, Saudi air defense forces claimed to have intercepted a Houthi ballistic missile targeting Khamis Mushait city (Khamis Mushait, Asir).",0,2018-Q1
2021-04-16,2021,Strategic developments,Change to group/activity,Military Forces of the United States (2021-2025),,Saudi Arabia,Ar Riyadh,"Movement of forces: On 16 April 2021, it was reported that US military forces deployed 300 airmen and F-16 fighters to the Prince Sultan Airbase (Al Kharj, Ar Riyadh) to support 'national security objectives' in the region.",0,2021-Q2
2021-06-02,2021,Strategic developments,Change to group/activity,Military Forces of the United States (2021-2025),,Saudi Arabia,Ar Riyadh,"Movement of forces: On 2 June 2021, the Pentagon started to withdraw US troops from several countries in the Middle East, including 8 Patriot antimissile batteries from Kuwait, Saudi Arabia, Iraq, and Jordan, and one Terminal High Altitude Area Defense (THAD) system from Saudi Arabia.",0,2021-Q2
2023-10-23,2023,Strategic developments,Other,Al Haramayn Liberation Movement,Military Forces of Saudi Arabia (2015-),Saudi Arabia,Ar Riyadh,"Other: On 23 October 2023, Al Haramayn Liberation Movement claimed to have conducted two separate attacks with drones in Saudi Arabia targeting the HQs of US forces in the Prince Sultan Air Base (Al Kharj, Ar Riyadh) and in the King Abdulaziz Air Base (Al Khubar, Eastern). The attack was not confirmed by other sources and is likely propaganda only.",0,2023-Q4
2023-10-23,2023,Strategic developments,Other,Al Haramayn Liberation Movement,Military Forces of Saudi Arabia (2015-),Saudi Arabia,Eastern,"Other: On 23 October 2023, Al Haramayn Liberation Movement claimed to have conducted two separate attacks with drones in Saudi Arabia targeting the HQs of US forces in the Prince Sultan Air Base (Al Kharj, Ar Riyadh) and in the King Abdulaziz Air Base (Al Khubar, Eastern). The attack was not confirmed by other sources and is likely propaganda only.",0,2023-Q4
2023-11-05,2023,Violence against civilians,Abduction/forced disappearance,Police Forces of Saudi Arabia (2015-),Civilians (Saudi Arabia),Saudi Arabia,Ar Riyadh,"On 5 November 2023, Saudi Police forces forcibly disappeared 1 female civilian in an unspecified location in Saudi Arabia (coded to Riyadh City) (Ar Riyadh). According to Amnesty International she was disappeared for promoting women's rights. She was released on 14 April 2024 but again held incommunicado for a month in August 2024, and forcibly disappeared again in December 2024 (coded as separate events).",0,2023-Q4
2023-08-15,2023,Violence against civilians,Attack,Police Forces of Saudi Arabia (2015-),Civilians (Saudi Arabia),Saudi Arabia,Ar Riyadh,"Around 15 August 2023 (month of), Saudi Police forces tortured a female prisoner and subjected her to other ill-treatment while she was held incommunicado in an unspecified location in Saudi Arabia (coded to Riyadh City) (Ar Riyadh). According to Amnesty International she was disappeared for promoting women's rights. She was held during the whole month of August 2023 before being released. She had previously been forcibly disappeared from October 2023 to April 2024, and again in December 2024 (coded as separate events).",0,2023-Q3
2024-12-15,2024,Violence against civilians,Abduction/forced disappearance,Police Forces of Saudi Arabia (2015-),Civilians (Saudi Arabia),Saudi Arabia,Ar Riyadh,"Around 15 December 2024 (as reported), Saudi Police forces forcibly disappeared 1 female civilian in an unspecified location in Saudi Arabia (coded to Riyadh City) (Ar Riyadh). According to Amnesty International she was disappeared for promoting women's rights. She had previously been forcibly disappeared from October 2023 to April 2024, and held incommunicado in August 2023 (coded as separate events).",0,2024-Q4
2020-09-10,2020,Strategic developments,Disrupted weapons use,Military Forces of Saudi Arabia (2015-),Military Forces of Yemen (2017-) Houthi,Saudi Arabia,Asir,"Interception: On 10 September 2020, Saudi air defense forces shot down Houthi Qasif-2 drones targeting Abha Regional Airport (Abha, Asir).",0,2020-Q3
2021-03-09,2021,Strategic developments,Disrupted weapons use,Military Forces of Saudi Arabia (2015-),Military Forces of Yemen (2017-) Houthi,Saudi Arabia,Asir,"Interception: On 9 March 2021, Saudi forces shot down 1 Houthi drone that was sent to target locations in Khamis Mushait (coded to district level at Khamis Mushait) (Asir).",0,2021-Q1
2022-03-03,2022,Strategic developments,Disrupted weapons use,Military Forces of Saudi Arabia (2015-),Military Forces of Yemen (2017-) Houthi,Saudi Arabia,Najran,"Interception: On 3 March 2022, Saudi forces claimed to have intercepted and shot down 1 Houthi drone (presumed weaponized) launched toward southern Saudi Arabia (coded to Najran). Unclear if the interception occurred over Saudi or Yemeni airspace.",0,2022-Q1
2022-03-15,2022,Strategic developments,Other,Government of the United States (2021-2025),Government of Saudi Arabia (2015-),Saudi Arabia,Ar Riyadh,"Other: Around 15 March 2022 (month of), the US administration transferred a significant number of Patriot antimissile interceptors to Saudi Arabia (coded to capital city Riyadh) (Ar Riyadh) following a request that was made by the Saudi government last year when its supply started to run low to fend off Houthi attacks.",0,2022-Q1
2021-03-03,2021,Explosions/Remote violence,Shelling/artillery/missile attack,Military Forces of Yemen (2017-) Houthi,Military Forces of Saudi Arabia (2015-),Saudi Arabia,Mecca,"On 3 March 2021, Houthi forces successfully targeted with a Quds-2 missile Jeddah - Saudi ARAMCO (North Plant) (Jiddah, Makkah).",0,2021-Q1
2021-03-26,2021,Explosions/Remote violence,Air/drone strike,Military Forces of Yemen (2017-) Houthi,,Saudi Arabia,Al Madinah,"On 26 March 2021, Houthi forces launched 12 Sammad-3 drones and 8 'ballistic missiles' (Zulfiqar, Badr, Sair) at an oil site in Ras Tanura (Ras Tannurah, Eastern), Yanbu - Saudi ARAMCO (Yanbu, Al Madinah), a military base in Dammam (Ad Dammam, Eastern), Rabigh Saudi ARAMCO (Rabigh, Makkah), and Jizan - Saudi ARAMCO (Jizan). Casualties unknown.",0,2021-Q1
2021-03-26,2021,Explosions/Remote violence,Air/drone strike,Military Forces of Yemen (2017-) Houthi,Military Forces of Saudi Arabia (2015-),Saudi Arabia,Eastern,"On 26 March 2021, Houthi forces launched 12 Sammad-3 drones and 8 'ballistic missiles' (Zulfiqar, Badr, Sair) at an oil site in Ras Tanura (Ras Tannurah, Eastern), Yanbu - Saudi ARAMCO (Yanbu, Al Madinah), a military base in Dammam (Ad Dammam, Eastern), Rabigh Saudi ARAMCO (Rabigh, Makkah), and Jizan - Saudi ARAMCO (Jizan). Casualties unknown.",0,2021-Q1
2021-03-26,2021,Explosions/Remote violence,Air/drone strike,Military Forces of Yemen (2017-) Houthi,,Saudi Arabia,Eastern,"On 26 March 2021, Houthi forces launched 12 Sammad-3 drones and 8 'ballistic missiles' (Zulfiqar, Badr, Sair) at Ras Tannurah Saudi ARAMCO (Ras Tannurah, Eastern), Yanbu - Saudi ARAMCO (Yanbu, Al Madinah), a military base in Dammam (Ad Dammam, Eastern), Rabigh Saudi ARAMCO (Rabigh, Makkah), and Jizan - Saudi ARAMCO (Jizan). Casualties unknown.",0,2021-Q1
2021-03-26,2021,Strategic developments,Disrupted weapons use,Military Forces of Saudi Arabia (2015-),Military Forces of Yemen (2017-) Houthi,Saudi Arabia,Asir,"Interception: On 26 March 2021, the Saudi armed forces intercepted 6 Qasif 2K bomb-laden drones launched by Houthi forces towards Najran and Asir (coded to Abha in Asir). Houthi forces claimed that the striked impacted successfully.",0,2021-Q1
2021-03-26,2021,Explosions/Remote violence,Air/drone strike,Military Forces of Yemen (2017-) Houthi,,Saudi Arabia,Jizan,"On 26 March 2021, Houthi forces launched 12 Sammad-3 drones and 8 'ballistic missiles' (Zulfiqar, Badr, Sair) at an oil site in Ras Tanura (Ras Tannurah, Eastern), Yanbu - Saudi ARAMCO (Yanbu, Al Madinah), a military base in Dammam (Ad Dammam, Eastern), Rabigh Saudi ARAMCO (Rabigh, Makkah), and Jizan - Saudi ARAMCO (Jizan). Casualties unknown.",0,2021-Q1
2021-03-26,2021,Explosions/Remote violence,Air/drone strike,Military Forces of Yemen (2017-) Houthi,,Saudi Arabia,Mecca,"On 26 March 2021, Houthi forces launched 12 Sammad-3 drones and 8 'ballistic missiles' (Zulfiqar, Badr, Sair) at an oil site in Ras Tanura (Ras Tannurah, Eastern), Yanbu - Saudi ARAMCO (Yanbu, Al Madinah), a military base in Dammam (Ad Dammam, Eastern), Rabigh Saudi ARAMCO (Rabigh, Makkah), and Jizan - Saudi ARAMCO (Jizan). Casualties unknown.",0,2021-Q1
2021-03-26,2021,Strategic developments,Disrupted weapons use,Military Forces of Saudi Arabia (2015-),Military Forces of Yemen (2017-) Houthi,Saudi Arabia,Najran,"Interception: On 26 March 2021, the Saudi armed forces intercepted 6 Qasif 2K bomb-laden drones launched by Houthi forces towards Najran and Asir (coded to Abha in Asir). Houthi forces claimed that the striked impacted successfully.",0,2021-Q1
2021-04-01,2021,Explosions/Remote violence,Air/drone strike,Military Forces of Yemen (2017-) Houthi,,Saudi Arabia,Ar Riyadh,"On 1 April 2021, Houthi forces launched four drones targeting Riyadh city (Ar Riyadh) claiming that the impacts were successful.",0,2021-Q2
2021-04-09,2021,Explosions/Remote violence,Air/drone strike,Military Forces of Yemen (2017-) Houthi,Military Forces of Saudi Arabia (2015-),Saudi Arabia,Asir,"On 9 April 2021, Houthi forces claimed to have hit with a Qasif 2K drone Abha Regional Airport (Abha, Asir) in Saudi Arabia.",0,2021-Q2
2018-01-05,2018,Explosions/Remote violence,Shelling/artillery/missile attack,Military Forces of Yemen (2017-) Houthi,,Saudi Arabia,Najran,"On 5 January 2018, fragments from 1 Houthi Qahir-2M unguided land-attack rocket that was intercepted by Saudi forces damaged civilian infrastructure in Najran city (Najran). There were no fatalities or injuries. Houthi forces claimed that the rocket successfully struck a military camp in the city.",0,2018-Q1
2020-05-07,2020,Strategic developments,Change to group/activity,Military Forces of the United States (2017-2021),,Saudi Arabia,Ar Riyadh,"On 7 May 2020, the US government announced it was withdrawing 2 Patriot Missile batteries and 300 troops that operate such batteries from Saudi Arabia. It was unclear where the batteries had previously been located.",0,2020-Q2
2020-11-13,2020,Strategic developments,Disrupted weapons use,Military Forces of Saudi Arabia (2015-),Military Forces of Yemen (2017-) Houthi,Saudi Arabia,Jizan,"Interception: On 13 November 2020, Saudi forces intercepted two bomb-laden boats launched by Houthi forces off the Coast of Jizan, resulting in a fire breaking out near an Aramco oil distribution center.",0,2020-Q4
2020-11-25,2020,Explosions/Remote violence,Remote explosive/landmine/IED,Military Forces of Yemen (2017-) Houthi,,Saudi Arabia,Jizan,"On 25 November 2020, a presumed Houthi-planted sea mine detonated near a Saudi oil terminal off the Coast of Ash Shuqayq (Ad Darb, Jizan) damaging the hull of the Maltese-flagged and Greek-operated MT Agrari crude oil tanker (IMO: 9389083). There were no fatalities or injuries.",0,2020-Q4
2021-04-15,2021,Explosions/Remote violence,Air/drone strike,Military Forces of Yemen (2017-) Houthi,,Saudi Arabia,Jizan,"On 15 April 2021, fragments from 4 Houthi bomb-laden drones and 5 Houthi ballistic missiles/rockets caused a fire at Jizan - Jizan university. There were no fatalities. Houthi forces claimed to have successfully launched 7 Sair and Badr artillery rockets on Jizan - Saudi ARAMCO and 4 Sammad-3 and Qasif-2K drones on Patriot systems in Jizan (two events coded).",0,2021-Q2
2021-04-15,2021,Strategic developments,Disrupted weapons use,Military Forces of Saudi Arabia (2015-),Military Forces of Yemen (2017-) Houthi,Saudi Arabia,Jizan,"Interception: On 15 April 2021, Saudi forces claimed to have intercepted 4 Houthi bomb-laden drones and 5 Houthi ballistic missiles/rockets targeting Jizan city. Houthi forces claimed to have successfully launched 7 Sair and Badr artillery rockets on Jizan - Saudi ARAMCO and 4 Sammad-3 and Qasif-2K drones on Patriot systems in Jizan (two events coded).",0,2021-Q2
2021-12-24,2021,Explosions/Remote violence,Shelling/artillery/missile attack,Military Forces of Yemen (2017-) Houthi,Civilians (Saudi Arabia),Saudi Arabia,Jizan,"On 24 December 2021, a Houthi military projectile (presumed to be from a missile attack) struck two car maintenance workshops in Samitah city (Samtah, Jizan) killing 2 civilians -- 1 Saudi and 1 Yemeni -- and injuring 7 others -- 6 Bangladeshis and 1 Saudi. 12 cars were also damaged.",2,2021-Q4
2018-07-15,2018,Explosions/Remote violence,Shelling/artillery/missile attack,Military Forces of Yemen (2017-) Houthi,Civilians (Saudi Arabia),Saudi Arabia,Jizan,"Three civilians were wounded, including a 10 year old child, when a Houthi-fired projectile struck in the city of Aridha, Jizan.",0,2018-Q3
2018-07-19,2018,Explosions/Remote violence,Air/drone strike,Military Forces of Yemen (2017-) Houthi,,Saudi Arabia,Ar Riyadh,Al-Houthi forces claim to have attacked the Aramco facility in Riyadh using a long-range drone. Aramco reported a small fire incident on the same day. No injuries or fatalities were reported.,0,2018-Q3
2019-01-30,2019,Strategic developments,Disrupted weapons use,Military Forces of Saudi Arabia (2015-),Military Forces of Yemen (2017-) Houthi,Saudi Arabia,Asir,"Interception: On 30 January 2019, The Saudi-led coalition announced that it had shot down a Houthi drone over the city of Abha on Wednesday. No injuries or fatalities were reported.",0,2019-Q1
2019-04-08,2019,Battles,Armed clash,Police Forces of Saudi Arabia (2015-),Unidentified Armed Group (Saudi Arabia),Saudi Arabia,Eastern,"On 8 April 2019, Saudi security forces engaged in a firefight with wanted 'activist' elements along the Abu Hadriyah highway in Al Qatif district (Eastern) killing 2 and taking 2 others prisoner. A gas station caught fire during the event as a result of a grenade injuring several civilians nearby. Security forces had clashed with the elements the day prior (coded as a separate event).",2,2019-Q2
2022-08-10,2022,Explosions/Remote violence,Suicide bomb,Unidentified Armed Group (Saudi Arabia),Police Forces of Saudi Arabia (2015-),Saudi Arabia,Mecca,"On 10 August 2022, a Saudi man blew himself up with an explosive belt to avoid his arrest in Jeddah (Jiddah, Mecca) injuring 3 security personnel and 1 Pakistani resident who were hospitalized. The man was wanted for his alleged involvement in a 2015 mosque bombing in Abha. The Saudi authorities did not disclose whether he was associated with any specific armed group.",1,2022-Q3
2019-06-17,2019,Strategic developments,Disrupted weapons use,Military Forces of Saudi Arabia (2015-),Military Forces of Yemen (2017-) Houthi,Saudi Arabia,Asir,"Interception: On 17 June 2019, Saudi air defense forces claimed to have intercepted 1 Houthi bomb-laden drone targeting Abha (Asir) as Houthi forces said that they launched Qasif-2K drones at Abha Regional Airport. One additional drone was shot down over Yemeni territory.",0,2019-Q2
2019-06-25,2019,Strategic developments,Disrupted weapons use,Military Forces of Saudi Arabia (2015-),Military Forces of Yemen (2017-) Houthi,Saudi Arabia,Asir,"Interception: On 25 June 2019, Saudi coalition forces announced that they had shot down a Houthi drone over the city of Khamis Mushait on the 25 June, 2019, with no injuries reported.",0,2019-Q2
2018-10-08,2018,Battles,Non-state actor overtakes territory,Military Forces of Yemen (2017-) Houthi,Military Forces of Saudi Arabia (2015-),Saudi Arabia,Jizan,"On 8 October 2018, pro-Houthi forces carried out a large operation in Jizan governorate, which led to the capture of several sites and villages and caused the deaths of a number of Saudi and Saudi-affiliated forces, including 2 Saudi heads of sergeants and 3 soldiers. Unclear fatalities coded as 10 and split between 2 locations. The overtaken areas include: the MBC mount, Ar Riqaa, Al Qanboor, Al Qaimah, Ad Dubayrah, and Imdan (coded to Al Khobh). Pro-Houthi forces also shot down 3 reconnaissance drones in Wadi al Jarah.",5,2018-Q4
2018-10-08,2018,Battles,Non-state actor overtakes territory,Military Forces of Yemen (2017-) Houthi,Military Forces of Saudi Arabia (2015-),Saudi Arabia,Jizan,"On 8 October 2018, pro-Houthi forces carried out a large operation in Jizan governorate, which led to the capture of several sites and villages and caused the deaths of a number of Saudi and Saudi-affiliated forces, including 2 Saudi heads of sergeants and 3 soldiers. Unclear fatalities coded as 10 and split between 2 locations. The overtaken areas include: the MBC mount, Ar Riqaa, Al Qanboor, Al Qaimah, Ad Dubayrah, and Imdan (coded to Al Khobh). Pro-Houthi forces also shot down 3 reconnaissance drones in Wadi al Jarah.",5,2018-Q4
2022-06-23,2022,Violence against civilians,Attack,Military Forces of Saudi Arabia (2015-) Border Guard,Civilians (Yemen),Saudi Arabia,Jizan,"On 23 June 2022, a Saudi border guard patrol arrested and shot and killed 1 Yemeni citizen in Nashaw (Al Aridhah, Jizan) claiming that he was smuggling qat from Yemen to Saudi Arabia.",1,2022-Q2
