titolo,categoria,sponsor_stato,paesi_vittima,ruolo,data_evento,fonte_data_evento,descrizione,link
APT 28,,Russian Federation,"Afghanistan, Armenia, Belgium, Canada, China, France, Georgia, Germany, Hungary, Japan, Jordan, Kazakhstan, Mongolia, Pakistan, Poland, Tajikistan, Turkey, Ukraine, United Kingdom, United States",vittima,2014-10-28,archivio_cfr_2019,"This threat actor is linked to espionage campaigns, high-profile doxing efforts, and disruptive incidents that compromised targets believed to be of interest to the Russian government.",https://www.cfr.org/cyber-operations/apt-28
Targeting of financial institutions in Taiwan,Espionage,China,Taiwan,attore,,da_estrarre_con_llm,The Chinese threat actor Antlion targeted financial institutions in Taiwan with a custom backdoor. The hackers stole data from the infected networks in what may have been a larger campaign to gain intelligence on the Taiwanese financial sector.,https://www.cfr.org/cyber-operations/targeting-of-financial-institutions-in-taiwan
Targeting of the Belgian Federal Public Service Interior as part of espionage campaign,Espionage,China,Belgium,attore,,da_estrarre_con_llm,Chinese threat actors targeted the Belgian Federal Public Service Interior as part of a wide-ranging cyberespionage campaign involving multiple threat actors. Belgian authorities condemned the activity.,https://www.cfr.org/cyber-operations/targeting-of-the-belgian-federal-public-service-interior-as-part-of-espionage-campaign
"Targeting of humanitarian, think tank, and governmental organizations",Espionage,China,"India, Taiwan, United States",attore,,da_estrarre_con_llm,"Security researchers described a long-running domain-spoofing campaign run by a Chinese-sponsored threat actor aimed at various organizations, with a special interest in Taiwan.",https://www.cfr.org/cyber-operations/targeting-of-humanitarian-think-tank-and-governmental-organizations
Targeting of Association of Southeast Asian Nations (ASEAN) email servers,Espionage,China,,attore,,da_estrarre_con_llm,"Chinese state-sponsored hackers breached the ASEAN email servers in February 2022, stealing over thirty gigabytes of data. That data is believed to contain information about the economic outlook and political conditions of member countries.",https://www.cfr.org/cyber-operations/targeting-of-association-of-southeast-asian-nations-asean-email-servers
Targeting of a telecommunications firm in the Middle East and a government network in Asia,Espionage,China,,attore,,da_estrarre_con_llm,Emissary Panda was spotted using a new variant of its SysUpdate backdoor to infiltrate the systems of a Middle Eastern telecommunications firm and a government network in Asia.,https://www.cfr.org/cyber-operations/targeting-of-a-telecommunications-firm-in-the-middle-east-and-a-government-network-in-asia
Sharp Panda,,China,Barbados,attore,,da_estrarre_con_llm,"Previously known for targeting Southeast Asian governments, Sharp Panda (also known as Sharp Dragon) recently began leveraging compromised networks in Southeast Asia to breach governmental organizations in Africa and the Caribbean.",https://www.cfr.org/cyber-operations/sharp-panda
Targeting of a high-profile government organization in southeast Asia,Espionage,China,,attore,,da_estrarre_con_llm,Sophos published a report detailing three clusters of activity targeting a high-profile government organization in Southeast Asia. Each cluster has some degree of known overlap with existing Chinese APTs and shares significant TTPs. All three targeted documents are suggested to be valuable to intelligence.,https://www.cfr.org/cyber-operations/targeting-of-a-high-profile-government-organization-in-southeast-asia
Velvet Ant,Espionage,China,,attore,,da_estrarre_con_llm,Velvet Ant is reported to have targeted an unnamed company in East Asia by infiltrating the company’s network through specific legacy appliances.,https://www.cfr.org/cyber-operations/velvet-ant
Targeting of an unnamed company in East Asia,Espionage,China,,attore,,da_estrarre_con_llm,Velvet Ant is reported to have targeted an unnamed company in East Asia by infiltrating the company’s network through specific legacy appliances. Cybersecurity company Sygnia reported that Velvet Ant transferred its access to the network across devices in real time as it worked to remove access.,https://www.cfr.org/cyber-operations/targeting-of-an-unnamed-company-in-east-asia
Targeting of governmental organizations in Africa and the Caribbean,Espionage,China,,attore,,da_estrarre_con_llm,Sharp Panda (also known as Sharp Dragon) recently began leveraging previously compromised entities in Southeast Asia to send malicious emails to governmental organizations in Africa and the Caribbean.,https://www.cfr.org/cyber-operations/targeting-of-governmental-organizations-in-africa-and-the-caribbean
Targeting of home internet routers to add to a botnet,Espionage,China,United States,attore,,da_estrarre_con_llm,"Volt Typhoon targeted unsupported or unpatched home and small office internet routers. Once the routers were compromised, they were used to obfuscate Volt Typhoon’s operations. The network also contained routers from a U.S. judicial organization and a satellite management firm, although it was unclear if these organizations were targeted beyond adding the routers to the […]",https://www.cfr.org/cyber-operations/targeting-of-home-internet-routers-to-add-to-a-botnet
Targeting of Dutch chipmaker NXP,Espionage,China,Netherlands,attore,,da_estrarre_con_llm,"A Chinese threat actor, Chimera, gained access to the networks of Dutch chipmaker NXP and used that access to monitor employee communications and steal proprietary chip designs and other intellectual property. The breach lasted from late 2017 to early 2020.",https://www.cfr.org/cyber-operations/targeting-of-dutch-chipmaker-nxp
Chimera,Espionage,China,Taiwan,attore,,da_estrarre_con_llm,Chimera is a Chinese threat actor with a focus accessing the networks of microchip manufacturers. The group was originally spotted targeting Taiwanese chipmakers but has expanded its targeting to other chipmaking firms across the world.,https://www.cfr.org/cyber-operations/chimera
Targeting of Cambodian government agencies,Espionage,China,Cambodia,attore,,da_estrarre_con_llm,"Chinese threat actors broke into the networks of at least twenty-four Cambodian government agencies over the past year. The affected agencies work on a variety of issues, including national defense, human rights, election oversight, trade and commerce, and telecommunications.",https://www.cfr.org/cyber-operations/targeting-of-cambodian-government-agencies
Targeting of semiconductor manufacturing firms in East Asia,Espionage,China,Taiwan,attore,,da_estrarre_con_llm,"Emissary Panda launched phishing attacks against Chinese-speaking semiconductor firms in Hong Kong, Singapore, and Taiwan. The attack used malicious documents ostensibly from Taiwan Semiconductor Manufacturing Company, which, when downloaded, installed a malware dropper unique to Emissary Panda.",https://www.cfr.org/cyber-operations/targeting-of-semiconductor-manufacturing-firms-in-east-asia
Targeting of government agency in Guyana,Espionage,China,Guyana,attore,,da_estrarre_con_llm,"An unknown Chinese-affiliated threat actor targeted a Guyanese government agency with spear-phishing emails. The actor used a series of previously unseen tools in the attack, including a remote access Trojan known as DinodasRAT.",https://www.cfr.org/cyber-operations/targeting-of-government-agency-in-guyana
Targeting of subsidiaries of global companies,Espionage,China,"Japan, Korea (Republic of), United States",attore,,da_estrarre_con_llm,"BlackTech, a Chinese threat actor, targeted public- and private-sector organizations, including industrial, technology, media, electronics, and telecommunications companies. It attacked the poorly secured systems of subsidiary companies and then escalated access to the parent companies’ network, sometimes by compromising the firmware of routers.",https://www.cfr.org/cyber-operations/targeting-of-subsidiaries-of-global-companies
Targeting of a southeast Asian government,Espionage,China,,attore,,da_estrarre_con_llm,"Mustang Panda targeted the systems of a southeast Asian government in a long-running campaign. The APT performed extensive reconnaissance on the network, identifying several usernames and machines that were likely of interest, and targeted those users with more extensive surveillance and tooling.",https://www.cfr.org/cyber-operations/targeting-of-a-southeast-asian-government
Targeting of a telecommunications provider in North Africa,Espionage,China,,attore,,da_estrarre_con_llm,Mirage was detected targeting a telecommunications provider in North Africa. The attack appears to be an extension of an earlier Chinese campaign targeting telecommunications providers in the Middle East.,https://www.cfr.org/cyber-operations/targeting-of-a-telecommunications-provider-in-north-africa
"Targeting of South Korean academics, government agencies, and political groups",Espionage,China,Korea (Republic of),attore,,da_estrarre_con_llm,"Chinese threat actor Tick was found using spoofed domains to target South Korean political, government, and academic organizations. The attack appears aimed at gathering intelligence.",https://www.cfr.org/cyber-operations/targeting-of-south-korean-academics-government-agencies-and-political-groups
Targeting of the German Federal Agency for Cartography and Geodesy,Espionage,China,Germany,attore,,da_estrarre_con_llm,"Mirage, a Chinese threat actor, broke into the networks of the German Federal Agency for Cartography and Geodesy in December of 2021. What information the attackers could have gained access to remains unclear.",https://www.cfr.org/cyber-operations/targeting-of-the-german-federal-agency-for-cartography-and-geodesy
Targeting of Uyghurs outside China with trojanized Signal and Telegram apps,Espionage,China,,attore,,da_estrarre_con_llm,"Mirage uploaded fake Signal and Telegram apps to the Google Play store. The apps were primarily marketed at Uyghurs living outside of China. Both were designed to steal users’ data, and the Telegram copy was downloaded by at least 13,953 different users.",https://www.cfr.org/cyber-operations/targeting-of-uyghurs-outside-china-with-trojanized-signal-and-telegram-apps
Targeting of Japan’s National Center of Incident Readiness and Strategy for Cybersecurity,Espionage,China,Japan,attore,,da_estrarre_con_llm,Chinese hackers penetrated the email account of an employee of Japan’s National Center of Incident Readiness and Strategy for Cybersecurity. Japan officials feared that the attack could have indicated deeper penetration by Chinese hackers.,https://www.cfr.org/cyber-operations/targeting-of-japans-national-center-of-incident-readiness-and-strategy-for-cybersecurity
Flax Typhoon,Espionage,China,Taiwan,attore,,da_estrarre_con_llm,"Flax Typhoon is a Chinese threat actor detected operating on the networks of Taiwanese organizations. Flax Typhoon is notable both for using living-off-the-land techniques to establish persistent access to various Taiwanese organizations’ networks and because it appears to only establish persistent access to a network, rather than inflicting damage or stealing information.",https://www.cfr.org/cyber-operations/flax-typhoon
Targeting of government agencies across Eastern Europe,Espionage,China,"Czech Republic, Hungary, Slovakia, Ukraine, United Kingdom",attore,,da_estrarre_con_llm,"Mustang Panda targeted government agencies in Czechia, Hungary, Slovakia, Ukraine, and the United Kingdom with PlugX malware delivered through diplomatic-themed lure documents. There is also evidence that the hackers targeted agencies in France and Sweden as well, but whether they were successful in their attempts remains unclear.",https://www.cfr.org/cyber-operations/targeting-of-government-agencies-across-eastern-europe
Targeting of organizations using Barracuda email security gateway devices,Espionage,China,"Hong Kong, Taiwan, United States",attore,,da_estrarre_con_llm,"A Chinese threat actor compromised Barracuda brand email security gateway systems and used access to infiltrate networks attached to the Barracuda products. Once the campaign was detected, the attackers rapidly expanded their persistence on compromised systems, leading Barracuda to tell affected customers to destroy their devices due to the potential for continued compromise.",https://www.cfr.org/cyber-operations/targeting-of-organizations-using-barracuda-email-security-gateway-devices
Targeting of government organizations in Eastern Europe and Western Asia,Espionage,China,"Estonia, Greece, Japan, Latvia, Taiwan, Turkey, United States",attore,,da_estrarre_con_llm,"Mustang Panda targeted government and civil-society networks in at least nine countries— including the United States, Greece, Japan, and the United Kingdom—with several new malware droppers.",https://www.cfr.org/cyber-operations/targeting-of-government-organizations-in-eastern-europe-and-western-asia
Targeting of Taiwanese government and critical infrastructure operators,Espionage,China,Taiwan,attore,,da_estrarre_con_llm,Threat researchers discovered command-and-control infrastructure used by Emissary Panda to coordinate a campaign against Taiwanese government entities and critical infrastructure providers.,https://www.cfr.org/cyber-operations/targeting-of-taiwanese-government-and-critical-infrastructure-operators
Targeting of Kenyan government,Espionage,China,Kenya,attore,,da_estrarre_con_llm,Chinese hackers targeted several ministries within Kenya’s government for several years. The hacks were primarily to gain information on Kenya’s ability to repay its debts associated with projects funded under China’s Belt and Road Initiative.,https://www.cfr.org/cyber-operations/targeting-of-kenyan-government
Volt Typhoon,Espionage,China,United States,attore,,da_estrarre_con_llm,"U.S. government agencies and Microsoft detected activity on critical infrastructure in the United States and Guam by a new Chinese threat actor dubbed Volt Typhoon. The attacks were primarily designed to gather information on U.S. critical infrastructure and military capabilities, but Microsoft and the agencies said the attacks could be preparation for a future attack […]",https://www.cfr.org/cyber-operations/volt-typhoon
Targeting of telecommunications equipment in Guam,Espionage,China,"Guam, United States",attore,,da_estrarre_con_llm,"Volt Typhoon is a threat actor that has been active since 2021 and targets various organizations, including educational institutions, information technology companies, military networks, and transportation groups for the purposes of espionage. The group primarily targets high-value victims and maintains persistent access through “living off the land” techniques and hands-on activity.",https://www.cfr.org/cyber-operations/targeting-of-telecommunications-equipment-in-guam
"Targeting East Asian and Southeast Asian health-care, manufacturing, technology, and government organizations",Espionage,China,"Fiji, Taiwan, Thailand, The Philippines",attore,,da_estrarre_con_llm,"In its latest campaign, APT 41 targeted East Asian and Southeast Asian health-care, manufacturing, technology, and government organizations, attacking via installed Windows Defender in the target environment.",https://www.cfr.org/cyber-operations/targeting-east-asian-and-southeast-asian-health-care-manufacturing-technology-and-government-organizations
Targeting of military personnel and activists in Southeast Asia,Espionage,India,"Bangladesh, China, Pakistan, Sri Lanka",vittima,,da_estrarre_con_llm,"Patchwork, an Indian state-sponsored threat actor, used social engineering and spear-phishing lures to target military personnel and activists in Bangladesh, China, India, Pakistan, Sri Lanka, and Tibet.",https://www.cfr.org/cyber-operations/targeting-of-military-personnel-and-activists-in-southeast-asia
Targeting Linux systems in Nepal and South Africa,Espionage,China,"Nepal, South Africa",attore,,da_estrarre_con_llm,"Chinese threat actor Gallium is using a new variant of the PingPull malware to target the Linux systems of finance, government, and telecommunications organizations across Africa, Europe, and Southeast Asia.",https://www.cfr.org/cyber-operations/targeting-linux-systems-in-nepal-and-south-africa
Targeting of a Taiwanese media organization,Espionage,China,Taiwan,attore,,da_estrarre_con_llm,The Chinese threat actor APT 41 targeted a Taiwanese media company with a phishing campaign that abused the Google command-and-control red teaming tool in order to steal data from victims.,https://www.cfr.org/cyber-operations/targeting-of-a-taiwanese-media-organization
Targeting of organizations of strategic interest to the Chinese government,Espionage,China,United States,attore,,da_estrarre_con_llm,"Winnti Umbrella, a Chinese state-sponsored threat actor, is continuing to target organizations of interest to the Chinese government (including government, media, and information technology organizations). The group was using Keyplug, a Linux version of the custom modular backdoor, to gain access to victims’ networks, exfiltrating information in line with espionage operations.",https://www.cfr.org/cyber-operations/targeting-of-organizations-of-strategic-interest-to-the-chinese-government
Targeting of Middle Eastern telecommunications providers,Espionage,China,,attore,,da_estrarre_con_llm,"The Chinese state actor Gallium targeted Middle Eastern telecommunications companies in a prolonged spear-phishing campaign dubbed Operation Soft Cell. After gaining access, attackers have been observed stealing credentials, performing general reconnaissance, and exfiltrating data.",https://www.cfr.org/cyber-operations/targeting-of-middle-eastern-telecommunications-providers
Targeting of high-value customers of an East Asian data-loss prevention company,Espionage,China,,attore,,da_estrarre_con_llm,"Tick, a Chinese intelligence-aligned actor, compromised an internal update to the servers of a data-loss prevention company in order to deliver malware within the network. Tick packaged its malware as part of legitimate installers so that the malware was eventually executed on computers of the company’s customers.",https://www.cfr.org/cyber-operations/targeting-of-high-value-customers-of-an-east-asian-data-loss-prevention-company
Targeting of U.S. federal civilian agency,Espionage,China,United States,attore,,da_estrarre_con_llm,Chinese threat actor Hafnium attacked an unnamed U.S. government civilian agency from August to January 2023. Hafnium exploited a known vulnerability in software in the agency’s Microsoft Internet Information Services (IIS) web server.,https://www.cfr.org/cyber-operations/targeting-of-u-s-federal-civilian-agency
"Targeting of infrastructure projects in Indonesia, Thailand, and Vietnam",Espionage,China,"Thailand, Vietnam",attore,,da_estrarre_con_llm,"A Chinese threat actor was detected targeting the strategic infrastructure projects of government organizations in Indonesia, Thailand, and Vietnam. Active since late 2022, the campaign uses spear-fishing emails for initial access and deploys the Soul malware framework once inside the network.",https://www.cfr.org/cyber-operations/targeting-of-infrastructure-projects-in-indonesia-thailand-and-vietnam
Targeting of Belgian member of Parliament,Espionage,China,Belgium,attore,,da_estrarre_con_llm,"Chinese actor Zirconium targeted a Belgian MP, Samuel Cogolati, with a spear-phishing attack. The attack came soon after Cogolati authored a resolution condemning the crimes against humanity committed against Uyghur Muslims in China’s Xinjiang region.",https://www.cfr.org/cyber-operations/targeting-of-belgian-member-of-parliament
Targeting of Asian conglomerate in the materials sector,Espionage,China,,attore,,da_estrarre_con_llm,Chinese APT Winnti Umbrella has been targeting multiple subsidiaries of an Asian conglomerate in the materials and composites sector using open-source malware. The group likely tried to steal intellectual property.,https://www.cfr.org/cyber-operations/targeting-of-asian-conglomerate-in-the-materials-sector
Targeting of telecommunications and media firms in Vietnam,Espionage,China,Vietnam,attore,,da_estrarre_con_llm,"China-backed threat actor Goblin Panda has been observed using lure documents with embedded malicious macros. The group deployed three major variants of ShellFang, a custom shellcode loader, against the telecommunications and media sectors in Vietnam throughout 2022.",https://www.cfr.org/cyber-operations/targeting-of-telecommunications-and-media-firms-in-vietnam
Targeting of the Iranian government,Espionage,China,Iran (Islamic Republic of),attore,,da_estrarre_con_llm,"Mirage, a Chinese threat actor, deployed a new backdoor, dubbed Turian, against the Iranian government in 2022. What agencies in the Iranian government were compromised, or what information Mirage found, is unclear.",https://www.cfr.org/cyber-operations/targeting-of-the-iranian-government
Targeting of European government trade departments,Espionage,China,,attore,,da_estrarre_con_llm,Chinese operators sent phishing emails disguised as memos on migration and trade policy to several different European governments. The campaign ran from September to November 2022 and utilized a new version of the modular PlugX malware.,https://www.cfr.org/cyber-operations/targeting-of-european-government-trade-departments
Targeting of U.S. COVID relief funds,Financial Theft,China,United States,attore,,da_estrarre_con_llm,APT 41 targeted the U.S. Small Business Administration and stole at least $20 million in U.S. COVID relief benefits allocated to businesses in several different U.S. states.,https://www.cfr.org/cyber-operations/targeting-of-u-s-covid-relief-funds
Targeting of Citrix Systems software,Espionage,China,,attore,,da_estrarre_con_llm,"The U.S. National Security Agency issued a warning that two pieces of software from Citrix Systems, which are commonly used in corporate servers, had major vulnerabilities that were being actively exploited by APT 5.",https://www.cfr.org/cyber-operations/targeting-of-citrix-systems-software
Targeting of Amnesty International Canada,Espionage,China,Canada,attore,,da_estrarre_con_llm,Chinese threat actors compromised the networks of Amnesty International Canada to steal information on Amnesty’s investigations into Chinese human rights abuses.,https://www.cfr.org/cyber-operations/targeting-of-amnesty-international-canada
Targeting of Chinese users with three zero days,Espionage,Vietnam,China,vittima,,da_estrarre_con_llm,"Ocean Lotus, a Vietnamese APT, was found deploying three zero days on Chinese networks. The attacks were primarily directed at gaining and expanding access to routers, networks, and cameras in China. Ocean Lotus could have also incorporated some of the compromised devices into its Torii botnet.",https://www.cfr.org/cyber-operations/targeting-of-chinese-users-with-three-zero-days
Targeting of Asian and Australian governments and government partners,Espionage,China,"Australia, Japan, Myanmar, Taiwan, The Philippines",attore,,da_estrarre_con_llm,"China-affiliated APT Mustang Panda conducted a spear-fishing campaign against several Asian governments starting in March 2022. Mustang Panda used two new malware families, Toneins and Toneshell, in the campaign.",https://www.cfr.org/cyber-operations/targeting-of-asian-and-australian-governments-and-government-partners
Targeting of Asian government agencies and certificate authorities,Espionage,China,,attore,,da_estrarre_con_llm,Chinese-affiliated APT Thrip compromised a digital certificate authority in an Asian country. Thrip likely used the certificates to sign malware used to target government agencies for the last six months.,https://www.cfr.org/cyber-operations/targeting-of-asian-government-agencies-and-certificate-authorities
Targeting of Uyghur populations,Espionage,China,China,entrambi,,da_estrarre_con_llm,Chinese-affiliated threat actor APT 15 led a mobile surveillance campaign against Uyghurs in China and abroad using BadBazaar malware masquerading as Android apps.,https://www.cfr.org/cyber-operations/targeting-of-uyghur-populations
Targeting of Uyghur communities,Espionage,China,,attore,,da_estrarre_con_llm,Chinese-affiliated group Poison Carp conducted a mobile surveillance campaign against Uyghurs in China and abroad using Android exploit and malware kit Moonshine. This is the second time Moonshine has reportedly been used; the first was in 2019 to surveil Tibetan activists.,https://www.cfr.org/cyber-operations/targeting-of-uyghur-communities
Targeting of companies in Hong Kong,Espionage,China,Hong Kong,attore,,da_estrarre_con_llm,"Winnti Umbrella targeted government organizations in Hong Kong with malware to steal sensitive data from victims. The attacks are likely an expansion of Operation CuckooBees, previously documented in May 2022, which targeted businesses’ networks in the United States and Europe to steal intellectual property.",https://www.cfr.org/cyber-operations/targeting-of-companies-in-hong-kong
Targeting of Sri Lankan government,Espionage,China,Sri Lanka,attore,,da_estrarre_con_llm,Researchers found that Chinese-sponsored hacking group Winnti stole documents from the Sri Lankan government and remotely accessed software from August to October 2022.,https://www.cfr.org/cyber-operations/targeting-of-sri-lankan-government
Targeting of Myanmar government agencies,Espionage,China,Myanmar,attore,,da_estrarre_con_llm,Mustang Panda launched a watering-hole attack by impersonating Burmese news outlets to gain access to Myanmar’s government networks.,https://www.cfr.org/cyber-operations/targeting-of-myanmar-government-agencies
Targeting of governments in the Middle East and Africa,Espionage,China,,attore,,da_estrarre_con_llm,APT 10 installed web shells on public-facing servers and extracted information from Middle Eastern governments and an African stock exchange.,https://www.cfr.org/cyber-operations/targeting-of-governments-in-the-middle-east-and-africa
Targeting of an Asian IT provider,Espionage,China,,attore,,da_estrarre_con_llm,"Cybersecurity researchers identified a new campaign run by a Webworm, a Chinese cyber-espionage group. The campaign is in its early stages and appears to use publicly available malware to breach systems and steal information.",https://www.cfr.org/cyber-operations/targeting-of-an-asian-it-provider
Space Pirates,Espionage,China,"China, Georgia, Mongolia, Russian Federation",entrambi,,da_estrarre_con_llm,"Researchers identified a Chinese cyber-espionage group that has exchanged tools with Winnti Umbrella, APT 27, and Mustang Panda. The group has been observed using repurposed, publicly available malware in espionage campaigns throughout Asia since at least early 2022. The group could also be moonlighting as criminal hackers, as they have been observed attacking Chinese companies […]",https://www.cfr.org/cyber-operations/space-pirates
"Targeting of government officials in Europe, the Middle East, and South America",Espionage,China,,attore,,da_estrarre_con_llm,"Mustang Panda targeted government organizations in a phishing campaign. The campaign used PlugX, a frequently implemented Chinese modular malware tool.",https://www.cfr.org/cyber-operations/targeting-of-government-officials-in-europe-the-middle-east-and-south-america
Targeting of Northwestern Polytechnical University,Espionage,United States,China,vittima,,da_estrarre_con_llm,"China accused the U.S. National Security Agency (NSA) of hacking into the networks of Northwestern Polytechnical University, a prominent defense research university in Xi’an, in June 2022. Some researchers expressed doubt at the claims, as the report accused the NSA of using a tool more than ten years old that was leaked more than five […]",https://www.cfr.org/cyber-operations/targeting-of-northwestern-polytechnical-university
"Targeting of Australian, Malaysian, and European organizations and organizations operating in and around the South China Sea.",Espionage,China,"Australia, Malaysia, Taiwan",attore,,da_estrarre_con_llm,"APT 40 launched an espionage campaign targeting Australian, European, and Asian organizations involved in maintaining and producing wind turbines in the South China Sea, as well as Malaysian organizations working in the Kasawari gas field.",https://www.cfr.org/cyber-operations/targeting-of-australian-malaysian-and-european-organizations-and-organizations-operating-in-and-around-the-south-china-sea
Targeting of industrial enterprises and public institutions in Central Asia and Eastern Europe,Espionage,China,"Belarus, Russian Federation, Ukraine",attore,,da_estrarre_con_llm,"Chinese hackers used phishing emails to plant PortDoor malware on the systems of industrial organizations in Afghanistan, Belarus, Russia, and Ukraine. Security researchers detected the hackers exfiltrating data to a server with a Chinese IP address.",https://www.cfr.org/cyber-operations/targeting-of-industrial-enterprises-and-public-institutions-in-central-asia-and-eastern-europe
Targeting of military and public institutions in Afghanistan and several east European countries,Espionage,China,Afghanistan,attore,,da_estrarre_con_llm,"The attackers sent phishing emails containing a malicious Microsoft Word document, which installed multiple Backdoors on targeted systems. The group likely used that access to conduct espionage.",https://www.cfr.org/cyber-operations/targeting-of-military-and-public-institutions-in-afghanistan-and-several-east-european-countries
Targeting of the Belgian Federal Public Service Interior by Chinese threat actors,Espionage,China,Belgium,attore,,da_estrarre_con_llm,Chinese threat actors targeted the Belgian Federal Public Service Interior as part of a wide-ranging cyber espionage campaign involving multiple threat actors. Belgian authorities condemned the activity.,https://www.cfr.org/cyber-operations/targeting-of-the-belgian-federal-public-service-interior-by-chinese-threat-actors
Targeting of the Belgian Federal Public Service Interior in Chinese espionage campaign,Espionage,China,Belgium,attore,,da_estrarre_con_llm,Chinese threat actors targeted the Belgian Federal Public Service Interior as part of a wide-ranging cyberespionage campaign involving multiple threat actors. Belgian authorities condemned the activity.,https://www.cfr.org/cyber-operations/targeting-of-the-belgian-federal-public-service-interior-in-chinese-espionage-campaign
Targeting of Belgian Defense Ministry,Espionage,China,Belgium,attore,,da_estrarre_con_llm,"Chinese threat actors targeted the Belgian Defense Ministry as part of a wide-ranging cyberespionage campaign involving multiple threat actors, which also targeted the Interior Service. Belgian authorities condemned the activity.",https://www.cfr.org/cyber-operations/targeting-of-belgian-defense-ministry
Targeting of U.S. political reporters and White House correspondents,Espionage,China,United States of America,attore,,da_estrarre_con_llm,"Since 2021, Zirconium, a Chinese threat actor, has carried out phishing attacks against U.S.-based journalists to uncover sensitive information about U.S. politics.",https://www.cfr.org/cyber-operations/targeting-of-u-s-political-reporters-and-white-house-correspondents
"Targeting of telecommunications companies operating in Africa, Europe, and Southeast Asia",Espionage,China,,attore,,da_estrarre_con_llm,"Gallium, a Chinese APT, is thought to have operated since 2012 and primarily targets telecommunications companies, financial institutions, and governments. The group has previously used advanced, difficult-to-detect malware in its campaigns.",https://www.cfr.org/cyber-operations/targeting-of-telecommunications-companies-operating-in-africa-europe-and-southeast-asia
Aoqin Dragon,Espionage,China,"Australia, Cambodia, Indonesia, Lao People's Democratic Republic, Myanmar, Vietnam",attore,,da_estrarre_con_llm,"This Chinese threat actor has operated since 2013 and targets government, education, and telecommunication organizations in Australia and Southeast Asia. Aoqin Dragon seeks initial access primarily through document exploits and fake removable devices such as USB drives.",https://www.cfr.org/cyber-operations/aoqin-dragon
Targeting of major telecommunications and network service providers,Espionage,China,United States,attore,,da_estrarre_con_llm,Chinese-backed threat actors identified vulnerabilities to gain access to major telecommunication companies and network service providers to access and exfiltrate victim data.,https://www.cfr.org/cyber-operations/targeting-of-major-telecommunications-and-network-service-providers
Targeting of Palauans via an Australian telecommunications company,Espionage,China,"Australia, Palau",attore,,da_estrarre_con_llm,"Chinese threat actor APT 40 was found using a zero-day in Microsoft Office products, dubbed Follina, as part of a spear-phishing campaign against targets in Palau.",https://www.cfr.org/cyber-operations/targeting-of-palauans-via-an-australian-telecommunications-company
Targeting of Tibetans living abroad,Espionage,China,,attore,,da_estrarre_con_llm,"A Chinese threat actor was found using a zero-day vulnerability, dubbed Follina, in Microsoft Office products to distribute zero-click malware. The attackers used Follina to target Tibetan organizations and Tibetans living abroad with malware.",https://www.cfr.org/cyber-operations/targeting-of-tibetans-living-abroad
Targeting of Rostec,Espionage,China,Russian Federation,attore,,da_estrarre_con_llm,"A Chinese threat actor targeted two research institutes run by Rostec, a major Russian state-owned defense conglomerate. The attackers used spear-phishing lures to plant malware and steal data on Russian radar and electronic warfare capabilities.",https://www.cfr.org/cyber-operations/targeting-of-rostec
Red Menshen,Espionage,China,"Hong Kong, India, Korea (Republic of), Myanmar, Turkey, United States, Vietnam",attore,,da_estrarre_con_llm,"A Chinese threat actor believed to have used a custom backdoor to target telecommunications providers and entities in the government, education, and logistics sectors in the United States, Hong Kong, India, Myanmar, South Korea, Turkey, and Vietnam.",https://www.cfr.org/cyber-operations/red-menshen
"Targeting of telecommunications providers across the United States, Asia, and the Middle East",Espionage,China,"Hong Kong, India, Korea (Republic of), Myanmar, Turkey, United States, Vietnam",attore,,da_estrarre_con_llm,"Chinese threat actor Red Menshen used a custom backdoor dubbed BPFDoor to target telecommunications providers, government systems, postal and logistic systems, and others in the United States, Hong Kong, India, Myanmar, South Korea, Turkey, and Vietnam. Red Menshen moved laterally across Windows systems, sending commands via a virtual private server that were administered by compromised […]",https://www.cfr.org/cyber-operations/targeting-of-telecommunications-providers-across-the-united-states-asia-and-the-middle-east
"Targeting of technology and manufacturing companies in Asia, Europe, and North America",Espionage,China,"Germany, Japan, Korea (Republic of), United States",attore,,da_estrarre_con_llm,"Chinese APT Winnti Umbrella targeted technology and manufacturing companies across Asia, Europe, and North America in a sophisticated cyber espionage campaign that began in 2019. Winnti used a novel strain of malware to exfiltrate the victims’ intellectual property, including documents, blueprints, diagrams, formulas, and manufacturing-related proprietary data.",https://www.cfr.org/cyber-operations/targeting-of-technology-and-manufacturing-companies-in-asia-europe-and-north-america
Targeting of Russian military officials,Espionage,China,Russian Federation,attore,,da_estrarre_con_llm,"Chinese threat actor Mustang Panda targeted Russian government computer systems with PlugX malware. The malware was disguised in a malicious file masquerading as a PDF, which was named after a Russian border guard unit.",https://www.cfr.org/cyber-operations/targeting-of-russian-military-officials
"Targeting of telecommunication companies, internet service providers, and the data services sector",Espionage,China,United States,attore,,da_estrarre_con_llm,"Chinese threat actor Hafnium targeted an un-patched zero-day vulnerability in Zoho products to implant a web shell. Hafnium exploited the Windows Task Scheduler to execute hidden scheduled tasks, allowing the malware to avoid detection.",https://www.cfr.org/cyber-operations/targeting-of-telecommunication-companies-internet-service-providers-and-the-data-services-sector
"Targeting of organizations in Asia, Europe, and North America",Espionage,China,"Australia, Japan, United Kingdom, United States",attore,,da_estrarre_con_llm,"Chinese threat actor APT 10 used a vulnerability in Microsoft Exchange to gain access to victims’ networks, where the attackers deployed a custom loader and the Sodamaster backdoor. APT 10 also used a custom loader to obtain credentials. The attackers spent up to nine months in victims’ networks.",https://www.cfr.org/cyber-operations/targeting-of-organizations-in-asia-europe-and-north-america
Targeting of Ukrainian government officials,Espionage,China,Ukraine,attore,,da_estrarre_con_llm,The Chinese threat actor Scarab targeted Ukrainian government officials with lure documents used to load HeaderTip malware onto target systems. The lure documents mimic releases from the National Police of Ukraine.,https://www.cfr.org/cyber-operations/targeting-of-ukrainian-government-officials
Targeting of American state governments’ networks,Espionage,China,United States,attore,,da_estrarre_con_llm,"The Chinese cyber threat group APT41 conducted an extended campaign targeting the networks of at least six U.S. state governments. For over a year, APT41 exploited internet-facing web applications and leveraged a zero-day vulnerability in the USAHerds application used by many state governments, gaining access to the broader networks of state governments.",https://www.cfr.org/cyber-operations/targeting-of-american-state-governments-networks
"Targeting of European diplomatic entities, research entities, and internet service providers",Espionage,China,,attore,,da_estrarre_con_llm,"The Chinese-linked threat actor Mustang Panda targeted European diplomatic entities with malicious files containing geopolitical themes, including a file titled “Situation at the EU borders with Ukraine.zip.” The hackers used a European diplomat’s compromised email address to send the malware-laced emails to other countries’ diplomatic offices.",https://www.cfr.org/cyber-operations/targeting-of-european-diplomatic-entities-research-entities-and-internet-service-providers
Targeting of Taiwanese financial institutions,Espionage,China,Taiwan,attore,,da_estrarre_con_llm,"The Chinese threat actor APT10 used a vulnerability in a web interface to install a version of the Quasar remote access Trojan. The attack was initially overlooked because of the focus on a credential stuffing attack, where hackers use mass amounts of previously stolen information to try to break into a system, seemingly conducted by APT10 to […]",https://www.cfr.org/cyber-operations/targeting-of-taiwanese-financial-institutions
Targeting of Australian media outlet,Espionage,China,Australia,attore,,da_estrarre_con_llm,Chinese hackers exploited the Log4Shell vulnerability in order to enter the systems of an Australian media outlet and access passwords and data.,https://www.cfr.org/cyber-operations/targeting-of-australian-media-outlet
Targeting of journalists at News Corp,Espionage,China,"United Kingdom, United States",attore,,da_estrarre_con_llm,"A Chinese threat actor hacked the email accounts of journalists employed at American media company News Corp. The attackers aimed to uncover journalists’ sources, as well as drafts of upcoming articles. No consumer or financial data was compromised.",https://www.cfr.org/cyber-operations/targeting-of-journalists-at-news-corp
Targeting of German pharmaceutical and technology firms,Espionage,China,Germany,attore,,da_estrarre_con_llm,The Chinese group APT27 was detected launching attacks starting in 2021 against German companies. The attacks were primarily directed at technology and pharmaceutical firms. The group stole trade secrets and intellectual property and also aimed to use its access in certain companies to launch spear-phishing attacks against other targets.,https://www.cfr.org/cyber-operations/targeting-of-german-pharmaceutical-and-technology-firms
Targeting of German companies,Espionage,China,Germany,attore,,da_estrarre_con_llm,"The Chinese group Emissary Panda installed malware inside the corporate networks of German companies. The actor may have attempted to steal business secrets and intellectual property, target customers, and use its access to the companies’ networks to conduct a supply chain attack.",https://www.cfr.org/cyber-operations/targeting-of-german-companies
Targeting of transportation companies via UEFI firmware implant,Espionage,China,,attore,,da_estrarre_con_llm,"The Winnti group is suspected of deploying an advanced Unified Extensible Firmware Interface (UEFI) implant, dubbed Moonbounce, to the systems of a transportation company. Moonbounce is highly targeted and was likely created to access the networks of a small number of institutions and companies.",https://www.cfr.org/cyber-operations/targeting-of-transportation-companies-via-uefi-firmware-implant
Earth Lusca,Espionage,China,,attore,,da_estrarre_con_llm,"Earth Lusca is a threat actor that targets organizations of interest to the Chinese government, including academic institutions, telecommunication companies, religious organizations, and other civil society groups. Earth Lusca’s tools closely resemble those used by Winnti Umbrella, but the group appears to operate separately from Winnti. Earth Lusca has also been observed targeting cryptocurrency payment […]",https://www.cfr.org/cyber-operations/earth-lusca
Targeting of Chinese cybersecurity researchers.,Espionage,Korea (Democratic People's Republic of),China,vittima,,da_estrarre_con_llm,The North Korean cyber gang Lazarus Group was accused of attempting to breach Chinese cyber espionage groups’ systems in 2020 in an effort to exploit zero-days and other vulnerabilities. The effort is likely related to an earlier North Korean attempt to attack cybersecurity researchers in the United States and Eastern Europe.,https://www.cfr.org/cyber-operations/targeting-of-chinese-cybersecurity-researchers
IronHusky,Espionage,China,United States,attore,,da_estrarre_con_llm,IronHusky was detected using a Windows zero-day to launch a remote access Trojan dubbed MysterySnail.  Command and control infrastructure IronHusky use has been active since at least 2012.,https://www.cfr.org/cyber-operations/ironhusky
Calypso,Espionage,China,"Afghanistan, Brazil, Indonesia, Russian Federation, Thailand, Turkey",attore,,da_estrarre_con_llm,"Calypso has been observed targeting government agencies worldwide since 2016, including institutions in Brazil, Indonesia, Russia, Thailand, and Turkey. The group was also implicated in a breach of Afghan telecommunication company Roshan.",https://www.cfr.org/cyber-operations/calypso
Targeting of Afghan telecommunication firm Roshan,Espionage,China,Afghanistan,attore,,da_estrarre_con_llm,"An email server controlled by the Afghan telecommunication company Roshan was targeted by a Chinese threat actor since at least early 2021. Calypso’s data exfiltration activity spiked in August and September 2021, coinciding with the United States military’s withdrawal from Afghanistan.",https://www.cfr.org/cyber-operations/targeting-of-afghan-telecommunication-firm-roshan
Targeting of Indian media organizations,Espionage,China,India,attore,,da_estrarre_con_llm,A Chinese threat actor was found using phishing attacks to gain access to the systems of several Indian media groups.,https://www.cfr.org/cyber-operations/targeting-of-indian-media-organizations
Targeting of Indonesian intelligence agencies,Espionage,China,Indonesia,attore,,da_estrarre_con_llm,A Chinese threat actor had access to servers used to store Indonesian intelligence records for at least five months in the spring and summer of 2021.,https://www.cfr.org/cyber-operations/targeting-of-indonesian-intelligence-agencies
Targeting of Microsoft Exchange and MySQL servers,Espionage,China,United States,attore,,da_estrarre_con_llm,A Chinese threat actor that had been launching attacks using the novel backdoor technique SideWalk for several months is associated with the Chinese threat actor Winnti Umbrella. The attacks targeted businesses and academic institutions in the United States.,https://www.cfr.org/cyber-operations/targeting-of-microsoft-exchange-and-mysql-servers
Targeting of U.S. computer retail business,Espionage,China,United States,attore,,da_estrarre_con_llm,"Winnti Umbrella was found to have repurposed a backdoor, known as Crosswalk, to infiltrate the systems of a computer retailer in the United States.",https://www.cfr.org/cyber-operations/targeting-of-u-s-computer-retail-business
Targeting of Air India,Espionage,China,India,attore,,da_estrarre_con_llm,"While investigating a breach of Air India’s data systems, cybersecurity researchers stumbled on a previously undetected intrusion into Air India’s systems likely carried out by Chinese threat actors.",https://www.cfr.org/cyber-operations/targeting-of-air-india
Targeting of Israeli entities,Espionage,China,Israel,attore,,da_estrarre_con_llm,"As part of a broader espionage campaign spanning multiple countries, Chinese-linked APT UNC215 inserted malware into Israeli government computers to extract data",https://www.cfr.org/cyber-operations/targeting-of-israeli-entities
Targeting of Southeast Asian telecommunication companies,Espionage,China,,attore,,da_estrarre_con_llm,"In a series of attacks starting in 2017, Chinese threat actors are believed to have compromised telecommunication firms across Southeast Asia. The breaches were designed to extract data from the companies’ servers and were likely used to launch more targeted spear-phishing attacks.",https://www.cfr.org/cyber-operations/targeting-of-southeast-asian-telecommunication-companies
"Targeting of the United States, Belarus, Canada, Mongolia, and Russia in an espionage operation",Espionage,China,"Belarus, Canada, Mongolia, Russian Federation, United States",attore,,da_estrarre_con_llm,APT 31 was detected using a new remote access Trojan horse in more than ten attacks throughout the first half of 2021 to target governmental groups in Russia and several other countries.,https://www.cfr.org/cyber-operations/targeting-of-the-united-states-belarus-canada-mongolia-and-russia-in-an-espionage-operation
Targeting of French corporations using compromised Wi-Fi routers,Espionage,China,France,attore,,da_estrarre_con_llm,A Chinese threat actor operated a long-term campaign to break into home Wi-Fi routers and launch reconnaissance attacks against French companies and organizations.,https://www.cfr.org/cyber-operations/targeting-of-french-corporations-using-compromised-wi-fi-routers
Targeting of U.S. oil and gas companies,Espionage,China,United States,attore,,da_estrarre_con_llm,"The U.S. Cybersecurity and Infrastructure Security Agency released the indicators of compromise for a series of attacks on U.S. oil and gas companies, which lasted from 2011 to 2013. The agency confirmed that at least twenty companies had been compromised and that the depth of the intrusions was not entirely clear.",https://www.cfr.org/cyber-operations/targeting-of-u-s-oil-and-gas-companies
Targeting of Philippine and Nepalese governments,Espionage,China,"Myanmar, Nepal, The Philippines",attore,,da_estrarre_con_llm,"Kaspersky Labs detected a high-volume campaign in Southeast Asia primarily aimed at government agencies in Myanmar, Nepal, and the Philippines. The attackers used a compromised version of the popular video conference application Zoom to break into computers.",https://www.cfr.org/cyber-operations/targeting-of-philippine-and-nepalese-governments
"Targeting of civil society groups in Nepal, the Philippines, Taiwan, and Hong Kong",Espionage,China,"Hong Kong, Nepal, Taiwan, The Philippines",attore,,da_estrarre_con_llm,"Chinese state-sponsored hackers were detected infiltrating networks in Nepal, the Philippines, Taiwan, and Hong Kong, with a focus on academic and governmental networks.",https://www.cfr.org/cyber-operations/targeting-of-civil-society-groups-in-nepal-the-philippines-taiwan-and-hong-kong
Targeting of the Afghan National Security Council,Espionage,China,Afghanistan,attore,,da_estrarre_con_llm,A Chinese threat actor targeted the Afghan National Security Council with spear-phishing attacks. The attackers pretended to be from the Administrative Office of the President of Afghanistan to get victims to download a dropper.,https://www.cfr.org/cyber-operations/targeting-of-the-afghan-national-security-council
IndigoZebra,Espionage,China,"Afghanistan, Kyrgyzstan, Uzbekistan",attore,,da_estrarre_con_llm,"IndigoZebra has been observed targeting Afghanistan and former Soviet republics, including Krygzstan and Uzbekistan.",https://www.cfr.org/cyber-operations/indigozebra
Targeting of Norwegian government’s IT network,Espionage,China,Norway,attore,,da_estrarre_con_llm,"An investigation by the Norwegian Police Security Service (PST) found that a 2018 breach of the government’s IT systems was carried out by a Chinese threat actor. The hackers removed large amounts of data in the breach, although the PST is still unsure of exactly how much data or what files were taken",https://www.cfr.org/cyber-operations/targeting-of-norwegian-governments-it-network
Targeting of major companies and government organizations in seven countries,Espionage,China,"Afghanistan, India, Kazakhstan, Kyrgyzstan, Pakistan, Tajikistan, Uzbekistan",attore,,da_estrarre_con_llm,"A Chinese threat actor was detected running a cyber espionage campaign since at least 2014 in Afghanistan, India, Kazakhstan, Kyrgyzstan, Pakistan, Tajikistan, and Uzbekistan. Attackers compromised numerous companies in a variety of industries, along with government and military systems.",https://www.cfr.org/cyber-operations/targeting-of-major-companies-and-government-organizations-in-seven-countries
RedFoxTrot,Espionage,China,"Afghanistan, India, Kazakhstan, Kyrgyzstan, Pakistan, Tajikistan, Uzbekistan",attore,,da_estrarre_con_llm,"RedFoxTrot, a group associated with PLA Unit 69010, ran a long-term cyber espionage campaign since at least 2014 directed primarily toward countries in Central Asia, as well as Afghanistan, India, and Pakistan. The group is believed to operate out of Xinjiang.",https://www.cfr.org/cyber-operations/redfoxtrot
Targeting of Russian government agencies,Espionage,China,Russian Federation,attore,,da_estrarre_con_llm,Chinese-linked hacking group TA428 is believed to be responsible for a series of attacks on the Russian government in late 2020. The goal of the attackers was to penetrate officials’ emails and classified networks and steal information.,https://www.cfr.org/cyber-operations/targeting-of-russian-government-agencies
Targeting of Southeast Asian ministry of foreign affairs,Espionage,China,,attore,,da_estrarre_con_llm,A South Asian government was targeted as part of a long-running cyber espionage campaign carried out by a Chinese threat actor. The campaign used spear phishing to drop malware onto the government’s systems.,https://www.cfr.org/cyber-operations/targeting-of-southeast-asian-ministry-of-foreign-affairs
Targeting of Myanmar’s presidential website,Espionage,China,Myanmar,attore,,da_estrarre_con_llm,The Chinese hacking group Red Echo inserted malicious code into a download link on the webpage for Myanmar’s president. This marks the second time Myanmar’s presidential website has been used in watering-hole attacks by Chinese hackers.,https://www.cfr.org/cyber-operations/targeting-of-myanmars-presidential-website
Targeting of Uyghurs in China and Pakistan,Espionage,China,"China, Pakistan",entrambi,,da_estrarre_con_llm,Chinese hackers distributed malware pretending to be a UN document on funding for displaced Uyghurs. The hackers impersonated several UN websites for most of 2020 to spread the malware and communicate with infected systems.,https://www.cfr.org/cyber-operations/targeting-of-uyghurs-in-china-and-pakistan
Targeting of Russian submarine designer,Espionage,China,Russian Federation,attore,,da_estrarre_con_llm,Chinese-linked hackers targeted the general director of a Russian nuclear submarine design company with a spear-phishing email designed to share a malicious link.,https://www.cfr.org/cyber-operations/targeting-of-russian-submarine-designer
Targeting of U.S. federal agencies via PulseSecure VPN,Espionage,China,United States,attore,,da_estrarre_con_llm,"Five U.S. federal agencies were targeted in a Chinese espionage operation, along with several defense contractors and financial institutions in the country. The hackers made use of zero-day vulnerabilities in the PulseSecure VPN system to gain access to the different organizations’ systems.",https://www.cfr.org/cyber-operations/targeting-of-u-s-federal-agencies-via-pulsesecure-vpn
Targeting of Japanese businesses and research groups,Espionage,China,Japan,attore,,da_estrarre_con_llm,"A Chinese-sponsored threat actor known as Tick is believed to have breached hundreds of businesses and research institutes in Japan, including the Japanese Aerospace Exploration Agency. The threat actor is believed to have gained access to the businesses through a compromised rental server.",https://www.cfr.org/cyber-operations/targeting-of-japanese-businesses-and-research-groups
Targeting of the Vietnamese and Thai governments and military,Espionage,China,"Thailand, Vietnam",attore,,da_estrarre_con_llm,"APT 27 conducted a wide-ranging espionage campaign to gather data from a variety of institutions throughout Southeast Asia, primarily concentrated in Vietnam.",https://www.cfr.org/cyber-operations/targeting-of-the-vietnamese-and-thai-governments-and-military
"Targeting of Uyghur activists, journalists, and dissidents",Espionage,China,"Australia, Canada, Kazakhstan, Syrian Arab Republic, Turkey, United States",attore,,da_estrarre_con_llm,The Chinese threat actor Evil Eye used fake Facebook profiles and websites that masqueraded as legitimate Turkish and Uyghur news sites to disseminate malicious links to Uyghur activists around the world.,https://www.cfr.org/cyber-operations/targeting-of-uyghur-activists-journalists-and-dissidents
Targeting of telecommunications companies’ employees,Espionage,China,"Hong Kong, India, Myanmar, United States",attore,,da_estrarre_con_llm,The Chinese APT Mustang Panda phished telecommunications companies’ employees by sending them malicious domains masquerading as Huawei’s career site.,https://www.cfr.org/cyber-operations/targeting-of-telecommunications-companies-employees
Targeting of Linux endpoints and servers,Espionage,China,,attore,,da_estrarre_con_llm,Chinese threat actors used a new sophisticated backdoor called RedXOR to target Linux endpoints and servers.,https://www.cfr.org/cyber-operations/targeting-of-linux-endpoints-and-servers
Targeting of the Parliament of Western Australia,Espionage,China,Australia,attore,,da_estrarre_con_llm,Chinese hackers exploited a Microsoft vulnerability to target the Parliament of Western Australia’s email server.,https://www.cfr.org/cyber-operations/targeting-of-the-parliament-of-western-australia
Targeting of organizations via Microsoft Exchange Server vulnerability,Espionage,China,,attore,,da_estrarre_con_llm,The Chinese threat actor Hafnium exploited vulnerabilities in the Microsoft Exchange Server to access the emails of hundreds of thousands of entities across the globe.,https://www.cfr.org/cyber-operations/targeting-of-organizations-via-microsoft-exchange-server-vulnerability
Hafnium,Espionage,China,United States,attore,,da_estrarre_con_llm,"The Chinese APT believed to be behind the exploitation of vulnerabilities in the Microsoft Exchange email server to access user emails. Historically, Hafnium has primarily targeted entities in the United States.",https://www.cfr.org/cyber-operations/hafnium
Targeting of Indian vaccine makers,Espionage,China,India,attore,,da_estrarre_con_llm,APT 10 targeted Indian vaccine makers Bharat Biotech and the Serum Institute of India for espionage purposes.,https://www.cfr.org/cyber-operations/targeting-of-indian-vaccine-makers
Targeting of India’s power infrastructure,Sabotage,China,India,attore,,da_estrarre_con_llm,"Amid mounting border tensions between China and India in 2020, Chinese threat actors allegedly infected India’s power grid’s control systems with malware.",https://www.cfr.org/cyber-operations/targeting-of-indias-power-infrastructure
Targeting of Tibetan organizations,Espionage,China,,attore,,da_estrarre_con_llm,"Chinese APT Lucky Cat has been using a malicious Mozilla Firefox browser extension dubbed FriarFox to infiltrate and control targets’ Gmail accounts. Primary objectives of the actor appear to be espionage and surveillance of dissidents, including the Tibetan diaspora.",https://www.cfr.org/cyber-operations/targeting-of-tibetan-organizations
Targeting of SolarWinds,Espionage,China,United States,attore,,da_estrarre_con_llm,"Suspected Chinese hackers breached SolarWinds software, potentially accessing payroll information for hundreds of thousands of federal employees. Details about specific actors and the scale of the breach remain unknown.",https://www.cfr.org/cyber-operations/targeting-of-solarwinds
Targeting of international gambling firms,Espionage,China,,attore,,da_estrarre_con_llm,"Chinese threat actor Emissary Panda locked the servers of five gambling firms marketing to Chinese nationals, requesting $100 million in ransom payment. The victim companies reported that no payment was made.",https://www.cfr.org/cyber-operations/targeting-of-international-gambling-firms
Targeting of the African Union,Espionage,China,,attore,,da_estrarre_con_llm,"The China-affiliated threat actor Mustang Panda stole security footage from the African Union headquarters. Hackers had access to meeting rooms, hallways, and parking lots.",https://www.cfr.org/cyber-operations/targeting-of-the-african-union
Targeting of Mongolian government agencies,Espionage,China,,attore,,da_estrarre_con_llm,"The Chinese threat actor Emissary Panda compromised Able Desktop chat software used by over 430 Mongolian government agencies and a national data center. The ShadowPad backdoor, previously attributed to a suspected subset of the Winnti Umbrella, was also used.",https://www.cfr.org/cyber-operations/targeting-of-mongolian-government-agencies
Targeting of Japanese companies and global subsidiaries,Espionage,China,,attore,,da_estrarre_con_llm,"APT 10 used a wide range of tools, many publicly available, to infect Japanese companies and their global subsidiaries with malware for reconnaissance purposes.",https://www.cfr.org/cyber-operations/targeting-of-japanese-companies-and-global-subsidiaries
Targeting of U.S. government agency networks,Espionage,China,United States,attore,,da_estrarre_con_llm,Chinese hackers scanned networks in search of virtual private network (VPN) and email server vulnerabilities with the aim of exfiltrating data.,https://www.cfr.org/cyber-operations/targeting-of-u-s-government-agency-networks
KillSomeOne,,China,Myanmar,attore,,da_estrarre_con_llm,A Chinese actor that uses DLL side-loading to install malware on targeted systems.,https://www.cfr.org/cyber-operations/killsomeone
Targeting of nongovernmental organizations in Myanmar,Espionage,China,Myanmar,attore,,da_estrarre_con_llm,Chinese hackers used DLL side-loading to install malware on nongovernmental organizations’ systems in Myanmar.,https://www.cfr.org/cyber-operations/targeting-of-nongovernmental-organizations-in-myanmar
Targeting of U.S. military and defense computer networks,Espionage,China,,attore,,da_estrarre_con_llm,"Chinese hackers used publicly known vulnerabilities to infiltrate military and defense networks containing sensitive intellectual property, state secrets, and other information.",https://www.cfr.org/cyber-operations/targeting-of-u-s-military-and-defense-computer-networks
Targeting of Japanese companies involved in COVID-19 vaccine development,Espionage,China,Japan,attore,,da_estrarre_con_llm,Chinese hackers used phishing emails to deliver malware disguised as new coronavirus information. No data appears to have been successfully exfiltrated.,https://www.cfr.org/cyber-operations/targeting-of-japanese-companies-involved-in-covid-19-vaccine-development
Targeting of U.S. individuals with fake McAfee software installations,Espionage,China,,attore,,da_estrarre_con_llm,Hackers impersonating McAfee antivirus software emailed links that would download malware from GitHub onto victims’ computers.,https://www.cfr.org/cyber-operations/targeting-of-u-s-individuals-with-fake-mcafee-software-installations
"Targeting of entities in India, Kazakhstan, Kyrgyzstan, Malaysia, Russia, and Ukraine",Espionage,China,"India, Kazakhstan, Malaysia, Russian Federation, Ukraine",attore,,da_estrarre_con_llm,"Chinese hackers distributed SlothfulMedia malware, which modifies files and logs keystrokes. Specific targets have yet to be disclosed.",https://www.cfr.org/cyber-operations/targeting-of-entities-in-india-kazakhstan-kyrgyzstan-malaysia-russia-and-ukraine
Zirconium,Espionage,China,United States,attore,,da_estrarre_con_llm,Responsible for targeting email accounts belonging to former Vice President Joe Biden’s campaign staff and for attempting to discern whether accounts belonging to members of the international affairs community are active.,https://www.cfr.org/cyber-operations/zirconium
Targeting of former Vice President Joe Biden’s campaign staff and U.S. international affairs community,Espionage,China,United States,attore,,da_estrarre_con_llm,Responsible for targeting non-campaign email accounts belonging to former Vice President Biden’s election campaign staff. Also responsible for using web bugs to determine whether accounts belonging to academics and important figures in the international affairs community are active.,https://www.cfr.org/cyber-operations/targeting-of-former-vice-president-joe-bidens-campaign-staff-and-u-s-international-affairs-community
BlackTech,Espionage,China,Taiwan,attore,,da_estrarre_con_llm,"Responsible for targeting governments in Asia, particularly in Taiwan but also in Hong Kong and Japan. They used Taidoor malware to steal information from Taiwanese government agencies and official email accounts.",https://www.cfr.org/cyber-operations/blacktech
Targeting of Taiwanese government agencies and officials’ email accounts,Espionage,China,Taiwan,attore,,da_estrarre_con_llm,"Hackers exploited vulnerabilities in at least four Taiwanese tech companies that provided information technology services to the government using the Taidoor malware, allowing them far-reaching access to official systems and accounts since at least 2018.",https://www.cfr.org/cyber-operations/targeting-of-taiwanese-government-agencies-and-officials-email-accounts
Targeting of entities focusing on Taiwan,Espionage,China,Taiwan,attore,,da_estrarre_con_llm,"Hackers targeted various entities involved in Taiwan-related issues with spear-phishing emails containing Taidoor, a remote-access trojan (RAT) designed to maintain a presence on victim networks for use in later network exploitation.",https://www.cfr.org/cyber-operations/targeting-of-entities-focusing-on-taiwan
Targeting of Vatican City computer networks,,China,Italy,attore,,da_estrarre_con_llm,"Hackers conducted an espionage campaign against Vatican City beginning in May 2020. In one instance, embedded malware was sent using the email of the Vatican Secretary of State. Hackers were likely trying to gain information on the Vatican’s negotiating position prior to high-level talks between the Catholic Church and Beijing in September 2020 regarding a […]",https://www.cfr.org/cyber-operations/targeting-of-vatican-city-computer-networks
Targeting of Western entities involved in COVID-19 vaccine development,Espionage,China,,attore,,da_estrarre_con_llm,"Hackers conducted a combination of financially motivated and espionage-driven hacking operations against hundreds of companies, organizations, and research firms based in the United States and other countries, stealing terabytes of information.",https://www.cfr.org/cyber-operations/targeting-of-western-entities-involved-in-covid-19-vaccine-development
Targeting of Australian government agencies and private companies,Espionage,China,Australia,attore,,da_estrarre_con_llm,Hackers believed by Australian officials to be operating on behalf of China targeted Australian government agencies and companies through a known exploit in Microsoft Sharepoint.,https://www.cfr.org/cyber-operations/targeting-of-australian-government-agencies-and-private-companies
Targeting of Asian videogame companies,Espionage,China,"Korea (Republic of), Taiwan",attore,,da_estrarre_con_llm,Hackers leveraged a backdoor to compromise Taiwanese and South Korean video game companies’ systems.,https://www.cfr.org/cyber-operations/targeting-of-asian-videogame-companies
Targeting of companies in Central Asia,Espionage,China,,attore,,da_estrarre_con_llm,"A group using tools similar to Chinese government–affiliated group Vicious Panda targeted high-profile companies in Central Asia and planting backdoors to gain access to corporate networks. The group is also believed to be behind cyberattacks in Belarus, Mongolia, and Russia.",https://www.cfr.org/cyber-operations/targeting-of-companies-in-central-asia
Targeting of COVID-19 research organizations,Espionage,China,,attore,,da_estrarre_con_llm,"Cyber actors affiliated with the Chinese government attempted to identify and illicitly obtain intellectual property and public health data related to vaccines, treatments, and testing from networks and personnel associated with COVID-19–related research.",https://www.cfr.org/cyber-operations/targeting-of-covid-19-research-organizations
Targeting of government bodies in Australia and Southeast Asia,Espionage,China,"Australia, Brunei Darussalam, Indonesia, Myanmar, Thailand, The Philippines, Vietnam",attore,,da_estrarre_con_llm,"Using a new exploit named Aria-body, APT 30 attempted to compromise networks belonging to governments and state-owned companies in Australia and Southeast Asia.",https://www.cfr.org/cyber-operations/targeting-of-government-bodies-in-australia-and-southeast-asia
Targeting of CPC Corporation,Sabotage,China,Taiwan,attore,,da_estrarre_con_llm,"China-linked Winnti Umbrella launched a ransomware attack against Taiwan’s state oil company, CPC Corporation, causing its website to go offline for one day.",https://www.cfr.org/cyber-operations/targeting-of-cpc-corporation
Pirate Panda,,China,Vietnam,attore,,da_estrarre_con_llm,Pirate Panda is believed to be responsible for phishing attacks targeting Vietnamese government officials located near the disputed Paracel Islands in the South China Sea.,https://www.cfr.org/cyber-operations/pirate-panda
Phishing of Vietnamese government officials,Espionage,China,Vietnam,attore,,da_estrarre_con_llm,"The Chinese-linked threat actor Pirate Panda sent phishing emails to Vietnamese government officials located in Da Nang, Vietnam.",https://www.cfr.org/cyber-operations/phishing-of-vietnamese-government-officials
Targeting of Wuhan government and China’s Ministry of Emergency Management,Espionage,Vietnam,China,vittima,,da_estrarre_con_llm,Vietnamese hackers sent spear-phishing messages to the Wuhan government and China’s Ministry of Emergency Management.,https://www.cfr.org/cyber-operations/targeting-of-wuhan-government-and-chinas-ministry-of-emergency-management
Storm Cloud,,China,,attore,,da_estrarre_con_llm,Performed highly targeted watering-hole attacks on visitors to Tibetan websites.,https://www.cfr.org/cyber-operations/storm-cloud
Targeting of Tibetans via watering-hole attacks,,China,,attore,,da_estrarre_con_llm,The Chinese hackers Storm Cloud performed highly targeted watering-hole attacks on visitors to a few Tibetan websites and tried to make them install fake versions of Adobe Flash.,https://www.cfr.org/cyber-operations/targeting-of-tibetans-via-watering-hole-attacks
Targeting of over seventy-five organizations,Espionage,China,"Australia, Canada, Denmark, Finland, France, India, Italy, Japan, Malaysia, Mexico, Poland, Qatar, Saudi Arabia, Singapore, Sweden, Switzerland, The Philippines, United Arab Emirates, United Kingdom, United States",attore,,da_estrarre_con_llm,The Chinese threat actor APT 41 attempted to exploit three vulnerabilities at over seventy-five organizations across sectors and countries. This was one of the most widespread attacks by a Chinese threat actor in years.,https://www.cfr.org/cyber-operations/targeting-of-over-seventy-five-organizations
Targeting of Hong Kong citizens with mobile malware,Espionage,China,Hong Kong,attore,,da_estrarre_con_llm,The Chinese threat actor Lotus Blossom used watering holes on fake news sites to deploy iOS exploits against Hong Kong citizens.,https://www.cfr.org/cyber-operations/targeting-of-hong-kong-citizens-with-mobile-malware
Vicious Panda,,China,Mongolia,attore,,da_estrarre_con_llm,Conducted coronavirus-related phishing campaign against targets in the Mongolian government.,https://www.cfr.org/cyber-operations/vicious-panda
Targeting of the Mongolian government using coronavirus-related lures,Espionage,China,Mongolia,attore,,da_estrarre_con_llm,The suspected Chinese threat actor Vicious Panda conducted a coronavirus-related phishing campaign against targets in the Mongolian government.,https://www.cfr.org/cyber-operations/targeting-of-the-mongolian-government-using-coronavirus-related-lures
"Targeting of Japan, Russia, and South Korean entities",Espionage,China,"Japan, Korea (Republic of), Russian Federation",attore,,da_estrarre_con_llm,"The Chinese government–aligned APT Tonto Team used Bisonal malware for over ten years in various campaigns against entities in Japan, Russia, and South Korea.",https://www.cfr.org/cyber-operations/targeting-of-japan-russia-and-south-korean-entities
Tonto Team,,China,"Japan, Korea (Republic of), Russian Federation",attore,,da_estrarre_con_llm,"Chinese government-aligned APT that used Bisonal malware for over ten years in various campaigns against entities in Japan, Russia, and South Korea.",https://www.cfr.org/cyber-operations/tonto-team
Targeting of Malaysian government officials,Espionage,China,Malaysia,attore,,da_estrarre_con_llm,"APT 40, a threat actor believed to be associated with the Chinese government, allegedly targeted Malaysian government officials with highly targeted spear-phishing attacks in order to install malware and steal confidential documents from government networks.",https://www.cfr.org/cyber-operations/targeting-of-malaysian-government-officials
Infection of computer systems belonging to universities in Hong Kong,Espionage,China,Hong Kong,attore,,da_estrarre_con_llm,"The Winnti Umbrella, a Chinese government-backed threat actor, installed malware on computer systems at two universities in Hong Kong during protests. Three other universities in Hong Kong could have been simultaneously targeted.",https://www.cfr.org/cyber-operations/infection-of-computer-systems-belonging-to-universities-in-hong-kong
Stolen data on nearly two thousand Mitsubishi employees,Espionage,China,Japan,attore,,da_estrarre_con_llm,"The China-linked Bronze Butler threat actor is suspected to have used a zero-day in Trend Micro antivirus to attack Mitsubishi Electric and steal data on thousands of employees. In May 2020, it was disclosed that the breach resulted in the theft of specifications for a hypersonic missile that Japan had been developing to protect disputed territory […]",https://www.cfr.org/cyber-operations/stolen-data-on-nearly-two-thousand-mitsubishi-employees
Targeting of nongovernmental organizations and political and law enforcement agencies in East and South Asia,Espionage,China,"India, Mongolia",attore,,da_estrarre_con_llm,"The China-affiliated threat actor Bronze President attacked nongovernmental organizations, political agencies, and law enforcement in Mongolia and India, among other countries.",https://www.cfr.org/cyber-operations/targeting-of-nongovernmental-organizations-and-political-and-law-enforcement-agencies-in-east-and-south-asia
Bypassing of two-factor authentication,Espionage,China,,attore,,da_estrarre_con_llm,A China-aligned attacker bypassed virtual private network (VPN) accounts protected by two-factor authentication to attack governments and managed service providers in a multitude of industries.,https://www.cfr.org/cyber-operations/bypassing-of-two-factor-authentication
"Targeting of telecom companies across Africa, Europe, and Southeast Asia",Espionage,China,,attore,,da_estrarre_con_llm,"Gallium, an allegedly China-aligned threat actor, attacked telecom companies across the globe for several months.",https://www.cfr.org/cyber-operations/targeting-of-telecom-companies-across-africa-europe-and-southeast-asia
Gallium,,China,,attore,,da_estrarre_con_llm,Gallium is a possibly China-linked threat actor that has carried out attacks against telecom companies across the globe.,https://www.cfr.org/cyber-operations/gallium
Targeting of the Cambodian government,Espionage,China,Cambodia,attore,,da_estrarre_con_llm,The China-linked threat actor group Rancor targeted unnamed Cambodian government entities.,https://www.cfr.org/cyber-operations/targeting-of-the-cambodian-government
Attack on forum of Hong Kong protesters,Denial of service,China,Hong Kong,attore,,da_estrarre_con_llm,China’s government used its “Great Cannon” distributed denial of service (DDOS) system for the first time in two years to attack a forum where Hong Kong residents organized protests.,https://www.cfr.org/cyber-operations/attack-on-forum-of-hong-kong-protesters
Attack of  Japanese companies with links to China,Espionage,China,China,entrambi,,da_estrarre_con_llm,China-linked espionage group Bronze Butler targeted companies with head offices in Japan and subsidiaries in China to try to steal highly classified information.,https://www.cfr.org/cyber-operations/attack-of-japanese-companies-with-links-to-china
Targeting of U.S. manufacturing group,Espionage,China,United States,attore,,da_estrarre_con_llm,Chinese government hackers attacked the National Association of Manufacturers to steal information that might be useful in U.S.-China trade negotiations.,https://www.cfr.org/cyber-operations/targeting-of-u-s-manufacturing-group
Targeting of Avast,Espionage,China,Czech Republic,attore,,da_estrarre_con_llm,"China-aligned hackers breached Czech-based Avast’s network, aiming to compromise the CCleaner tool, which had previously been compromised in 2017.",https://www.cfr.org/cyber-operations/targeting-of-avast
Targeting of European and North American aerospace companies,Espionage,China,,attore,,da_estrarre_con_llm,A threat actor conducted a multiyear espionage effort aimed at the theft of intellectual property from European and North American aerospace companies to further the development of China’s C919 aircraft.,https://www.cfr.org/cyber-operations/targeting-of-european-and-north-american-aerospace-companies
PKplug,,China,,attore,,da_estrarre_con_llm,A Chinese-linked threat actor group active in Southeast Asia,https://www.cfr.org/cyber-operations/pkplug
Attacks in East and Southeast Asia,Espionage,China,"Indonesia, Myanmar, Taiwan, Vietnam",attore,,da_estrarre_con_llm,Chinese government threat actor PKplug targeted organizations in East and Southeast Asia.,https://www.cfr.org/cyber-operations/attacks-in-east-and-southeast-asia
Targeting of Japanese organizations,Espionage,China,Japan,attore,,da_estrarre_con_llm,Two Chinese government threat actors used a number of zero-day vulnerabilities in common Japanese software to target Japanese organizations over the course of several years.,https://www.cfr.org/cyber-operations/targeting-of-japanese-organizations
Compromise of Airbus suppliers,Espionage,China,,attore,,da_estrarre_con_llm,"A threat actor targeted virtual private networks (VPNs) used by suppliers of European aerospace company Airbus with a series of attacks. The attacks resulted in unauthorized access to data, including the theft of documents related to Airbus’s military transport plane A400M, designed with one of the most powerful propeller engines in the world.",https://www.cfr.org/cyber-operations/compromise-of-airbus-suppliers
Targeting of senior members of Tibetan groups,Espionage,China,China,entrambi,,da_estrarre_con_llm,"A threat actor aimed to infect mobile phones belonging to senior members of Tibetan groups, including people who worked directly for the Dalai Lama and lawmakers in Tibet’s parliament. The threat actor posed as a human rights worker or journalist and contacted victims through WhatsApp. The campaign involved Android browser vulnerabilities and Android and iOS […]",https://www.cfr.org/cyber-operations/targeting-of-senior-members-of-tibetan-groups
Poison Carp,Espionage,China,China,entrambi,,da_estrarre_con_llm,"This threat actor has targeted senior members of Tibetan groups by sending malicious links in WhatsApp messages, while posing as nongovernmental organization workers, journalists, or other fake personas.",https://www.cfr.org/cyber-operations/poison-carp
Targeting of enterprise VPN servers from Fortinet and Pulse Secure,,China,,attore,,da_estrarre_con_llm,Multiple threat actors targeted secure sockets layer (SSL) virtual private network (VPN) servers provided by cybersecurity companies Fortinet and Pulse Secure. It is uncertain whether the attacks were successful.,https://www.cfr.org/cyber-operations/targeting-of-enterprise-vpn-servers-from-fortinet-and-pulse-secure
Targeting of telecommunications operators in countries through which Uighurs are known to travel,Espionage,China,"India, Kazakhstan, Malaysia, Thailand, Turkey",attore,,da_estrarre_con_llm,"Multiple threat actors compromised telecoms networks across Central and Southeast Asia. The attacks were part of a wider cyber-espionage campaign targeting diplomats and state officials, and they signal China’s ability and intent to track the movements of Uighurs along a number of transit routes that they use to escape state persecution.",https://www.cfr.org/cyber-operations/targeting-of-telecommunications-operators-in-countries-through-which-uighurs-are-known-to-travel
Compromise of websites related to Uighur communities,Espionage,China,China,entrambi,,da_estrarre_con_llm,"Multiple threat actors compromised and exploited eleven websites that published news and cultural information related to the Uighur populations in China, particularly the East Turkestan region. The threat actors imitated the domains of Google, the Turkistan Times, and the Uyghur Academy, and used Google applications to gain access to Gmail accounts. Among other sensitive details […]",https://www.cfr.org/cyber-operations/compromise-of-websites-related-to-uighur-communities
Autumn Aperture—use of malicious websites to target foreign ministries and other entities,,Korea (Democratic People's Republic of),"China, France, Slovakia, South Africa, United States",vittima,,da_estrarre_con_llm,"A threat actor targeted a number of foreign ministries, a Chinese technology company, Stanford University, think tanks in the United States and the United Kingdom, and other entities that have focused on North Korea’s nuclear efforts or the related international sanctions. The threat actor created a network of malicious websites imitating the login portals of […]",https://www.cfr.org/cyber-operations/autumn-aperture-use-of-malicious-websites-to-target-foreign-ministries-and-other-entities
"Targeting of the Australian Parliament, including the Liberal, National, and Labor Parties",Espionage,China,Australia,attore,,da_estrarre_con_llm,A threat actor targeted the computer network of the Parliament of Australia. The hackers breached the Parliament’s network and the networks of the three largest political parties.,https://www.cfr.org/cyber-operations/targeting-of-the-australian-parliament-including-the-liberal-national-and-labor-parties
APT 41,Espionage,China,"France, Hong Kong, Japan, Singapore, United Kingdom, United States",attore,,da_estrarre_con_llm,"This threat actor has, since 2014, conducted operations backed by the Chinese government, including targeting the health-care and high-tech sectors and conducting espionage against political dissidents. It has simultaneously conducted its own for-profit illicit activity in the video games industry, amassing millions of dollars in digital currency to be sold to gamers on the black […]",https://www.cfr.org/cyber-operations/apt-41
"Targeting of German energy technology, chemicals, and consumer goods companies, among others",Espionage,China,Germany,attore,,da_estrarre_con_llm,"A threat actor used a Trojan horse to gain remote backdoor access to German energy technology company Siemens, chemical firm BASF, and consumer goods company Henkel. Non-German companies Roche, Lion Air, and Marriott were also targeted.",https://www.cfr.org/cyber-operations/targeting-of-german-energy-technology-chemicals-and-consumer-goods-companies-among-others
Operation Soft Cell,Espionage,China,,attore,2019-06-25,archivio_cfr_2019,"This threat actor hacked global telecommunications companies for personal data of government officials, activists, and dissidents of interest to Beijing.",https://www.cfr.org/cyber-operations/operation-soft-cell
Chinese intelligence repurposed NSA tools to attack private companies,Espionage,China,"Belgium, Luxembourg, The Philippines, Vietnam",attore,2019-05-06,archivio_cfr_2019,The threat actor repurposed hacking tools used against them by the U.S. National Security Agency (NSA) to attack private companies in Asia and Europe. These attacks went undetected for two years.,https://www.cfr.org/cyber-operations/chinese-intelligence-repurposed-nsa-tools-to-attack-private-companies
Compromise of Amnesty International Hong Kong,Espionage,China,Hong Kong,attore,2019-04-15,archivio_cfr_2019,This threat actor compromised Amnesty International Hong Kong’s system to steal the personal information of supporters.,https://www.cfr.org/cyber-operations/compromise-of-amnesty-international-hong-kong
Compromise of Bayer Pharmaceuticals,Data destruction,China,Germany,attore,2019-04-04,archivio_cfr_2019,"A threat actor put malicious software on Bayer’s computer system but did not steal any information, as reported by the company.",https://www.cfr.org/cyber-operations/compromise-of-bayer-pharmaceuticals
2019 Indonesian elections,Espionage,"China, Russian Federation",Indonesia,attore,2019-03-12,archivio_cfr_2019,Senior Indonesian election officials accused Chinese and Russian hackers of manipulating and modifying Indonesia’s voter data base to disrupt the presidential elections.,https://www.cfr.org/cyber-operations/2019-indonesian-elections
Targeting of universities’ maritime military secrets,Espionage,China,"Canada, United States",attore,2019-03-05,archivio_cfr_2019,"Chinese hackers targeted twenty-seven universities in the United States, Canada, and Southeast Asia as part of a scheme to steal research about maritime technology under development for military use.",https://www.cfr.org/cyber-operations/targeting-of-universities-maritime-military-secrets
Targeting of Visma,Espionage,China,Norway,attore,2019-02-06,archivio_cfr_2019,"Hackers used malware from the dark web to target a Norwegian internet service provider. The goal of the attack was to gain access to customers’ intellectual property, strategic plans, and emails.",https://www.cfr.org/cyber-operations/targeting-of-visma
Compromise of Managed Service Providers and technology companies,Espionage,China,"India, Japan, South Africa, Sweden, United States",attore,2018-12-20,archivio_cfr_2019,"The threat actor compromised eight technology service providers, including Hewlett Packard Enterprise and IBM (their cloud services in particular were targeted), to steal commercial secrets from over forty-five client technology companies. The victims include Swedish telecom giant Ericsson, U.S. Navy shipbuilder Huntington Ingalls Industries, and travel reservation system Sabre.",https://www.cfr.org/cyber-operations/compromise-of-managed-service-providers-and-technology-companies
Compromise of the EU’s diplomatic communication network,Espionage,China,,attore,2018-12-18,archivio_cfr_2019,"Hackers have infiltrated the EU’s diplomatic communication network for years, using phishing attacks to steal sensitive documents related to trade negotiations and meetings with foreign leaders.",https://www.cfr.org/cyber-operations/compromise-of-the-eus-diplomatic-communication-network
Targeting of U.S. Navy contractors,Espionage,China,United States,attore,2018-12-14,archivio_cfr_2019,"In a series of incidents, Chinese hackers breached U.S. Navy contractors’ systems to steal information including ship maintenance data and missile plans.",https://www.cfr.org/cyber-operations/targeting-of-u-s-navy-contractors
Compromise of Marriott International,Espionage,China,,attore,2018-11-30,archivio_cfr_2019,Marriott reported a massive data breach that affected up to five hundred million customers in its Starwood hotels reservation system. U.S. private investigators believe China is behind the hack.,https://www.cfr.org/cyber-operations/compromise-of-marriott-international
Jiangsu Province Ministry of State Security (JSSD),Espionage,China,,attore,,da_estrarre_con_llm,"This threat actor, headquartered in Nanjing, China, is a provincial foreign intelligence arm of China’s Ministry of State Security. Its activities include domestic counterintelligence, nonmilitary foreign intelligence, and political and domestic security. From at least January 2010, this threat actor has targeted U.S. and European commercial airliners for the purpose of stealing trade secrets. Several […]",https://www.cfr.org/cyber-operations/jiangsu-province-ministry-of-state-security-jssd
Compromise of American aerospace companies,Espionage,China,United States,attore,2018-10-30,archivio_cfr_2019,"This threat actor reportedly intruded into American aerospace companies’ computer systems to steal intellectual property and business information, including information related to turbofan engines used in commercial aircraft.",https://www.cfr.org/cyber-operations/compromise-of-american-aerospace-companies
Poison Ivy,Espionage,,China,vittima,2018-09-21,archivio_cfr_2019,"This threat actor targets government and private-sector entities in the defense, maritime, and science and technology sectors in China for espionage purposes. It is particularly interested in information related to cross–Taiwan Strait and U.S.-Sino relations.",https://www.cfr.org/cyber-operations/poison-ivy
Cobalt Dickens,Espionage,Iran (Islamic Republic of),"Australia, Canada, China, Israel, Japan, Switzerland, Turkey, United Kingdom, United States",vittima,2018-08-24,archivio_cfr_2019,This threat actor targets universities around the world for espionage purposes.,https://www.cfr.org/cyber-operations/cobalt-dickens
Targeting of organizations associated with trade activity with China,Espionage,China,"Brazil, Kenya, Mongolia, United States",attore,2018-08-16,archivio_cfr_2019,"A threat actor is targeting multiple organizations with trade ties to China, including those connected with China’s Belt and Road Initiative. The actor also targets organizations in advance of officials’ meetings with Chinese trade officials.",https://www.cfr.org/cyber-operations/targeting-of-organizations-associated-with-trade-activity-with-china
Compromise of Cambodian election organizations,Espionage,China,Cambodia,attore,2018-07-10,archivio_cfr_2019,"A threat actor compromises opposition parties, as well as organizations charged with overseeing the 2018 Cambodian elections, for espionage purposes.",https://www.cfr.org/cyber-operations/compromise-of-cambodian-election-organizations
Compromise of Australian National University,Espionage,China,Australia,attore,2018-07-06,archivio_cfr_2019,A threat actor has compromised the network of Australian National University for espionage purposes.,https://www.cfr.org/cyber-operations/compromise-of-australian-national-university
RedAlpha,Espionage,China,India,attore,2018-06-26,archivio_cfr_2019,"This threat actor targets Tibetan organizations based in India, for the purpose of espionage.",https://www.cfr.org/cyber-operations/redalpha
Rancor,Espionage,China,"Cambodia, Singapore",attore,2018-06-26,archivio_cfr_2019,"This threat actor uses spear-phishing techniques to target political organizations in Southeast Asia, for the purpose of espionage.",https://www.cfr.org/cyber-operations/rancor
Thrip,Espionage,China,United States,attore,2018-06-19,archivio_cfr_2019,"This threat actor targets organizations in the satellite communications, telecommunications, geospatial-imaging, and defense sectors in the United States and Southeast Asia for espionage purposes.",https://www.cfr.org/cyber-operations/thrip
Mustang Panda,Espionage,China,United States,attore,2018-06-15,archivio_cfr_2019,This threat actor targets nongovernmental organizations using Mongolian-themed lures for espionage purposes.,https://www.cfr.org/cyber-operations/mustang-panda
Compromise of Mongolian government data center,Espionage,China,Mongolia,attore,2018-06-13,archivio_cfr_2019,A threat actor has compromised a government data center in Mongolia. Kaspersky Lab assesses that the threat actor used its access to compromise websites that they will use in subsequent watering-hole attacks.,https://www.cfr.org/cyber-operations/compromise-of-mongolian-government-data-center
Compromise of a U.S. Navy contractor,Espionage,China,United States,attore,2018-06-08,archivio_cfr_2019,"A threat actor compromises the networks of a contractor for the U.S. Navy, exfiltrating 614 gigabytes of sensitive information, including data related to a new U.S. anti-ship missile and submarine communications systems.",https://www.cfr.org/cyber-operations/compromise-of-a-u-s-navy-contractor
Targeting of South Korean actors prior to meeting of Donald J. Trump and Kim Jong-un,Espionage,"China, Russian Federation",Korea (Republic of),attore,2018-06-05,archivio_cfr_2019,"Two separate threat actors targeted South Korean government organizations prior to the meeting between U.S. President Donald J. Trump and North Korean leader Kim Jong-un, for the purpose of espionage.",https://www.cfr.org/cyber-operations/targeting-of-south-korean-actors-prior-to-meeting-of-donald-j-trump-and-kim-jong-un
Winnti Umbrella,Espionage,China,"China, Hong Kong, Japan, Korea (Republic of), United Kingdom, United States",entrambi,2018-05-03,archivio_cfr_2019,"This threat actor targets software companies and political organizations in the United States, China, Japan, and South Korea. It primarily acts to support cyber operations conducted by other threat actors affiliated with Chinese intelligence services.",https://www.cfr.org/cyber-operations/winnti-umbrella
Operation GhostSecret,Espionage,Korea (Democratic People's Republic of),"Australia, Bangladesh, Brazil, Canada, China, France, Germany, Guatemala, Hong Kong, India, Japan, Thailand, United Kingdom, United States",vittima,2018-04-24,archivio_cfr_2019,"A threat actor targets critical infrastructure and organizations in the entertainment, finance, health-care, education, and telecommunications sectors.",https://www.cfr.org/cyber-operations/operation-ghostsecret
Targeting of Japanese companies,Espionage,China,Japan,attore,2018-04-22,archivio_cfr_2019,This threat actor targets Japanese media and defense companies for espionage purposes.,https://www.cfr.org/cyber-operations/targeting-of-japanese-companies
HenBox,Espionage,China,China,entrambi,2018-03-13,archivio_cfr_2019,"This threat actor targets Uighurs—a minority ethnic group located primarily in northwestern China—and devices from Chinese mobile phone manufacturer Xiaomi, for espionage purposes.",https://www.cfr.org/cyber-operations/henbox
Iron Tiger,Espionage,,"Australia, Canada, China, India, Iran (Islamic Republic of), Israel, Japan, Korea (Republic of), Russian Federation, Taiwan, Thailand, United States",vittima,2018-02-01,archivio_cfr_2019,"This threat actor targets governments as well as technology, education, and telecommunications companies primarily in Asia and the United States, for the purpose of espionage.",https://www.cfr.org/cyber-operations/iron-tiger
Indictment of APT 3 threat actors,Espionage,China,United States,attore,2017-11-27,archivio_cfr_2019,"The U.S. Department of Justice indicted three members of Boyusec, a China-based internet security firm, on charges including conspiring to commit computer fraud and abuse and conspiring to commit trade-secret theft. The victims included Moody’s Analytics, Siemens, and Trimble. Though not mentioned in the indictment, Boyusec is believed to work on behalf of China’s Ministry […]",https://www.cfr.org/cyber-operations/indictment-of-apt-3-threat-actors
JadeRAT,Espionage,China,China,entrambi,2017-10-20,archivio_cfr_2019,"This threat actor, using a tool called JadeRAT, targets the mobile phones of ethnic minorities in China, notably Uighurs, for the purpose of espionage.",https://www.cfr.org/cyber-operations/jaderat
APT 40,Espionage,China,"Hong Kong, Malaysia, The Philippines, United States",attore,2017-10-16,archivio_cfr_2019,"This threat actor targets defense contractors, law firms, engineering firms, shipping companies, and government agencies with responsibilities or business in the maritime industry.",https://www.cfr.org/cyber-operations/apt-40
Tick,Espionage,China,"China, Japan, Korea (Republic of), Russian Federation",entrambi,,da_estrarre_con_llm,"Japan announced a formal link between the threat actor Tick and Chinese intelligence, saying that it was responsible for a series of attacks in Japan. Tick has been active since at least 2008 and has primarily targeted Japan and South Korea. This threat actor targets organizations in the finance, defense, aerospace, technology, health-care, and automotive […]",https://www.cfr.org/cyber-operations/tick
Targeting of Chinese-language news websites,Espionage,China,United States,attore,2017-07-05,archivio_cfr_2019,"A threat actor targeted the China Digital Times, a civil-society and news organization based outside China that publishes English- and Chinese-language content, using phishing techniques with the goal of compromising its network.",https://www.cfr.org/cyber-operations/targeting-of-chinese-language-news-websites
WannaCry,Data destruction,Korea (Democratic People's Republic of),"China, France, Germany, Japan, Russian Federation, Spain, United Kingdom, United States",vittima,2017-06-14,archivio_cfr_2019,"A threat actor used a tool called WannaCry to encrypt data in compromised networks, and intended to provide the victims with the decryption key only after a ransom had been paid. The threat actors used an exploit, called EternalBlue–first discovered by the U.S. National Security Agency–to propagate WannaCry in organizations using the Windows operating system. On December […]",https://www.cfr.org/cyber-operations/wannacry
APT 10,Espionage,China,"Australia, Brazil, Canada, Finland, France, India, Japan, Korea (Republic of), New Zealand, Norway, South Africa, Sweden, Switzerland, Thailand, United Kingdom, United States",attore,2017-04-04,archivio_cfr_2019,Also known as TA410. This threat actor targets managed information technology service providers to access client information for espionage purposes. APT 10 has been active since at least 2009.,https://www.cfr.org/cyber-operations/apt-10
APT 16,Espionage,China,"Japan, Taiwan",attore,2016-12-16,archivio_cfr_2019,"This threat actor targets and compromises Japanese and Taiwanese entities in the finance, tech, media, and government sectors.",https://www.cfr.org/cyber-operations/apt-16
Compromise of gaming companies,Espionage,China,"China, Korea (Republic of), Russian Federation, Taiwan, United States",entrambi,2016-10-18,archivio_cfr_2019,"A threat actor uses a tool called PassCV to target video game companies, stealing digital certificates to use in cyber operations against other targets.",https://www.cfr.org/cyber-operations/compromise-of-gaming-companies
Compromise of entities involved in the China-Philippines territorial dispute,Espionage,China,The Philippines,attore,2016-07-12,archivio_cfr_2019,"A threat actor targeted the Department of Justice of the Philippines, the Asia-Pacific Economic Cooperation (APEC), and a major international law firm representing one of the parties in the dispute over the Scarborough Shoal.",https://www.cfr.org/cyber-operations/compromise-of-entities-involved-in-the-china-philippines-territorial-dispute
Project Sauron,Espionage,United States,"Belgium, China, Iran (Islamic Republic of), Russian Federation, Rwanda, Sweden",vittima,2016-07-08,archivio_cfr_2019,"This threat actor compromises targets in the Military, telecommunications, and financial sectors in Belgium, China, Iran, Russia, Sweden, and elsewhere.",https://www.cfr.org/cyber-operations/project-sauron
Network compromise at the Australian Bureau of Meteorology,Espionage,China,Australia,attore,2015-12-01,archivio_cfr_2019,A threat actor compromised the networks of Australia’s Bureau of Meteorology for espionage purposes.,https://www.cfr.org/cyber-operations/network-compromise-at-the-australian-bureau-of-meteorology
Targeting of the government of Thailand,Espionage,China,Thailand,attore,2015-11-24,archivio_cfr_2019,"A threat actor used a tool called Bookworm to compromise government agencies in Thailand, for the purpose of espionage.",https://www.cfr.org/cyber-operations/targeting-of-the-government-of-thailand
Compromise of the Permanent Court of Arbitration’s website,Espionage,China,,attore,2015-10-16,archivio_cfr_2019,"A threat actor compromised the website of the Permanent Course of Arbitration for espionage purposes, intending to compromise visitors to the website.",https://www.cfr.org/cyber-operations/compromise-of-the-permanent-court-of-arbitrations-website
Emissary Panda,Espionage,China,"France, United Kingdom, United States",attore,2015-08-05,archivio_cfr_2019,"This threat actor compromises web pages to lure targets for espionage purposes. It focuses on the aerospace, automotive, technology, and energy sectors, primarily in the United States and United Kingdom.",https://www.cfr.org/cyber-operations/emissary-panda
Compromise of United Airlines,Espionage,China,United States,attore,2015-07-29,archivio_cfr_2019,"A threat actor compromised the network of United Airlines for espionage purposes, gaining access to flight manifests.",https://www.cfr.org/cyber-operations/compromise-of-united-airlines
APT 3,Espionage,China,"Hong Kong, United Kingdom, United States",attore,2015-06-23,archivio_cfr_2019,"This threat actor targets and compromises entities in the defense, construction, technology, and transportation sectors. Up until 2015, it was primarily focused on U.S. and UK entities, but it shifted to Hong Kong–based targets afterward. The U.S. Department of Justice indicted three members of this threat actor group in November 2017 for compromising the networks of […]",https://www.cfr.org/cyber-operations/apt-3
Goblin Panda,,China,Vietnam,attore,2015-06-01,archivio_cfr_2019,This threat actor targets government agencies and entities in the defense and energy sectors in Southeast Asia with an interest in issues related to tensions in the South China Sea.,https://www.cfr.org/cyber-operations/goblin-panda
Ocean Lotus,Espionage,Vietnam,"Cambodia, China, Germany, Lao People's Democratic Republic, The Philippines, United States, Vietnam",vittima,2015-05-31,archivio_cfr_2019,"This threat actor, known to use watering-hole attacks to compromise victims, targets organizations of interest to the Vietnamese government for espionage purposes. Victims have included human rights organizations, research institutes and maritime construction firms in China, and media organizations. Also believed to have been responsible for disclosing confidential Filipino government documents.",https://www.cfr.org/cyber-operations/ocean-lotus
APT 17,Espionage,China,United States,attore,2015-05-14,archivio_cfr_2019,"This threat actor targets U.S. government entities, the defense industrial base, law firms, information technology companies, resource extraction companies, and nongovernmental organizations. Ethical hacking group Intrusion Truth doxed three members of this threat actor: two hackers plus the head of four Chinese companies who is also believed to be an officer of the Chinese Ministry of […]",https://www.cfr.org/cyber-operations/apt-17
Hellsing,Espionage,China,"India, Indonesia, Malaysia, The Philippines, United States",attore,2015-04-15,archivio_cfr_2019,"This threat actor uses spear-phishing techniques to compromise diplomatic targets in Southeast Asia, India, and the United States. It also seems to have targeted the APT 30.",https://www.cfr.org/cyber-operations/hellsing
APT 30,Espionage,China,"Cambodia, China, India, Indonesia, Korea (Republic of), Malaysia, Myanmar, Saudi Arabia, Singapore, Thailand, United States, Vietnam",entrambi,2015-04-12,archivio_cfr_2019,This threat actor uses spear-phishing techniques to target government and private sector agencies in the South China Sea region.,https://www.cfr.org/cyber-operations/apt-30
Disruption of GitHub,Denial of service,China,United States,attore,2015-03-27,archivio_cfr_2019,"A threat actor launched a denial of service attack against GitHub to prevent access to internet content banned in China, such as the New York Times. The incident was the first in which threat actors, believed to be associated with the government of China, used a tool dubbed the Great Cannon.",https://www.cfr.org/cyber-operations/disruption-of-github
Equation Group,Espionage,United States,"Afghanistan, Algeria, China, India, Iran (Islamic Republic of), Kenya, Lebanon, Libya, Mali, Pakistan, Russian Federation, Syrian Arab Republic, United Arab Emirates, United Kingdom, Yemen",vittima,2015-02-16,archivio_cfr_2019,"In 2015, Moscow-based Kaspersky Lab published a report on the Equation Group, a threat actor active since 2001 [PDF]. It was responsible for infecting approximately five hundred systems in at least forty-two countries. The malware used by Equation Group had the ability to reprogram hard drives and then self-destruct, which made the operations effectively invisible […]",https://www.cfr.org/cyber-operations/equation-group
Compromise of Anthem,Espionage,China,United States,attore,2015-02-06,archivio_cfr_2019,"A threat actor compromised a U.S. health insurance company, resulting in compromised personal data on eighty million customers.",https://www.cfr.org/cyber-operations/compromise-of-anthem
Operation Cleaver,Espionage,Iran (Islamic Republic of),"Canada, China, France, Germany, India, Israel, Korea (Republic of), Kuwait, Mexico, Pakistan, Qatar, Saudi Arabia, Turkey, United Kingdom, United States",vittima,2014-12-02,archivio_cfr_2019,"This threat actor targets governments and private sector entities for espionage and sabotage purposes. It is believed to be responsible for compromising U.S. Navy computers at the Navy Marine Corps Intranet in San Diego, the U.S. energy company Calpine Corporation, Saudi Aramco, Pemex, Qatar Airways, and Korean Air (http://www.reuters.com/article/2014/12/02/us-cybersecurity-iran-idUSKCN0JG18I20141202)",https://www.cfr.org/cyber-operations/operation-cleaver
Compromise of the U.S. National Oceanic and Atmospheric Administration,Espionage,China,,attore,2014-11-12,archivio_cfr_2019,Threat actors accessed weather network data,https://www.cfr.org/cyber-operations/compromise-of-the-u-s-national-oceanic-and-atmospheric-administration
Compromise of the U.S. Postal Service,Espionage,China,United States,attore,2014-11-09,archivio_cfr_2019,A threat actor compromised the networks of the U.S. Postal Service and gained access to employee data.,https://www.cfr.org/cyber-operations/compromise-of-the-u-s-postal-service
Compromise of iCloud in China,Espionage,China,China,entrambi,2014-10-21,archivio_cfr_2019,A threat actor compromised Apple’s iCloud service in China and intercepted user names and passwords of targeted iCloud users.,https://www.cfr.org/cyber-operations/compromise-of-icloud-in-china
Fake Occupy Central apps,Espionage,China,Hong Kong,attore,2014-09-17,archivio_cfr_2019,"Threat actor targeted pro-democracy activists by enticing them to download and install malware-laden Android apps, allowing the threat actors to remotely track and record conversations on compromised phones.",https://www.cfr.org/cyber-operations/fake-occupy-central-apps
Compromise of U.S. Transportation Command Contractors,Espionage,China,United States,attore,2014-09-17,archivio_cfr_2019,"A threat actor successfully compromises the networks of contractors for U.S. Transportation Command (TRANSCOM), a military command assigned with moving U.S. military personnel and assets around the world.",https://www.cfr.org/cyber-operations/compromise-of-u-s-transportation-command-contractors
DragonOK,Espionage,China,"Japan, Russian Federation, Taiwan",attore,2014-09-10,archivio_cfr_2019,"This threat actor targets high-tech and manufacturing companies, primarily from Japan, for the purpose of acquiring trade secrets. In 2017, cybersecurity firms released evidence pointing to the threat actor expanding its targets to Russian and Tibetan interests.",https://www.cfr.org/cyber-operations/dragonok
Moafee,Espionage,China,United States,attore,2014-09-10,archivio_cfr_2019,"This threat actor targets militaries and governments interested in the South China Sea, including the U.S. defense industrial base.",https://www.cfr.org/cyber-operations/moafee
Compromise of Community Health Systems,Espionage,China,United States,attore,2014-09-08,archivio_cfr_2019,"Community Health Systems, a large hospital group in the United States, announced that its computer networks  were compromised, leading to the exfiltration of Social Security numbers and other personal information of approximately 4.5 million people to China.",https://www.cfr.org/cyber-operations/compromise-of-community-health-systems
APT 12,Espionage,China,Japan,attore,2014-09-03,archivio_cfr_2019,"This threat actor targets organizations in Japan, Taiwan, and elsewhere in East Asia—including electronics manufacturers and telecommunications companies—for espionage purposes.",https://www.cfr.org/cyber-operations/apt-12
APT 18,Espionage,China,United States,attore,2014-09-02,archivio_cfr_2019,"This threat actor targets human rights groups, government entities, and companies in the pharmaceutical, medical, industrial, and information technology sectors.",https://www.cfr.org/cyber-operations/apt-18
Machete,Espionage,,"Argentina, Belgium, Brazil, China, Colombia, Cuba, Ecuador, France, Germany, Malaysia, Peru, Russian Federation, Spain, Sweden, United States, Venezuela (Bolivarian Republic of)",vittima,2014-08-20,archivio_cfr_2019,"This threat actor targets military, government entities, and telecommunications providers, primarily in Latin America, for the purpose of espionage.",https://www.cfr.org/cyber-operations/machete
Compromise of U.S. Investigations Services,Espionage,China,United States,attore,2014-08-06,archivio_cfr_2019,The contractor responsible for security clearance at the U.S. Department of Homeland Security had their networks hacked and employee information was compromised.,https://www.cfr.org/cyber-operations/compromise-of-u-s-investigations-services
Crouching Yeti,Espionage,Russian Federation,"China, France, Germany, Greece, Ireland, Italy, Japan, Poland, Russian Federation, Spain, Turkey, Ukraine, United Kingdom, United States",vittima,2014-07-31,archivio_cfr_2019,"Also known as Bromine. This threat actor targets companies in the education, energy, construction, information technology, and pharmaceutical sectors for the purposes of espionage. It uses malware tailored to target industrial control systems.",https://www.cfr.org/cyber-operations/crouching-yeti
Compromise of Canada’s National Research Council,Espionage,China,Canada,attore,2014-07-29,archivio_cfr_2019,A threat actor compromised the networks of Canada’s National Research Council and exfiltrated data for espionage purposes. The government of Canada confirmed that Chinese state-sponsored actors were responsible.,https://www.cfr.org/cyber-operations/compromise-of-canadas-national-research-council
Lotus Blossom,Espionage,China,"Hong Kong, Indonesia, Japan, Malaysia, Taiwan, The Philippines, Vietnam",attore,2014-07-28,archivio_cfr_2019,"This threat actor compromises government and military targets in Hong Kong, Japan, Taiwan, Vietnam, the Philippines, and Indonesia for espionage purposes.",https://www.cfr.org/cyber-operations/lotus-blossom
Compromise of Boeing,Espionage,China,United States,attore,2014-07-12,archivio_cfr_2019,"Su Bin, a Chinese national, pleaded guilty to hacking Boeing and other U.S. defense contractors for the purpose of passing confidential information to the People’s Liberation Army.",https://www.cfr.org/cyber-operations/compromise-of-boeing
Putter Panda,Espionage,China,United States,attore,2014-06-10,archivio_cfr_2019,"This threat actor targets firms in the technology (communications, space, aerospace), research, defense, and government sectors in the United States for espionage purposes. The tools and infrastructure it uses overlap with PLA Unit 61398.",https://www.cfr.org/cyber-operations/putter-panda
Indictment of PLA officers,Espionage,China,United States,attore,2014-05-19,archivio_cfr_2019,"In May 2014, the U.S. Department of Justice indicted five members of the People’s Liberation Army (PLA) Unit 61398, a Chinese army unit dedicated to cyber espionage. According to the Department of Justice, Unit 61398 compromised U.S. corporate networks for trade information potentially useful to Chinese state-owned enterprises. The PLA indictments were the most direct […]",https://www.cfr.org/cyber-operations/indictment-of-pla-officers
admin@338,Espionage,China,"Hong Kong, United States",attore,2013-10-31,archivio_cfr_2019,"This threat actor targets prodemocratic activists and organizations in Hong Kong, European and international financial institutions, and a U.S.-based think tank.",https://www.cfr.org/cyber-operations/admin338
Compromise of Australian government agencies,Espionage,China,Australia,attore,2013-05-27,archivio_cfr_2019,Threat actors compromised various Australian government ministries for the purposes of espionage. Threat actors allegedly infiltrated blueprints of the Australian Security Intelligence Organization’s new headquarters.,https://www.cfr.org/cyber-operations/compromise-of-australian-government-agencies
Anchor Panda,Espionage,China,"Australia, Germany, Sweden, United Kingdom, United States",attore,2013-03-22,archivio_cfr_2019,This threat actor targets government and private sector entities interested in maritime issues in the South China Sea for espionage purposes,https://www.cfr.org/cyber-operations/anchor-panda
Compromise of the Indian Defense Research and Development Organization,Espionage,China,India,attore,2013-03-13,archivio_cfr_2019,A threat actor compromised India’s Defense Research and Development Organization for espionage purposes.,https://www.cfr.org/cyber-operations/compromise-of-the-indian-defense-research-and-development-organization
Compromise of EADS and ThyssenKrupp,Espionage,China,Germany,attore,2013-02-25,archivio_cfr_2019,"Threat actors compromised the networks of European Aeronautic Defense and Space Company (EADS) and ThyssenKrupp, defense contractors with offices in Germany.",https://www.cfr.org/cyber-operations/compromise-of-eads-and-thyssenkrupp
PLA Unit 61398,Espionage,China,"Belgium, Canada, France, India, Israel, Japan, Luxembourg, Norway, Singapore, South Africa, Switzerland, Taiwan, United Arab Emirates, United Kingdom, United States",attore,2013-02-19,archivio_cfr_2019,"U.S. cybersecurity firm Mandiant, later purchased by FireEye, released a report in February 2013 that exposed one of China’s cyber espionage units, Unit 61398. The group, which FireEye called APT 1, is a unit within China’s People’s Liberation Army (PLA) that has been linked to a wide range of cyber operations targeting U.S. private sector […]",https://www.cfr.org/cyber-operations/pla-unit-61398
Compromise of Coca-Cola,Espionage,China,United States,attore,2012-11-04,archivio_cfr_2019,A threat actor compromised Coca-Cola’s network coinciding with the company’s attempted acquisition of China Huiyuan Juice Group.,https://www.cfr.org/cyber-operations/compromise-of-coca-cola
SabPub,Espionage,China,"France, India, Spain, United Kingdom, United States",attore,2012-04-16,archivio_cfr_2019,"Malware, believed to be linked to Lucky Cat, that facilitates cyber espionage on activists through spear phishing",https://www.cfr.org/cyber-operations/sabpub
Lucky Cat,Espionage,China,"India, Japan",attore,2012-03-30,archivio_cfr_2019,"A threat actor targets computer networks associated with Tibetan activists, as well as military research and development, aerospace, engineering, and shipping industries in India and Japan.",https://www.cfr.org/cyber-operations/lucky-cat
Compromise of Nortel,Espionage,China,Canada,attore,2012-02-14,archivio_cfr_2019,"Threat actors compromised the networks of Nortel, a now-defunct telecommunications equipment provider, over an extended period of time for the purposes of espionage.",https://www.cfr.org/cyber-operations/compromise-of-nortel
Compromise of the U.S. Chamber of Commerce,Espionage,China,United States,attore,2011-12-21,archivio_cfr_2019,Threat actors compromised the computer networks of the U.S. Chamber of Commerce,https://www.cfr.org/cyber-operations/compromise-of-the-u-s-chamber-of-commerce
Interference with NASA satellite Landsat 7,Espionage,China,United States,attore,2011-11-09,archivio_cfr_2019,Recurring interference with a joint NASA-U.S. Geological Survey satellite in 2007 and 2008,https://www.cfr.org/cyber-operations/interference-with-nasa-satellite-landsat-7
Interference with NASA satellite Terra (EOS AM-1),Espionage,China,United States,attore,2011-11-09,archivio_cfr_2019,Recurring interference with a NASA observation satellite,https://www.cfr.org/cyber-operations/interference-with-nasa-satellite-terra-eos-am-1
Nitro attacks,Espionage,China,"Argentina, Bangladesh, China, Czech Republic, Finland, France, Germany, Hong Kong, India, Korea (Republic of), Netherlands, Singapore, Taiwan, United Kingdom, United States",entrambi,2011-10-31,archivio_cfr_2019,A threat actor targeted defense contractors and private companies involved in research and manufacture of chemicals.,https://www.cfr.org/cyber-operations/nitro-attacks
Compromise of a Taiwanese political party,Espionage,China,Taiwan,attore,2011-08-09,archivio_cfr_2019,A threat actor compromised the computer network of the Democratic Progressive Party (a political party in Taiwan) and exfiltrated data.,https://www.cfr.org/cyber-operations/compromise-of-a-taiwanese-political-party
Shady RAT,Espionage,China,"Canada, Germany, Hong Kong, India, Indonesia, Japan, Korea (Republic of), Singapore, Switzerland, Taiwan, United Kingdom, United States, Vietnam",attore,2011-08-03,archivio_cfr_2019,"A threat actor targeted government entities (primarily in the United States), defense contractors, think tanks, and companies in the advanced information technology and aerospace industries for espionage purposes using a tool called Shady RAT.",https://www.cfr.org/cyber-operations/shady-rat
Compromise of Oak Ridge National Laboratory,Espionage,China,United States,attore,2011-04-19,archivio_cfr_2019,A compromise at the computer network of Oak Ridge National Laboratory led to the exfiltration of approximately one gigabyte of data and the shutdown of the network.,https://www.cfr.org/cyber-operations/compromise-of-oak-ridge-national-laboratory
Shadow Network,Espionage,China,India,attore,2010-04-06,archivio_cfr_2019,"A cyber threat actor that compromised government, business, academic, and other computer network systems, such as the Office of His Holiness the Dalai Lama and the United Nations, for espionage purposes.",https://www.cfr.org/cyber-operations/shadow-network
APT 5,Espionage,China,,attore,,da_estrarre_con_llm,"This threat actor targets telecommunications and technology companies, particularly regional telecommunication providers, high-tech manufacturers, firms specializing in technology with military applications, and Asia-based employees of global tech firms. Believed to have been active since at least 2007, this large threat group consists of several subgroups with distinct tactics and infrastructure.",https://www.cfr.org/cyber-operations/apt-5
Compromise of German government networks,Espionage,China,Germany,attore,2007-08-27,archivio_cfr_2019,"Threat actors compromised computers in the chancellery and in the foreign, economic, and research ministries.",https://www.cfr.org/cyber-operations/compromise-of-german-government-networks
Secretary of defense email incident,Espionage,China,United States,attore,2007-06-22,archivio_cfr_2019,"A DDoS and defacement attack targeted Estonian government websites, news outlets, and financial institutions.",https://www.cfr.org/cyber-operations/secretary-of-defense-email-incident
Compromise of National Defense University,Espionage,China,United States,attore,2007-01-12,archivio_cfr_2019,"During routine maintenance, the National Defense University discovered malware that gave threat actors persistent access to its network.",https://www.cfr.org/cyber-operations/compromise-of-national-defense-university
Compromise at U.S. Naval War College,Espionage,China,United States,attore,2006-12-04,archivio_cfr_2019,This undefined cyber incident at the U.S. Naval War College led the college to shut down its internal- and external-facing computer networks.,https://www.cfr.org/cyber-operations/compromise-at-u-s-naval-war-college
Compromise of the Pentagon’s NIPRNet,Espionage,China,United States,attore,2006-08-17,archivio_cfr_2019,Threat actors accessed unclassified information and email and probed the Pentagon network.,https://www.cfr.org/cyber-operations/compromise-of-the-pentagons-niprnet
Compromise at the State Department,Espionage,China,United States,attore,2006-07-11,archivio_cfr_2019,Threat actors exfiltrated sensitive but unclassified information.,https://www.cfr.org/cyber-operations/compromise-at-the-state-department
Titan Rain,Espionage,China,"United Kingdom, United States",attore,2005-08-25,archivio_cfr_2019,"Titan Rain was a string of cyber operations that compromised a number of agencies within the U.S. and UK government. Chinese state-sponsored actors are suspected of breaching the unclassified networks of the U.S. Departments of State, Homeland Security, and Energy, and UK defense and foreign ministries. Although the attacks were first publicly revealed in 2005, […]",https://www.cfr.org/cyber-operations/titan-rain
